"슬라이드","화면 RF","화면명","현재 판정","관련 코드/테스트 (전체 요구의 증명 아님)","미완료/추가 검수","원문 Description"
"1","","Me9 Market Project","목차/개정/구분 페이지","","구현 완료율 분모에서 제외. 개정 이력은 해당 RF와 함께 해석.",""
"2","","개정이력","목차/개정/구분 페이지","","구현 완료율 분모에서 제외. 개정 이력은 해당 RF와 함께 해석.",""
"3","","버전","목차/개정/구분 페이지","","구현 완료율 분모에서 제외. 개정 이력은 해당 RF와 함께 해석.",""
"4","","● 개정이력","목차/개정/구분 페이지","","구현 완료율 분모에서 제외. 개정 이력은 해당 RF와 함께 해석.",""
"5","","홈페이지","목차/개정/구분 페이지","","구현 완료율 분모에서 제외. 개정 이력은 해당 RF와 함께 해석.",""
"6","","●  메인","목차/개정/구분 페이지","","구현 완료율 분모에서 제외. 개정 이력은 해당 RF와 함께 해석.",""
"7","RF-01-01","메인 영역별 내용","부분 구현/회귀검증","resources/views/front/index.blade.php;tests/Feature/OperationalHardeningTest.php","빈 메인을 입장코드/주문조회/관리자/실 공지 화면으로 연결. 3개 폭 검수. 원문 브랜드 전환 연출은 승인 콘텐츠 미확정으로 동일 디자인 인수 아님.","화면간의 전환시 액션요청
마우스 스크롤 다운으로 화면이 아래로 내려가는 형태는 맞으나 스크롤이 내려가면서 긴 화면이 내려가는 것이 아닌 한 화면에서 전환되는 효과를 요청합니다.
예시 사이트https://www.setaprint.ch/en
https://www.piocomm.com
1
헤더 영역
영역내에 요청 컨텐츠
1) 회사로고
2) 대메뉴
3) 회원영역
2
이미지 비쥬얼 영역
: 대표이미지와 문자정보가 움직이는 영역영역내에 요청 컨텐츠1) 회사를 대표할 이미지
2) 회사를 대표할 내용
3
회사 소개 영역
: 회사 아이덴티티를 소개하는 영역
영역내에 요청사항내용을 기준으로 한 디자인요청
4
Me9 이용방법 설명영역: 마이페이지 및 샵채널 생성방법을 소개하는 영역영역내에 요청사항애니메이션 효과로 요청
5
공지사항 및 회사정보
: 공지사항 영역과 하단정보영역
영역내에 요청사항
공지사항 추출영역과 회사정보노출 영역
1
2
3
4
5"
"8","","●  서비스안내","목차/개정/구분 페이지","","구현 완료율 분모에서 제외. 개정 이력은 해당 RF와 함께 해석.",""
"9","RF-01-02","서비스안내 - 소개페이지 화면","개별 인수 미검수","","라우트/파일 존재나 공통 테스트 통과만으로 본 항목을 합격 처리하지 않음. 모든 상세 요구를 개별 검증해야 함.","자료를 기반으로 디자인 요청
Contents"
"10","","●  주요기능","목차/개정/구분 페이지","","구현 완료율 분모에서 제외. 개정 이력은 해당 RF와 함께 해석.",""
"11","RF-01-03","주요기능 - 소개페이지 화면","개별 인수 미검수","","라우트/파일 존재나 공통 테스트 통과만으로 본 항목을 합격 처리하지 않음. 모든 상세 요구를 개별 검증해야 함.","자료를 기반으로 디자인 요청"
"12","","●  가입안내","목차/개정/구분 페이지","","구현 완료율 분모에서 제외. 개정 이력은 해당 RF와 함께 해석.",""
"13","RF-01-04","가입안내 - 소개페이지 화면","개별 인수 미검수","","라우트/파일 존재나 공통 테스트 통과만으로 본 항목을 합격 처리하지 않음. 모든 상세 요구를 개별 검증해야 함.","자료를 기반으로 디자인 요청"
"14","","●  고객센터","목차/개정/구분 페이지","","구현 완료율 분모에서 제외. 개정 이력은 해당 RF와 함께 해석.",""
"15","RF-01-05-01","공지사항 - 목록 페이지","부분검증 (개별 인수 미완료)","tests/Feature/CustomerCenterIntegrationTest.php","공지/FAQ/문의의 주요 CRUD와 소유권 테스트. 모든 필드/첨부/검색 조합 인수검수는 미완료.","관리자가 등록한 공지사항들을 표시하는 화면
1
탭 버튼
자주 묻는 질문 -> RF-01-05-03
제휴/문의 -> RF-01-05-04
2
공지사항 목록
재목 클릭 시 공지사항 상세 페이지 RF-01-05-02로 이동한다.
1
2"
"16","RF-01-05-02","공지사항 - 보기 페이지","부분검증 (개별 인수 미완료)","tests/Feature/CustomerCenterIntegrationTest.php","공지/FAQ/문의의 주요 CRUD와 소유권 테스트. 모든 필드/첨부/검색 조합 인수검수는 미완료.","공지사항 상세 내용을 표시하는 화면
1
첨부파일 다운로드
2
다음 글 또는 이전 글로 이동할 수 있으며, 해당 글이 없는 경우에는 표시되지 않는다.
1
2"
"17","RF-01-05-03","자주묻는질문 - 목록 페이지","부분검증 (개별 인수 미완료)","tests/Feature/CustomerCenterIntegrationTest.php","공지/FAQ/문의의 주요 CRUD와 소유권 테스트. 모든 필드/첨부/검색 조합 인수검수는 미완료.","관리자가 등록한 자주 묻는 질문들을 표시하는 화면
1
목록의 제목 클릭 시 상세내용 표시되는 아코디언 형태
2
상세내용"
"18","RF-01-05-04","제휴/문의 입력페이지","부분검증 (개별 인수 미완료)","tests/Feature/CustomerCenterIntegrationTest.php","공지/FAQ/문의의 주요 CRUD와 소유권 테스트. 모든 필드/첨부/검색 조합 인수검수는 미완료.","제휴 또는 문의 내용을 작성하여 보내는 화면
1
자동화된 스팸 등록이나 비정상적인 접근을 방지 하기 위해CAPTCHA 인증을 사용한다.
2
버튼 클릭 시 상세내용 표시되는 아코디언 형태
1
2"
"19","","●  주문조회","목차/개정/구분 페이지","","구현 완료율 분모에서 제외. 개정 이력은 해당 RF와 함께 해석.",""
"20","RF-01-06-01","주문조회 입력페이지","부분검증 (개별 인수 미완료)","tests/Feature/ShopRuntimeTest.php;tests/Feature/MypageTest.php","비회원 주문 확인, 소유권, 수동 회수정보 검증. 팝업 모든 상태의 개별 인수 미완료.","비회원으로 주문한 고객이 주문에 대한 상세 내용을 확인하기 위해 정보를 입력하는 화면
1
주문코드
2
주문자 연락처
1
2"
"21","RF-01-06-02","주문 상세 페이지","부분검증 (개별 인수 미완료)","tests/Feature/ShopRuntimeTest.php;tests/Feature/MypageTest.php","비회원 주문 확인, 소유권, 수동 회수정보 검증. 팝업 모든 상태의 개별 인수 미완료.","주문에 관한 상세 정보가 표시되는 화면
1
구매, 취소, 반품, 교환이 완료 된 경우 완료일을 표시한다.
2
취소 신청 버튼
RF-01-06-02-1 참고
3
반품 신청 버튼
RF-01-06-02-2 참고
4
교환 신청 버튼
RF-01-06-02-3 참고
5
구매 확정 버튼
RF-01-06-02-4 참고
6
판매자 문의하기 버튼
RF-01-06-02-5 참고
Image
Image
Image
Image
상품명 111111
옵션 2  /  1개
상품명 111111
옵션 2  /  1개
상품명 111111
옵션 2  /  1개
상품명 111111
옵션 2  /  1개
취소신청
취소신청
반품신청
구매확정
반품신청
교환신청
1
2
3
4
5
6"
"22","RF-01-06-02-1","주문 상세 페이지 > 취소 신청","부분검증 (개별 인수 미완료)","tests/Feature/ShopRuntimeTest.php;tests/Feature/MypageTest.php","비회원 주문 확인, 소유권, 수동 회수정보 검증. 팝업 모든 상태의 개별 인수 미완료.","결제 완료, 배송 준비중의 상태일 때 취소 신청을 하는 과정
1
버튼 클릭 시 취소신청하기 화면 생성
2
주문 취소를 신청할 수 있는 화면
3
취소사유가 기타일 경우 사유를 입력할 수 있는 입력 영역이 표시된다.
Image
Image
Image
Image
상품명 111111
옵션 2  /  1개
상품명 111111
옵션 2  /  1개
상품명 111111
옵션 2  /  1개
상품명 111111
옵션 2  /  1개
취소신청
취소신청
반품신청
구매확정
반품신청
교환신청
○ 취소신청하기
취소신청
창닫기
주문상품
Image
상품명 111111
옵션 1  /  2개
취소사유
단순변심                                                                          ▼
○ 취소신청하기
취소신청
창닫기
기타내용
주문상품
Image
상품명 111111
옵션 1  /  2개
기타 내용을 입력해 주세요
취소사유
기타                                                                               ▼
1
2
3"
"23","RF-01-06-02-2","주문 상세 페이지 > 반품 신청","부분검증 (개별 인수 미완료)","tests/Feature/ShopRuntimeTest.php;tests/Feature/MypageTest.php","비회원 주문 확인, 소유권, 수동 회수정보 검증. 팝업 모든 상태의 개별 인수 미완료.","배송중, 배송 완료 상태일 때 반품 신청을 하는 과정
1
버튼 클릭 시 반품 신청하기 화면 생성
2
상품 회수 방법 중 자동 회수를 선택할 경우 자동 회수 방법에 대한 문구가 표시된다.
수동 회수를 선택할 경우 수동 회수에 필요한 주소 정보가 표시된다.
3
반품 사유가 기타일 경우 사유를 입력할 수 있는 입력 영역이 표시된다.
Image
Image
Image
Image
상품명 111111
옵션 2  /  1개
상품명 111111
옵션 2  /  1개
상품명 111111
옵션 2  /  1개
상품명 111111
옵션 2  /  1개
취소신청
취소신청
반품신청
구매확정
반품신청
교환신청
○ 반품신청하기
반품신청
창닫기
주문상품
Image
상품명 111111
옵션 1  /  2개
반품사유
단순변심                                                                          ▼
상품회수방법
● 자동회수       ○ 수동회수
※ 반품이라고 표기해서 문 앞에 두시면 “한진택배”에서 회수합니다.
물품에 문제가 없을 경우 택배비가 발생합니다.
○ 반품신청하기
반품신청
창닫기
주문상품
Image
상품명 111111
옵션 1  /  2개
반품사유
단순변심                                                                          ▼
상품회수방법
○ 자동회수       ● 수동회수
상품회수주소
20202
서울시 마포구 공덕동 2003
○ 반품신청하기
반품신청
창닫기
주문상품
Image
상품명 111111
옵션 1  /  2개
반품사유
기타                                                                               ▼
상품회수방법
○ 자동회수       ● 수동회수
상품회수주소
20202
서울시 마포구 공덕동 2003
기타내용
기타 내용을 입력해 주세요
1
2
3"
"24","RF-01-06-02-3","주문 상세 페이지 > 교환 신청","부분검증 (개별 인수 미완료)","tests/Feature/ShopRuntimeTest.php;tests/Feature/MypageTest.php","비회원 주문 확인, 소유권, 수동 회수정보 검증. 팝업 모든 상태의 개별 인수 미완료.","배송 완료 상태일 때 교환 신청을 하는 과정
1
버튼 클릭 시 교환 신청 하기 화면 생성
2
상품 회수 방법 중 자동 교환을 선택할 경우 자동 교환 방법에 대한 문구가 표시된다.
수동 반품을 선택할 경우 수동 반품에 필요한 주소 정보가 표시된다.
3
교환 사유가 기타일 경우 사유를 입력할 수 있는 입력 영역이 표시된다.
Image
Image
Image
Image
상품명 111111
옵션 2  /  1개
상품명 111111
옵션 2  /  1개
상품명 111111
옵션 2  /  1개
상품명 111111
옵션 2  /  1개
취소신청
취소신청
반품신청
구매확정
반품신청
교환신청
○ 교환신청하기
교환신청
창닫기
주문상품
Image
상품명 111111
옵션 1  /  2개
교환사유
다른 상품이 배송되었습니다                                                 ▼
상품회수방법
● 자동회수       ○ 수동회수
※ 교환이라고 표기해서 문 앞에 두시면 “한진택배”에서 회수합니다.
물품에 문제가 없을 경우 택배비가 발생합니다.
○ 교환신청하기
교환신청
창닫기
주문상품
Image
상품명 111111
옵션 1  /  2개
교환사유
다른 상품이 배송되었습니다                                                ▼
상품회수방법
○ 자동회수       ● 수동회수
상품회수주소
20202
서울시 마포구 공덕동 2003
○ 교환신청하기
교환신청
창닫기
주문상품
Image
상품명 111111
옵션 1  /  2개
교환사유
기타                                                                               ▼
상품회수방법
○ 자동회수       ● 수동회수
상품회수주소
20202
서울시 마포구 공덕동 2003
기타내용
기타 내용을 입력해 주세요
1
2
3
4"
"25","RF-01-06-02-4","주문 상세 페이지 > 구매 확정","부분검증 (개별 인수 미완료)","tests/Feature/ShopRuntimeTest.php;tests/Feature/MypageTest.php","비회원 주문 확인, 소유권, 수동 회수정보 검증. 팝업 모든 상태의 개별 인수 미완료.","배송 완료 상태일 때 구매 확정을 하는 과정
1
구매 확정하기 화면 생성
2
별점은 마우스를 올리면 반개 단위로 미리보기 형태로 채워지고, 클릭 시 해당 별까지 선택되어 평점이 설정된다,
3
클릭 시 구매 확정 상태로 변경된다.
Image
Image
Image
Image
상품명 111111
옵션 2  /  1개
상품명 111111
옵션 2  /  1개
상품명 111111
옵션 2  /  1개
상품명 111111
옵션 2  /  1개
취소신청
취소신청
반품신청
구매확정
반품신청
교환신청
○ 구매확정하기
구매확정하기
창닫기
별점주기
주문상품
Image
상품명 111111
옵션 1  /  2개
☆☆☆★★
이 상품을 구매하겠습니다.
1
2
3"
"26","RF-01-06-02-5","주문 상세 페이지 > 판매자 문의하기","부분검증 (개별 인수 미완료)","tests/Feature/ShopRuntimeTest.php;tests/Feature/MypageTest.php","비회원 주문 확인, 소유권, 수동 회수정보 검증. 팝업 모든 상태의 개별 인수 미완료.","판매자에게 상품에 관한 내용을 문의하는 과정
1
버튼 클릭 시 상품 문의하기 화면 생성
2
판매자에게 상품에 관하여 문의 할 수 있는 화면
Image
Image
Image
Image
상품명 111111
옵션 2  /  1개
상품명 111111
옵션 2  /  1개
상품명 111111
옵션 2  /  1개
상품명 111111
옵션 2  /  1개
취소신청
취소신청
반품신청
구매확정
반품신청
교환신청
IMG
대분류 > 중분류 > 소분류
상품명 111111
○ 상품 문의하기
질문 제목
질문 내용
■ 문의내용
문의하기
창닫기
질문 제목입니다
내용입니다
판매자에게 상품, 배송, 취소, 교환, 반품 등 궁금한 내용을 문의하세요.
1
2"
"27","","●  회원영역","목차/개정/구분 페이지","","구현 완료율 분모에서 제외. 개정 이력은 해당 RF와 함께 해석.",""
"28","RF-01-07-01","로그인 페이지","부분검증 (개별 인수 미완료)","tests/Feature/MypageTest.php;tests/Feature/Auth","주요 회원/배송지/주문 동작 테스트. 본인인증/소셜 제외. 전체 필드와 레이어별 인수는 미완료.","일반 회원, 간편 회원 로그인 화면
1
일반 회원의
아이디 / 패스워드 영역
2
회원가입 버튼
3
간편회원 로그인
로그인 정보가 없는 경우
간편로그인이 진행되면서 간편회원가입으로 진행된다.
-> RF-01-07-02 로 이동하여 추가정보와 가입동의를 진행
4
각 Shop채널에서 구입한 주문을 확인할 수 있다.클릭 시 RF-01-06-01 으로 이동
1
2
3
4"
"29","RF-01-07-02","간편 회원 약관 동의 페이지","자료 대기/부분검증","config/shop_channel.php;tests/Feature/ShopChannelAccessTest.php","최종 이용약관/개인정보/제3자 제공 동의 원문, 버전, 시행일이 제공되지 않음. 소셜 외부연동 제외.","간편 회원 회원가입 후 약관 동의를 받는 화면
1
필수 약관을 체크하지 않을 경우 가입 불가
1"
"30","RF-01-07-03","회원가입화면","부분검증 (개별 인수 미완료)","tests/Feature/MypageTest.php;tests/Feature/Auth","주요 회원/배송지/주문 동작 테스트. 본인인증/소셜 제외. 전체 필드와 레이어별 인수는 미완료.","일반 회원의 회원 가입 화면
1
간단한 정보입력
이메일을 받는 이유는 아이디&패스워드 찾기에 필요한 정보이기 때문
2
아이디 중복확인"
"31","RF-01-07-04","회원가입 후 추가적인 정보를 입력 받을 수 있는 화면 Step 1","부분검증 (개별 인수 미완료)","tests/Feature/MypageTest.php;tests/Feature/Auth","주요 회원/배송지/주문 동작 테스트. 본인인증/소셜 제외. 전체 필드와 레이어별 인수는 미완료.","회원 가입 후 회원의 기본정보를 입력하는 화면
1
비밀번호 변경 화면 생성
RF-01-07-04-1 참고
2
본인인증
3
다음 우편번호 찾기 서비스(대체 가능)
4
필수 약관을 체크하지 않을 경우 저장 및 Step2 회원사 등록으로 넘어갈 수 없다.
5
버튼 클릭 시 상세내용 표시되는 아코디언 형태
1
2
3
4
5"
"32","RF-01-07-04-1","기본정보","부분검증 (개별 인수 미완료)","tests/Feature/MypageTest.php;tests/Feature/Auth","주요 회원/배송지/주문 동작 테스트. 본인인증/소셜 제외. 전체 필드와 레이어별 인수는 미완료.","1
비밀번호 변경 버튼
현재 비밀번호와 새로운 비밀번호가 같은 경우 비밀번호가 변경되지 않는다.
새로운 비밀번호와 비밀번호 확인이 같지 않은 경우 비밀번호가 변경되지 않는다.
○ 비밀번호 변경
변경하기
창닫기
현재 비밀번호
새로운 비밀번호
비밀번호 확인
1
동의하기
창닫기"
"33","RF-01-07-05","회원가입 후 추가적인 정보를 입력 받을 수 있는 화면 Step 2","부분검증 (개별 인수 미완료)","tests/Feature/MypageTest.php;tests/Feature/Auth","주요 회원/배송지/주문 동작 테스트. 본인인증/소셜 제외. 전체 필드와 레이어별 인수는 미완료.","회원 가입 후 회원사 권한을 위해 정보를 입력하는 화면
1
회원사 정보를 입력해야 권한을 부여한다.
2
파일 찾기
1
2"
"34","RF-01-07-06","회원가입 후 추가적인 정보를 입력 받을 수 있는 화면 Step 3","부분검증 (개별 인수 미완료)","tests/Feature/MypageTest.php;tests/Feature/Auth","주요 회원/배송지/주문 동작 테스트. 본인인증/소셜 제외. 전체 필드와 레이어별 인수는 미완료.","회원 가입 후 판매자 권한을 위해 정보를 입력 후 인증을 요청하는 화면
1
파일 찾기
2
파일 찾기
3
판매 권한 인증 요청 버튼
1
2
3"
"35","RF-01-07-07","아이디 & 비밀번호 찾기 폼","부분검증 (개별 인수 미완료)","tests/Feature/MypageTest.php;tests/Feature/Auth","주요 회원/배송지/주문 동작 테스트. 본인인증/소셜 제외. 전체 필드와 레이어별 인수는 미완료.","아이디, 비밀번호 찾기 화면
1
정보가 맞으면 하단으로 아이디가 표시
2
정보가 맞지않으면 하단으로 “일치하는 정보가 없습니다” 의 메시지가 표시
3
비밀번호의 정보가 맞으면 비밀번호를 발송했다는 alert 이 뜨며 대표이메일로 변경한 비밀번호를 발송.-> RF-01-07-08 의 메일폼이 발송
3"
"36","RF-01-07-08","새 비밀번호 메일폼","부분검증 (개별 인수 미완료)","tests/Feature/MypageTest.php;tests/Feature/Auth","주요 회원/배송지/주문 동작 테스트. 본인인증/소셜 제외. 전체 필드와 레이어별 인수는 미완료.","메일로 전달 되는 임시비밀번호 화면
1
임시 비밀번호가 발급
2
새창으로 미구마켓 로그인 화면으로 이동
1
2"
"37","RF-01-07-09","마이페이지- 대시보드 화면","부분검증 (개별 인수 미완료)","tests/Feature/MypageTest.php;tests/Feature/Auth","주요 회원/배송지/주문 동작 테스트. 본인인증/소셜 제외. 전체 필드와 레이어별 인수는 미완료.","마이 페이지 메인 화면
1
주 메뉴
2
메뉴: 2단계 메뉴
3
홈페이지 메뉴
: 홈페이지로 바로가는 메뉴
4
서브관리 채널목록
: 서브관리자로 관리할 수 있는 채널목록
5
바로가기 메뉴
: 자주사용하는 메뉴는 별도 관리
6
주문단계당 주문건수
7
회원정보 보기 영역
: 이름 / 성별 / 연락처 / 이메일 / 채널관리자 주소
8
문의사항 리스트
9
주문목록
10
방문한 채널리스트
11
하단 회사정보
12
채널 관리자 화면 생성
RF-02-02-01 참고
11
4
6
7
8
9
10
12"
"38","RF-01-07-10","마이페이지 - 회원정보수정","부분검증 (개별 인수 미완료)","tests/Feature/MypageTest.php;tests/Feature/Auth","주요 회원/배송지/주문 동작 테스트. 본인인증/소셜 제외. 전체 필드와 레이어별 인수는 미완료.","회원 정보를 수정 하는 화면
1
기본 회원가입시 등록되는 정보
2
회원사 명과 사업자구분만 입력하면 채널관리자로 로그인 할 수 있는 권한을 획득한다.
다만, 자사상품을 등록할 수 없다.
3
판매자 인증이 처리되면 채널관리자에서 자사상품을 등록할 수 있고, 자사의 PG사를 이용할 수 있다. 자사 PG사 이용시 화면은 RF-02-03-01 에 표시되어 있다.단, 자사의 PG사를 이용하는 경우에는 구매자에게 WLRMQGKSMS 포인트 기능을 이용할 수 없으며, 방문시 포인트 지급기능도 사용할 수 없다.
4
등급에 따라 내용이 닫혀있다.
기본정보 : 일반회원일 경우 열림
판매회원 1단계 : 1단계 회원일 경우 열림
( 판매회원 2단계 포함 )
5
판매회원 인증되기전 권한 정보 영역
6-1
판매회원 인증 후의 권한 정보 영역판매회원으로 인증될 때는 자사물건을 판매할 수 있으며, 자사의 PG사를 사용할 수 있다.
6-2
자사의 PG는 3군데를 이용할 수 있으며, 1. KG 이니시스
2. NHN KCP
3. 토츠페이먼츠
을 선택할 수 있다.
선택에 따라 각 결제모듈에서 필요한 정보를 입력해야 한다.
7
비밀번호 변경 화면 생성
RF-01-07-10-1 참고
8
버튼 클릭 시 상세내용 표시되는 아코디언 형태
9
필수 약관에 경우 동의 여부를 수정할 수 없지만, 선택 약관에 경우 동의 여부를 수정할 수 있다.
은행선택  ▼
계좌번호 (‘-’없이 숫자만 입력)
예금주
찾아보기
입력한 계좌번호와 동일한 통장첨부
■ 약관동의
이용약관 동의 (필수)
개인정보 수집 및 이용에 관한 안내 (필수)
전문보기
전문보기
제3자 정보제공 동의 (필수)
마케팅활용동의 (선택)
알림정보수신동의 (선택)
전문보기
전문보기
전문보기
상품 판매시 약관 동의 (필수)
전문보기
판매권한 약관 동의 (필수)
전문보기
회원사 권한 약관
판매 권한 약관
회원 권한 약관
7
8
9
회원사 판매권한 정보 ( M9 Market 의 Shop 채널에서 자사물건을 판매하기 위해서는 판매인증이 필요합니다. )
판매인증
인증완료  ( 인증완료일 : 2024-01-01 )
사업자등록증
사업자등록번호 / 000-01-00000
사업자 명의 계좌번호 (정산용)
국민은행 / 000000000-02-000000 / 통장주  /
자사 PG 모듈 사용여부
● 미사용   ○ 사용
통장사본 내려받기
6-1
회원사 판매권한 정보 ( M9 Market 의 Shop 채널에서 자사물건을 판매하기 위해서는 판매인증이 필요합니다. )
판매인증
인증완료  ( 인증완료일 : 2024-01-01 )
사업자등록증
사업자등록번호 / 000-01-00000
사업자 명의 계좌번호 (정산용)
국민은행 / 000000000-02-000000 / 통장주  /
자사 PG 모듈 사용여부
○ 미사용   ● 사용
자사 PG 모듈
- 상점 ID
- 사이트코드
- Client Key
- Secret Key
통장사본 내려받기
6-2
KG 이니시스                                                        ▼
( 결제로직은 연동은 가능하나, 해당 판매자의 각 회사 PG사의 계약관계로인한 PG사 계약파기 또는 미결제 상황까지는 책임을 지지 아니합니다.  )"
"39","RF-01-07-10-1","마이페이지 - 회원정보수정 > 비밀번호 변경","부분검증 (개별 인수 미완료)","tests/Feature/MypageTest.php;tests/Feature/Auth","주요 회원/배송지/주문 동작 테스트. 본인인증/소셜 제외. 전체 필드와 레이어별 인수는 미완료.","비밀번호 변경 과정
1
비밀번호 변경 버튼
현재 비밀번호와 새로운 비밀번호가 같은 경우 비밀번호가 변경되지 않는다.
새로운 비밀번호와 비밀번호 확인이 같지 않은 경우 비밀번호가 변경되지 않는다.
○ 비밀번호 변경
변경하기
창닫기
현재 비밀번호
새로운 비밀번호
비밀번호 확인
1
창닫기"
"40","RF-01-07-11","정보 관리 - 배송지 설정","부분검증 (개별 인수 미완료)","tests/Feature/MypageTest.php;tests/Feature/Auth","주요 회원/배송지/주문 동작 테스트. 본인인증/소셜 제외. 전체 필드와 레이어별 인수는 미완료.","배송지 정보를 추가, 수정 하는 화면
1
기본 배송지 데이터를 수정하는 버튼
2
추가 배송지 삭제 버튼
1
2"
"41","RF-01-07-11-1","정보 관리 - 배송지 설정","부분검증 (개별 인수 미완료)","tests/Feature/MypageTest.php;tests/Feature/Auth","주요 회원/배송지/주문 동작 테스트. 본인인증/소셜 제외. 전체 필드와 레이어별 인수는 미완료.","추가 배송지를 추가하는 과정
1
배송지 추가하기 화면 생성
2
배송지 데이터 추가 버튼
○ 배송지 추가하기
배송지 명
주소
배송지 타입
○ 기본   ● 추가
배송지추가하기
창닫기
우편번호찾기
우편번호
주소
상세 주소
1
2"
"42","RF-01-07-11-2","정보 관리 - 배송지 설정","부분검증 (개별 인수 미완료)","tests/Feature/MypageTest.php;tests/Feature/Auth","주요 회원/배송지/주문 동작 테스트. 본인인증/소셜 제외. 전체 필드와 레이어별 인수는 미완료.","추가 배송지를 추가하는 과정
1
배송지 타입을 기본으로 선택한 다음 배송지추가하기를 할 경우 안내 문구가 출력됩니다. 확인 버튼을 누를 경우 데이터가 적용되고 취소를 누를 경우 안내 문구가 사라지며 데이터는 적용되지 않습니다.
○ 배송지 추가하기
배송지 명
주소
배송지 타입
● 기본 ○ 추가
배송지추가하기
창닫기
우편번호찾기
우편번호
주소
상세 주소
Confirm
기본 배송지로 변경하시겠습니까?
기존 기본 배송지는 추가 배송지로 변경됩니다.
취소
확인
1"
"43","RF-01-07-11-3","정보 관리 - 배송지 설정","부분검증 (개별 인수 미완료)","tests/Feature/MypageTest.php;tests/Feature/Auth","주요 회원/배송지/주문 동작 테스트. 본인인증/소셜 제외. 전체 필드와 레이어별 인수는 미완료.","추가 배송지를 수정 하는 과정
1
배송지 수정하기 화면 생성
2
배송지 데이터 수정 버튼
○ 배송지 수정하기
배송지 명
주소
배송지 타입
○ 기본   ● 추가
배송지수정하기
창닫기
우편번호찾기
우편번호
주소
상세 주소
1
2"
"44","RF-01-07-12","정보 관리 - 회원 탈퇴 신청","부분검증 (개별 인수 미완료)","tests/Feature/MypageTest.php;tests/Feature/Auth","주요 회원/배송지/주문 동작 테스트. 본인인증/소셜 제외. 전체 필드와 레이어별 인수는 미완료.","회원 탈퇴 신청하는 화면
1
회원 탈퇴 신청 버튼
RF-01-07-12-1 참고
1"
"45","RF-01-07-12-1","정보 관리 - 회원 탈퇴 신청","부분검증 (개별 인수 미완료)","tests/Feature/MypageTest.php;tests/Feature/Auth","주요 회원/배송지/주문 동작 테스트. 본인인증/소셜 제외. 전체 필드와 레이어별 인수는 미완료.","회원 탈퇴 신청 과정
1
회원 탈퇴 신청하기 버튼을 클릭 시 유의사항을 고지한다.
확인 버튼을 클릭 시 RF-01-07-13의 화면으로 이동되며 로그아웃이 된다.
단, 내 상품을 다른 회원사에서 판매 중일 경우는 탈퇴 신청이 거부 된다.
Confirm
탈퇴 처리 시 현재 보유 포인트는 모두 삭제 됩니다.
내 상품을 다른 회원사에서 판매 중일 때는 탈퇴가 거부 됩니다.
취소
확인
1"
"46","RF-01-07-13","회원탈퇴 완료 화면","부분검증 (개별 인수 미완료)","tests/Feature/MypageTest.php;tests/Feature/Auth","주요 회원/배송지/주문 동작 테스트. 본인인증/소셜 제외. 전체 필드와 레이어별 인수는 미완료.","회원 탈퇴 신청이 완료될 경우 이동 되는 화면
1
회원 탈퇴 신청 안내사항
1"
"47","RF-01-07-14","방문한 채널 화면","부분검증 (개별 인수 미완료)","tests/Feature/MypageTest.php;tests/Feature/Auth","주요 회원/배송지/주문 동작 테스트. 본인인증/소셜 제외. 전체 필드와 레이어별 인수는 미완료.","방문한 Shop 채널 기록들이 표시되는 화면
1
클릭 시 QR 코드가 확대된 화면이 나온다.
RF-01-07-14-1 참고
2
방문한 채널을 모두 삭제하는 버튼
3
방문한 채널로 이동하는 버튼
4
방문한 채널을 개별 삭제하는 버튼
1
2
3
4"
"48","RF-01-07-14-1","방문한 채널 화면 > QR 코드 확대","부분검증 (개별 인수 미완료)","tests/Feature/MypageTest.php;tests/Feature/Auth","주요 회원/배송지/주문 동작 테스트. 본인인증/소셜 제외. 전체 필드와 레이어별 인수는 미완료.","클릭 시 Shop 채널의 QR 코드가 확대되어 표시된다."
"49","RF-01-07-15","포인트 현황","부분검증 (개별 인수 미완료)","tests/Feature/MypageTest.php;tests/Feature/ShopRuntimeTest.php","지갑 소유권/채널 구분, 폐쇄 후 전환, 사용/복구 일부 시나리오 테스트. 동시 실행/운영 이력 대조 미완료.","내가 보유한 포인트의 잔액과 채널에서 사용 가능한 포인트의 정보를 확인하는 화면
1
Shop 채널 목록 화면 생성
RF-01-07-15-1 참고
2
Shop 채널이 운영 중일 경우 Shop 채널의 포인트를 Me9 포인트로 전환할 수 없다.
3
클릭 시 안내 메시지가 생성되며 확인 버튼 클릭 시 Shop 채널의 포인트가 Me9 포인트로 전환된다.포인트 전환이 가능한 경우는 Shop채널이 운영종료를 한 경우 포인트 전환이 가능하다.운영종료는 Me9 총괄 관리자가 최종 승인하는 것으로 운영종료가 됩니다.
■ 포인트
채널 포인트
1,009 P
Me9 포인트
300 P
■ 채널 포인트
보기
전환 불가
전환
1
2
Confirm
100 P 를 Me9 포인트로 전환하시겠습니까?
취소
확인
3"
"50","RF-01-07-15-1","포인트 현황 > 보기","부분검증 (개별 인수 미완료)","tests/Feature/MypageTest.php;tests/Feature/ShopRuntimeTest.php","지갑 소유권/채널 구분, 폐쇄 후 전환, 사용/복구 일부 시나리오 테스트. 동시 실행/운영 이력 대조 미완료.","회원사가 운영하는 Shop 채널 목록이 표시되는 화면
1
클릭 시 QR 코드가 확대되어 생성된다.
2
해당 Shop 채널 메인으로 이동한다.
■ 포인트
채널 포인트
1,009 P
Me9 포인트
300 P
■ 채널 포인트
보기
전환 불가
전환
○ Shop 채널 목록
창닫기
No
Shop 채널명
QR 코드
바로가기
4
Shop 채널명 1
Shop 채널 정보
3
Shop 채널명 2
Shop 채널 정보
2
Shop 채널명 3
Shop 채널 정보
1
Shop 채널명 4
Shop 채널 정보
바로가기
바로가기
바로가기
바로가기
1
2"
"51","RF-01-07-15-2","포인트 이력","부분검증 (개별 인수 미완료)","tests/Feature/MypageTest.php;tests/Feature/ShopRuntimeTest.php","지갑 소유권/채널 구분, 폐쇄 후 전환, 사용/복구 일부 시나리오 테스트. 동시 실행/운영 이력 대조 미완료.","포인트 적립 및 사용 내역을 확인할 수 있는 화면
1
상세 검색 영역
2
포인트 적립, 사용 내역
~
검색
~
1
2"
"52","RF-01-07-16","장바구니 목록 화면","부분검증 (개별 인수 미완료)","tests/Feature/MypageTest.php;tests/Feature/Auth","주요 회원/배송지/주문 동작 테스트. 본인인증/소셜 제외. 전체 필드와 레이어별 인수는 미완료.","장바구니에 등록한 상품들이 표시되는 화면
1
클릭 시 QR 코드가 확대된 화면이 나온다.
RF-01-07-16-1 참고
2
상품 상세 보기로 이동
3
장바구니 비우기 버튼
비우기
방문
비우기
방문
1
2
3"
"53","RF-01-07-16-1","장바구니 목록 화면 > QR코드 확대","부분검증 (개별 인수 미완료)","tests/Feature/MypageTest.php;tests/Feature/Auth","주요 회원/배송지/주문 동작 테스트. 본인인증/소셜 제외. 전체 필드와 레이어별 인수는 미완료.","클릭 시 Shop 채널의 QR 코드가 확대되어 표시된다.
비우기
방문
비우기
방문
1"
"54","RF-01-07-17","찜한 상품 목록 화면","부분검증 (개별 인수 미완료)","tests/Feature/MypageTest.php;tests/Feature/Auth","주요 회원/배송지/주문 동작 테스트. 본인인증/소셜 제외. 전체 필드와 레이어별 인수는 미완료.","찜 버튼을 눌러 등록한 상품들이 표시되는 화면
1
상품 상세 보기 화면으로 이동한다.
1"
"55","RF-01-07-18","주문 목록 > 주문","부분검증 (개별 인수 미완료)","tests/Feature/MypageTest.php;tests/Feature/Auth","주요 회원/배송지/주문 동작 테스트. 본인인증/소셜 제외. 전체 필드와 레이어별 인수는 미완료.","주문 내역들이 표시되는 화면
1
클릭 시 주문 타입에 맞는 페이지로 이동한다.
취소 -> RF-01-07-19
반품 -> RF-01-07-20
교환 -> RF-01-07-21
2
주문 상태, 날짜 검색 영역
3
주문 상세 페이지 RF-01-07-22 로 이동한다.
4
취소 신청 버튼
RF-01-07-18-2 참고
5
상품 정보 표시 영역
6
판매자 문의하기 버튼
RF-01-07-18-1 참고
7
반품 신청 버튼
RF-01-07-18-3 참고
8
교환 신청 버튼
RF-01-07-18-4 참고
9
구매 확정 버튼
RF-01-07-18-5 참고"
"56","RF-01-07-18-1","주문목록 > 주문 > 상품 문의하기","부분검증 (개별 인수 미완료)","tests/Feature/MypageTest.php;tests/Feature/Auth","주요 회원/배송지/주문 동작 테스트. 본인인증/소셜 제외. 전체 필드와 레이어별 인수는 미완료.","판매자에게 상품에 관한 내용을 문의하는 과정
1
버튼 클릭 시 상품 문의하기 화면 생성
2
판매자에게 상품에 관하여 문의 할 수 있는 화면
IMG
대분류 > 중분류 > 소분류
상품명 111111
○ 상품 문의하기
질문 제목
질문 내용
■ 문의내용
문의하기
창닫기
질문 제목입니다
내용입니다
판매자에게 상품, 배송, 취소, 교환, 반품 등 궁금한 내용을 문의하세요.
1
2"
"57","RF-01-07-18-2","주문 목록 > 주문 > 취소신청","부분검증 (개별 인수 미완료)","tests/Feature/MypageTest.php;tests/Feature/Auth","주요 회원/배송지/주문 동작 테스트. 본인인증/소셜 제외. 전체 필드와 레이어별 인수는 미완료.","주문한 상품을 취소하는 과정
1
버튼 클릭 시 취소신청하기 화면 생성
2
주문 취소를 신청할 수 있는 화면
3
취소사유가 기타일 경우 사유를 입력할 수 있는 입력 영역이 표시된다.
○ 취소신청하기
취소신청
창닫기
주문상품
Image
상품명 111111
옵션 1  /  2개
취소사유
단순변심                                                                          ▼
○ 취소신청하기
취소신청
창닫기
기타내용
주문상품
Image
상품명 111111
옵션 1  /  2개
기타 내용을 입력해 주세요
취소사유
기타                                                                               ▼
1
2
3"
"58","RF-01-07-18-3","주문 목록 > 주문 > 반품 신청","부분검증 (개별 인수 미완료)","tests/Feature/MypageTest.php;tests/Feature/Auth","주요 회원/배송지/주문 동작 테스트. 본인인증/소셜 제외. 전체 필드와 레이어별 인수는 미완료.","주문한 상품을 반품하는 과정
1
버튼 클릭 시 반품 신청하기 화면 생성
2
상품 회수 방법 중 자동 회수를 선택할 경우 자동 회수 방법에 대한 문구가 표시된다.
수동 회수를 선택할 경우 수동 회수에 필요한 주소 정보가 표시된다.
3
반품 사유가 기타일 경우 사유를 입력할 수 있는 입력 영역이 표시된다.
○ 반품신청하기
반품신청
창닫기
주문상품
Image
상품명 111111
옵션 1  /  2개
반품사유
단순변심                                                                          ▼
상품회수방법
● 자동회수       ○ 수동회수
※ 반품이라고 표기해서 문 앞에 두시면 “한진택배”에서 회수합니다.
물품에 문제가 없을 경우 택배비가 발생합니다.
○ 반품신청하기
반품신청
창닫기
주문상품
Image
상품명 111111
옵션 1  /  2개
반품사유
단순변심                                                                          ▼
상품회수방법
○ 자동회수       ● 수동회수
상품회수주소
20202
서울시 마포구 공덕동 2003
○ 반품신청하기
반품신청
창닫기
주문상품
Image
상품명 111111
옵션 1  /  2개
반품사유
기타                                                                               ▼
상품회수방법
○ 자동회수       ● 수동회수
상품회수주소
20202
서울시 마포구 공덕동 2003
기타내용
기타 내용을 입력해 주세요
1
2
3"
"59","RF-01-07-18-4","주문 목록 > 주문 > 교환 신청","부분검증 (개별 인수 미완료)","tests/Feature/MypageTest.php;tests/Feature/Auth","주요 회원/배송지/주문 동작 테스트. 본인인증/소셜 제외. 전체 필드와 레이어별 인수는 미완료.","주문한 상품을 교환하는 과정
1
버튼 클릭 시 교환 신청 하기 화면 생성
2
상품 회수 방법 중 자동 교환을 선택할 경우 자동 교환 방법에 대한 문구가 표시된다.
수동 반품을 선택할 경우 수동 반품에 필요한 주소 정보가 표시된다.
3
교환 사유가 기타일 경우 사유를 입력할 수 있는 입력 영역이 표시된다.
○ 교환신청하기
교환신청
창닫기
주문상품
Image
상품명 111111
옵션 1  /  2개
교환사유
다른 상품이 배송되었습니다                                                 ▼
상품회수방법
● 자동회수       ○ 수동회수
※ 교환이라고 표기해서 문 앞에 두시면 “한진택배”에서 회수합니다.
물품에 문제가 없을 경우 택배비가 발생합니다.
○ 교환신청하기
교환신청
창닫기
주문상품
Image
상품명 111111
옵션 1  /  2개
교환사유
다른 상품이 배송되었습니다                                                ▼
상품회수방법
○ 자동회수       ● 수동회수
상품회수주소
20202
서울시 마포구 공덕동 2003
○ 교환신청하기
교환신청
창닫기
주문상품
Image
상품명 111111
옵션 1  /  2개
교환사유
기타                                                                               ▼
상품회수방법
○ 자동회수       ● 수동회수
상품회수주소
20202
서울시 마포구 공덕동 2003
기타내용
기타 내용을 입력해 주세요
1
2
3
4"
"60","RF-01-07-18-5","주문 목록 > 주문 > 구매 확정","부분검증 (개별 인수 미완료)","tests/Feature/MypageTest.php;tests/Feature/Auth","주요 회원/배송지/주문 동작 테스트. 본인인증/소셜 제외. 전체 필드와 레이어별 인수는 미완료.","주문한 상품의 구매를 확정하는 과정
1
구매 확정하기 화면 생성
2
별점은 마우스를 올리면 반개 단위로 미리보기 형태로 채워지고, 클릭 시 해당 별까지 선택되어 평점이 설정된다,
3
클릭 시 구매 확정 상태로 변경된다.
○ 구매확정하기
구매확정하기
창닫기
별점주기
주문상품
Image
상품명 111111
옵션 1  /  2개
☆☆☆★★
이 상품을 구매하겠습니다.
3
2
1"
"61","RF-01-07-19","찜한 상품 목록 화면","부분검증 (개별 인수 미완료)","tests/Feature/MypageTest.php;tests/Feature/Auth","주요 회원/배송지/주문 동작 테스트. 본인인증/소셜 제외. 전체 필드와 레이어별 인수는 미완료.","찜 버튼을 눌러 등록한 상품들이 표시되는 화면
1
상품 상세 보기 화면으로 이동한다."
"62","RF-01-07-20","찜한 상품 목록 화면","부분검증 (개별 인수 미완료)","tests/Feature/MypageTest.php;tests/Feature/Auth","주요 회원/배송지/주문 동작 테스트. 본인인증/소셜 제외. 전체 필드와 레이어별 인수는 미완료.","찜 버튼을 눌러 등록한 상품들이 표시되는 화면
1
상품 상세 보기 화면으로 이동한다."
"63","RF-01-07-21","찜한 상품 목록 화면","부분검증 (개별 인수 미완료)","tests/Feature/MypageTest.php;tests/Feature/Auth","주요 회원/배송지/주문 동작 테스트. 본인인증/소셜 제외. 전체 필드와 레이어별 인수는 미완료.","찜 버튼을 눌러 등록한 상품들이 표시되는 화면
1
상품 상세 보기 화면으로 이동한다."
"64","RF-01-07-22","주문 목록 > 주문 상세","부분검증 (개별 인수 미완료)","tests/Feature/MypageTest.php;tests/Feature/Auth","주요 회원/배송지/주문 동작 테스트. 본인인증/소셜 제외. 전체 필드와 레이어별 인수는 미완료.","주문의 상세 내용이 표시되는 화면
1
상품에 종류에 해당하는 정보가 표시된다.
1"
"65","","채널관리자","목차/개정/구분 페이지","","구현 완료율 분모에서 제외. 개정 이력은 해당 RF와 함께 해석.",""
"66","","●  로그인","목차/개정/구분 페이지","","구현 완료율 분모에서 제외. 개정 이력은 해당 RF와 함께 해석.",""
"67","RF-02-01","로그인화면","부분검증 (개별 인수 미완료)","tests/Feature/ChannelPortalTest.php;tests/Feature/ChannelRoutesTest.php","로그인/역할 접근 테스트. 소셜은 제외. 브라우저별 세션 만료/동시 로그인 검수 미완료.","채널 관리 페이지로 접속할 때 로그인 상태가 아닐 경우 이동 되는 로그인 화면
1
일반 회원의
아이디 / 패스워드 영역
2
간편회원 로그인
1
2"
"68","","●  대시보드","목차/개정/구분 페이지","","구현 완료율 분모에서 제외. 개정 이력은 해당 RF와 함께 해석.",""
"69","RF-02-02-01","대시보드 구성화면","부분검증 (개별 인수 미완료)","tests/Feature/ChannelRoutesTest.php;app/Services/ChannelOrderMetrics.php","주요 데이터 집계/경로 확인. 모든 집계항목과 그래프 필터 조합 대조 미완료.","채널 관리 메인 화면
1
주 메뉴
2
판매 메뉴: 2단계 메뉴
3
판매채널 환경설정 메뉴
: 채널관리 환경설정 메뉴
4
바로가기 메뉴
: 자주사용하는 메뉴는 별도 관리
5
일정기간 ( 15일 ) 전의 모든 샵채널 및 공개 & 부분공개의 판매 현황
6
채널관리 정보보기 영역
: 회원사명 / 판매단계 / 대표연락처 / 대표이메일
7
주문목록 :
주문일 / 주문단계 / 주문형태 / shop채널명 / 주문명 / 주문자
8
원그래프 :
Shop 채널 판매현황
9
꺽은선 그래프 :
품목별 판매량 그래프 ( 1년기준 )
10
고객 문의사항 리스트
11
운영되는 Shop 채널 바로가기 / 클릭시 새창으로 Shop 채널오픈
6
7
10"
"70","RF-02-02-01-1","2차메뉴 펼침화면","부분검증 (개별 인수 미완료)","tests/Feature/ChannelRoutesTest.php;app/Services/ChannelOrderMetrics.php","주요 데이터 집계/경로 확인. 모든 집계항목과 그래프 필터 조합 대조 미완료.","1
2차 메뉴 펼침"
"71","","●  정보 관리","목차/개정/구분 페이지","","구현 완료율 분모에서 제외. 개정 이력은 해당 RF와 함께 해석.",""
"72","RF-02-03-01","정보 관리 화면","부분검증 (개별 인수 미완료)","tests/Feature/ChannelRoutesTest.php","주요 정보 변경과 권한 검증. 승인 전 계정의 정보 보완 경로 등 개별 인수 미완료.","채널 정보 관리 화면
1
비밀번호 변경 화면 생성
RF-02-03-01-1 참고
1-2
채널 생성시 기본 수수료 적용 / 기본 수수료는 총괄 관리자에서 환경설정에서 기본으로 설정된 수수료가 적용된다.
2
회원사 명과 사업자구분만 입력하면 채널관리자로 로그인 할 수 있는 권한을 획득한다.
다만, 자사상품을 등록할 수 없다.
3
판매자 인증이 처리되면 채널관리자에서 자사상품을 등록할 수 있다.
4
버튼 클릭 시 상세내용 표시되는 아코디언 형태
5
판매회원 인증되기전 권한 정보 영역
6-1
판매회원 인증 후의 권한 정보 영역판매회원으로 인증될 때는 자사물건을 판매할 수 있으며, 자사의 PG사를 사용할 수 있다.
6-2
자사의 PG는 3군데를 이용할 수 있으며, 1. KG 이니시스
2. NHN KCP
3. 토츠페이먼츠
을 선택할 수 있다.
선택에 따라 각 결제모듈에서 필요한 정보를 입력해야 한다.
7
필수 약관이므로 약관 동의 여부 수정 불가
4
7
회원사 판매권한 정보 ( M9 Market 의 Shop 채널에서 자사물건을 판매하기 위해서는 판매인증이 필요합니다. )
판매인증
인증완료  ( 인증완료일 : 2024-01-01 )
사업자등록증
사업자등록번호 / 000-01-00000
사업자 명의 계좌번호 (정산용)
국민은행 / 000000000-02-000000 / 통장주  /
자사 PG 모듈 사용여부
○ 미사용   ● 사용
자사 PG 모듈
- 상점 ID
- 사이트코드
- Client Key
- Secret Key
통장사본 내려받기
6-2
KG 이니시스                                                        ▼
( 결제로직은 연동은 가능하나, 해당 판매자의 각 회사 PG사의 계약관계로인한 PG사 계약파기 또는 미결제 상황까지는 책임을 지지 아니합니다.  )
1-2
채널운영 중지요청"
"73","RF-02-03-01-1","정보 관리 화면 > 비밀번호 변경","부분검증 (개별 인수 미완료)","tests/Feature/ChannelRoutesTest.php","주요 정보 변경과 권한 검증. 승인 전 계정의 정보 보완 경로 등 개별 인수 미완료.","비밀번호 변경 및 채널운영 중지 요청
1
비밀번호 변경 버튼
현재 비밀번호와 새로운 비밀번호가 같은 경우 비밀번호가 변경되지 않는다.
새로운 비밀번호와 비밀번호 확인이 같지 않은 경우 비밀번호가 변경되지 않는다.
2
채널운영 중지 요청을 통해 채널 운영 중지를 진행할 수 있다.
○ 비밀번호 변경
변경하기
창닫기
현재 비밀번호
새로운 비밀번호
비밀번호 확인
1
정보 수정
채널운영 중지요청
2
○ 채널운영 중지요청
중지요청
창닫기
운영중인 Shop 채널이 존재시 채널운영 중지신청이 불가능합니다. 채널운영 중지요청을 신청하면 해당 채널운영은 중지되며, Me9 의 최종승인 후 채널 운영이 중지 됩니다.
현재 비밀번호
비밀번호 확인"
"74","","●  Shop채널 관리","목차/개정/구분 페이지","","구현 완료율 분모에서 제외. 개정 이력은 해당 RF와 함께 해석.",""
"75","RF-02-04-01","Shop채널 목록","부분검증 (개별 인수 미완료)","tests/Feature/ChannelRoutesTest.php;tests/Feature/ShopChannelAccessTest.php;tests/Feature/ShopRuntimeTest.php","Shop 소유권/복사/입장/상품 연결과 주요 팝업 테스트. 모든 세부 설정 조합 인수 미완료.","등록한 Shop 채널들이 표시되는 화면
1
클릭 시 Shop채널을 등록하는 RF-02-04-02 으로 이동
2
Shop채널이 복사된다. Shop채널정보만 Copy 되며, 판매상품은  복사되지 않는다
3
관리 클릭 시 RF-02-04-03 으로 이동
1
2
3"
"76","RF-02-04-01-1","Shop채널 목록 상세 검색창","부분검증 (개별 인수 미완료)","tests/Feature/ChannelRoutesTest.php;tests/Feature/ShopChannelAccessTest.php;tests/Feature/ShopRuntimeTest.php","Shop 소유권/복사/입장/상품 연결과 주요 팝업 테스트. 모든 세부 설정 조합 인수 미완료.","Shop채널 목록 상세 검색창이 펼쳐진 화면
1
상세 검색 활성화 버튼"
"77","RF-02-04-01-2","Shop채널 목록 QR 코드","부분검증 (개별 인수 미완료)","tests/Feature/ChannelRoutesTest.php;tests/Feature/ShopChannelAccessTest.php;tests/Feature/ShopRuntimeTest.php","Shop 소유권/복사/입장/상품 연결과 주요 팝업 테스트. 모든 세부 설정 조합 인수 미완료.","Shop채널 목록에서 QR 코드를 클릭했을 때 보여지는 화면
1
QR 코드 확대"
"78","RF-02-04-02","Shop채널 등록화면","부분검증 (개별 인수 미완료)","tests/Feature/ChannelRoutesTest.php;tests/Feature/ShopChannelAccessTest.php;tests/Feature/ShopRuntimeTest.php","Shop 소유권/복사/입장/상품 연결과 주요 팝업 테스트. 모든 세부 설정 조합 인수 미완료.","Shop 채널 정보를 입력하고 등록하는 화면
1
Shop 채널 등록 버튼
2
그룹 Keyword 필수값, 1개이상 등록 필수
3
판매인증을 승인받은 채널에서 Shop채널을 생성할 때는 자사 PG 이용여부가 활성화 된다.
로고 사용여부
● 미사용     ○ 이미지 사용
Shop 채널코드
Me9-2024-099833
채널상태
○ 운영   ● 중지
공개여부
● 공개   ○ 비공개
구매권한
□  회원전용
* 채널명
카피라이트
* 그룹 keyword
■ Shop 채널 기본정보
Keyword 입력
■ Shop 채널 로고 이미지 ( Shop 채널 로고를 생략 할 경우 채널명 노출 )
자사 PG 사용여부
● 미사용   ○ 사용
■ Shop 채널 PG 정보 (자사 PG를 사용하는 경우 자사물품 판매만 가능하며, 적립 포인트 제공이 불가능합니다 )
등록
목록
메인 배너 사용여부
● 미사용     ○ 이미지로 등록
■ 메인 배너 이미지
사용기간 여부
● 무기한     ○ 기간제
■ Shop 채널 사용주기
OG 사용여부
● 미사용     ○ 사용
■ OG (오픈 그래프) TAG ( SNS에 게시되는데 최적화된 데이터 )
1
2
Shop 채널 관리자 여부
● 미사용   ○ 사용
■ Shop 채널 (모니터링) 관리자 정보
3
문자알림여부
● 미사용     ○ 사용
■ 구매상황 문자알림 ( 구매, 배송 등 구매관련 문자사용여부 – 정산시 차감 )"
"79","RF-02-04-02-1","Shop채널 등록화면공개여부","부분검증 (개별 인수 미완료)","tests/Feature/ChannelRoutesTest.php;tests/Feature/ShopChannelAccessTest.php;tests/Feature/ShopRuntimeTest.php","Shop 소유권/복사/입장/상품 연결과 주요 팝업 테스트. 모든 세부 설정 조합 인수 미완료.","Shop채널 등록화면에서 공개여부 클릭에 따른 화면 변화
1
비공개 선택 시
접속가능인원 기능 활성화
2
인원관리 버튼을 클릭하면 팝업으로 비공개 접속인원관리 페이지 표시
3
비공개로 선택되었을 경우에는 회원전용 선택이 되지 않는다.
4
기본양식의 엑셀을 업로드하는 영역
5
기본양식을 클릭하면 기본엑셀 폼이 다운로드 된다
6
엑셀 업로드를 통해 등록된 비공개 접속인원이 표시된다.
7
등록된 비공개 접속인원을 개별삭제가 가능하다
8
등록된 비공개 회원을 전부 삭제할 수 있다.
Shop 채널코드
Me9-2024-099833
채널상태
○ 운영   ● 중지
공개여부
○ 공개   ● 비공개   접속가능인원 ( 88 )
구매권한
□  회원전용
* 채널명
인원관리
○ Me9-2024-099833 Shop채널 비공개 접속인원관리
목록 업로드
업로드
기본양식
○ Me9-2024-099833 Shop채널 비공개 접속인원 (88)
No
Shop채널코드
핸드폰 번호
입장 코드
등록일
관리
88
Me9-2024-099833
010-9999-0088
x34322
20201.11.22 21:45:00
87
Me9-2024-099833
010-9999-0007
김영광
20201.11.22 21:45:00
86
Me9-2024-099833
010-9999-0009
112442
20201.11.22 21:45:00
85
Me9-2024-099833
010-9999-0006
서울시
20201.11.22 21:45:00
84
Me9-2024-099833
010-9999-0005
11122222333
20201.11.22 21:45:00
83
Me9-2024-099833
010-9999-0004
Asdfddsd-09
20201.11.22 21:45:00
82
Me9-2024-099833
010-9999-0003
101동12호
20201.11.22 21:45:00
81
Me9-2024-099833
010-9999-0002
풍림아파트
20201.11.22 21:45:00
삭제
삭제
삭제
삭제
삭제
삭제
삭제
삭제
2
3
4
5
6
7
전체삭제
8"
"80","RF-02-04-02-2","Shop채널 등록화면 그룹 keyword","부분검증 (개별 인수 미완료)","tests/Feature/ChannelRoutesTest.php;tests/Feature/ShopChannelAccessTest.php;tests/Feature/ShopRuntimeTest.php","Shop 소유권/복사/입장/상품 연결과 주요 팝업 테스트. 모든 세부 설정 조합 인수 미완료.","Shop 채널 등록 화면에서 그룹 keyword를 입력할 때의 화면 변화
1
키워드 입력란
2
입력된 키워드는 키워드 입력란 하단에 보여지며 x 버튼을 눌러 삭제할 수 있다."
"81","RF-02-04-02-2-1","Shop채널 등록화면 첫 방문시 포인트 지급","폐기 사양 반영","app/Services/ShopChannelRuntime.php;tests/Feature/ShopChannelAccessTest.php","원문의 삭제 지시 적용: 신규 첫 방문 지급 호출/설정 UI 제거. 과거 지급 기록은 보존.","Shop 채널 등록 화면에서 첫 방문시 포인트 지급 할 때의  화면 변화
1
사용으로 변경
2
포인트 입력란이 표시
2,0000
1
2
포인트 지급방법의 구조적 변경으로 삭제"
"82","RF-02-04-02-3","Shop채널 등록화면 사용기간","부분검증 (개별 인수 미완료)","tests/Feature/ChannelRoutesTest.php;tests/Feature/ShopChannelAccessTest.php;tests/Feature/ShopRuntimeTest.php","Shop 소유권/복사/입장/상품 연결과 주요 팝업 테스트. 모든 세부 설정 조합 인수 미완료.","Shop채널 등록화면에서 사용기간 여부 클릭에 따른 화면 변화
1
기간제 선택 시 사용기간 선택 영역 활성화
2
사용기간 날짜를 선택할 수 있는 영역"
"83","RF-02-04-02-4","Shop채널 등록화면 로고 사용여부","부분검증 (개별 인수 미완료)","tests/Feature/ChannelRoutesTest.php;tests/Feature/ShopChannelAccessTest.php;tests/Feature/ShopRuntimeTest.php","Shop 소유권/복사/입장/상품 연결과 주요 팝업 테스트. 모든 세부 설정 조합 인수 미완료.","Shop채널 등록화면에서 로고 사용여부 클릭에 따른 화면 변화
1
이미지 사용 선택 시 로고 이미지를 등록할 수 있는 영역 활성화"
"84","RF-02-04-02-5-1","Shop채널 등록화면메인 배너 사용여부","부분검증 (개별 인수 미완료)","tests/Feature/ChannelRoutesTest.php;tests/Feature/ShopChannelAccessTest.php;tests/Feature/ShopRuntimeTest.php","Shop 소유권/복사/입장/상품 연결과 주요 팝업 테스트. 모든 세부 설정 조합 인수 미완료.","Shop채널 등록화면에서 메인 배너 사용여부 클릭에 따른 화면 변화
1
이미지 등록 선택 시 배너 이미지를 등록할 수 있는 영역 활성화"
"85","RF-02-04-02-5-2","Shop채널 등록화면 OG 사용여부","외부연동 제외/부분검증","app/Services/ShopChannelSmsService.php;tests/Feature/ShopRuntimeTest.php","4종 템플릿/실패 격리/미발송 무과금/중복 상태 알림 방지 검증. 실 발송·과금 확인 제외.","Shop채널 등록화면에서 OG 사용여부 클릭에 따른 화면 변화
1
사용 선택 시 OG TAG 정보를 입력할 수 있는 영역 활성화
적용
내용
(0/300)
적용
내용
(0/300)
적용
내용
(0/300)
적용
내용
(0/300)"
"86","RF-02-04-02-6","Shop채널 등록화면 OG 사용여부","부분검증 (개별 인수 미완료)","tests/Feature/ChannelRoutesTest.php;tests/Feature/ShopChannelAccessTest.php;tests/Feature/ShopRuntimeTest.php","Shop 소유권/복사/입장/상품 연결과 주요 팝업 테스트. 모든 세부 설정 조합 인수 미완료.","Shop채널 등록화면에서 OG 사용여부 클릭에 따른 화면 변화
1
사용 선택 시 OG TAG 정보를 입력할 수 있는 영역 활성화"
"87","RF-02-04-02-6-1","Shop채널 등록화면관리자 사용여부","외부연동 제외","app/Services/ShopChannelRuntime.php;config/shop_channel.php","실 PG 승인/취소/환불/웹훅 구현 및 인수 미완료. 운영 모의 결제 차단.","Shop채널 등록화면에서 Shop 채널 PG 정보 체크시 화면 변화자사 pg를 사용으로 체크하고 shop 채널을 생성하면 해당 Shop채널의 판매할 수 있는 제품은 자사제품 만 판매할 수 있다.
1
채널의 권한이 판매권한이 있는 채널일 경우 자사 PG를 사용할 수 있는 영역이 활성화 된다. 채널 정보에서 자사PG 정보를 등록하지 않은 경우에는 해당 영역이 활성화 되지 않는다.
2
사용으로 체크할 경우 채널에서 등록한 자사PG 정보가 표시된다.
2"
"88","RF-02-04-02-7","Shop채널 등록화면관리자 사용여부","구현/회귀검증","app/Http/Controllers/Front/ShopMonitorController.php;tests/Feature/ShopRuntimeTest.php","전용 로그인, Shop/판매자 범위 읽기 전용 주문 현황, 기간/중지/비밀번호 변경 시 세션 폐기. PC/태블릿/모바일 검수. 정산 실행 권한은 제공하지 않음.","Shop채널 등록화면에서 모니터링 관리자 사용여부 클릭에 따른 화면 변화
1
사용 선택 시 Shop 채널 관리자 정보를 입력할 수 있는 영역 활성화"
"89","RF-02-04-02-8","Shop채널 등록화면 컨텐츠 전체 활성화","부분검증 (개별 인수 미완료)","tests/Feature/ChannelRoutesTest.php;tests/Feature/ShopChannelAccessTest.php;tests/Feature/ShopRuntimeTest.php","Shop 소유권/복사/입장/상품 연결과 주요 팝업 테스트. 모든 세부 설정 조합 인수 미완료.","Shop채널 등록화면에서 각 컨텐츠를 모두 활성화한 상태의 화면"
"90","RF-02-04-03","Shop채널 정보 화면","부분검증 (개별 인수 미완료)","tests/Feature/ChannelRoutesTest.php;tests/Feature/ShopChannelAccessTest.php;tests/Feature/ShopRuntimeTest.php","Shop 소유권/복사/입장/상품 연결과 주요 팝업 테스트. 모든 세부 설정 조합 인수 미완료.","Shop 채널의 상세 정보가 표시되는 화면
1
화면 이동하는 탭버튼
클릭 시
Shop 채널 정보 -> RF-02-04-03
판매 상품 -> RF-02-04-04
커뮤니티 -> RF-02-04-05-1
해당 위치로 이동한다.
4
버튼 클릭 시 정보 수정 화면 RF-02-04-04 로 이동한다.
5
버튼 클릭 시 해당 Shop 채널페이지로 이동한다.
6
Shop채널 목록 페이지로 이동한다.
7
클릭시 RF-02-04-02-1 화면 참조
1
■ 구매현황 문자알림
문자알림 사용여부
사용
알림문자설정
상품구매알림                              상품구매확정알림                                 상품취소알림                                        상품반품알림
내용
(0/300)
내용
(0/300)
내용
(0/300)
내용
(0/300)
인원관리
7"
"91","RF-02-04-04","Shop채널 수정화면","부분검증 (개별 인수 미완료)","tests/Feature/ChannelRoutesTest.php;tests/Feature/ShopChannelAccessTest.php;tests/Feature/ShopRuntimeTest.php","Shop 소유권/복사/입장/상품 연결과 주요 팝업 테스트. 모든 세부 설정 조합 인수 미완료.","Shop 채널 정보를 수정하는 화면
로고 사용여부
● 미사용     ○ 이미지 사용
Shop 채널코드
Me9-2024-099833
채널상태
○ 운영   ● 중지
공개여부
● 공개   ○ 비공개
구매권한
□  회원전용
* 채널명
카피라이트
* 그룹 keyword
■ Shop 채널 기본정보
Keyword 입력
■ Shop 채널 로고 이미지 ( Shop 채널 로고를 생략 할 경우 채널명 노출 )
Shop 채널 관리자 여부
● 미사용   ○ 사용
■ Shop 채널 (모니터링) 관리자 정보
수정
목록
메인 배너 사용여부
● 미사용     ○ 이미지로 등록
■ 메인 배너 이미지
사용기간 여부
● 무기한     ○ 기간제
■ Shop 채널 사용주기
OG 사용여부
● 미사용     ○ 사용
■ OG (오픈 그래프) TAG ( SNS에 게시되는데 최적화된 데이터 )
자사 PG 사용여부
● 미사용   ○ 사용
■ Shop 채널 PG 정보 ( 자사 PG를 사용하는 경우 자사물품 판매만 가능하며, 적립 포인트 제공이 불가능합니다 )
문자알림여부
● 미사용     ○ 사용
■ 구매상황 문자알림 ( 구매, 배송 등 구매관련 문자사용여부 – 정산시 포인트 차감 )"
"92","RF-02-04-05","판매상품 목록 화면","부분검증 (개별 인수 미완료)","tests/Feature/ChannelRoutesTest.php;tests/Feature/ShopChannelAccessTest.php;tests/Feature/ShopRuntimeTest.php","Shop 소유권/복사/입장/상품 연결과 주요 팝업 테스트. 모든 세부 설정 조합 인수 미완료.","Shop채널 상세화면에서 판매 상품을 표시하는 화면
* Shop채널이 자사 PG를 사용하는 Shop채널일 경우에는 판매할 수 있는 상품은 자사 상품밖에 없고, 제공포인트 이용이 불가하다.
1
판매 상품 목록으로 이동
2
판매중지 상품 목록 RF-02-04-05-1 으로 이동
3
판매 상품 추가 화면 생성
RF-02-04-05-2 참고
4
판매 상품 정보 화면 생성RF-02-04-05-10 참고
5
상품을 판매중지 상태로 변경"
"93","RF-02-04-05-1","판매중지상품 목록 화면","부분검증 (개별 인수 미완료)","tests/Feature/ChannelRoutesTest.php;tests/Feature/ShopChannelAccessTest.php;tests/Feature/ShopRuntimeTest.php","Shop 소유권/복사/입장/상품 연결과 주요 팝업 테스트. 모든 세부 설정 조합 인수 미완료.","Shop채널 상세화면에서 판매중지상품을 표시하는 화면
1
상품을 판매 상품으로 상태를 변경"
"94","RF-02-04-05-2","판매 상품 추가 > 자사 상품 목록","부분검증 (개별 인수 미완료)","tests/Feature/ChannelRoutesTest.php;tests/Feature/ShopChannelAccessTest.php;tests/Feature/ShopRuntimeTest.php","Shop 소유권/복사/입장/상품 연결과 주요 팝업 테스트. 모든 세부 설정 조합 인수 미완료.","Shop채널에서 판매할 판매상품을 추가하기 위해 상품 팝업창을 띄우는 화면.
( 자사상품 )탭메뉴로 구성되어 있다.
1
판매상품 추가 버튼
2
상품 관리 페이지 이동
RF-02-05-01"
"95","RF-02-04-05-3","판매 상품 추가 > 자사 상품 목록 > 추가하기","부분검증 (개별 인수 미완료)","tests/Feature/ChannelRoutesTest.php;tests/Feature/ShopChannelAccessTest.php;tests/Feature/ShopRuntimeTest.php","Shop 소유권/복사/입장/상품 연결과 주요 팝업 테스트. 모든 세부 설정 조합 인수 미완료.","자사상품 화면에서 추가하기 버튼을 클릭하여 판매상품을 추가하는 팝업창
1
판매 상품 추가 화면 생성
2
자사 상품 판매일 경우에는 상품판매형태가 상품판매만 존재하며 상품 판매가격을 변경하여 등록 할 수 있다.
참고 : Shop채널에 상품으로 등록될 때 등록시점의 채널 수수료 요율이 함께 등록해야 한다.Shop채널 설정시에 자사PG를 이용하는 것인지 아닌지를 결정하기 때문에 자사PG를 사용하는 경우에는 판매시 지급포인트를 설정할 수 없다.
3
상품추가버튼
3
350
2"
"96","RF-02-04-05-4","판매 상품 추가 > 공유 상품 목록","부분검증 (개별 인수 미완료)","tests/Feature/ChannelRoutesTest.php;tests/Feature/ShopChannelAccessTest.php;tests/Feature/ShopRuntimeTest.php","Shop 소유권/복사/입장/상품 연결과 주요 팝업 테스트. 모든 세부 설정 조합 인수 미완료.","다른 회원들이 공개한 공유상품 목록
1
상품의 상세 정보를 볼 수 있는 팝업창을 생성한다.
RF-02-04-05-5 참고
2
클릭하면 해당 상품이 관심상품으로 등록되고, 관심 상품이 목록 상단에 우선적으로 표시된다.
3
판매할 상품으로 추가할 수 있는 팝업창을 생성한다.
RF-02-04-05-6 참고
※ 자사 PG를 사용하는 Shop채널일 경우에는 공유상품과 제휴상품을 판매할 수 없으므로 탭영역을 블록처리한다. ( 클릭해도 페이지 이동을 못하게 한다. )
2
3"
"97","RF-02-04-05-5","판매 상품 추가 > 공유 상품 목록 > 보기","부분검증 (개별 인수 미완료)","tests/Feature/ChannelRoutesTest.php;tests/Feature/ShopChannelAccessTest.php;tests/Feature/ShopRuntimeTest.php","Shop 소유권/복사/입장/상품 연결과 주요 팝업 테스트. 모든 세부 설정 조합 인수 미완료.","다른 회원들이 공개한 공유상품 목록에서 보기를 클릭하여 상품의 상세 정보를 보이는 화면
1
판매형태가 상품판매일 경우 표시되는 조건상품을 공유할 때 판매가격과 이익금이 결정되기 때문에 표시가 가능하다.
2
판매형태가 위탁판매일 경우 표시되는 조건상품이 공유될 때 상품가격을 통해 최소가격이 결정되고, 공유자에 의해 최대값이 결정되는 것이 표시됨
판매형태
위탁판매
과세구분
과세
판매최소가격
11,550 원
판매최대가격
30,000 원
재고
3,223 개
구매제한수량
1회 구매에 100 개까지 구매가능
2
1"
"98","RF-02-04-05-6","판매 상품 추가 > 공유 상품 목록 > 추가","부분검증 (개별 인수 미완료)","tests/Feature/ChannelRoutesTest.php;tests/Feature/ShopChannelAccessTest.php;tests/Feature/ShopRuntimeTest.php","Shop 소유권/복사/입장/상품 연결과 주요 팝업 테스트. 모든 세부 설정 조합 인수 미완료.","다른 회원들이 공개한 공유 상품을 Shop 채널의 판매 상품으로 등록하는 과정
1
공유상품의 판매형태가 상품판매인 상품을 등록할 때 팝업되는 등록폼
2
판매시 고객에게 지급하는 포인트, 지급포인트는 이익금을 초과할 수 없다.
3
공유상품의 판매형태가 위탁판매인 상품을 등록할 때 팝업되는 등록폼
4
상품 공유시 판매최소가격과 최대가격이 표시된다
5
판매금액은 판매가격범위내에서 설정이 가능하다
6
판매금액설정의 금액의 입력되는 실시간 입력값에 따라 예상이익금과 최대지급포인트 금액이 실시간으로 표시된다.
최소가격 산출식
$product_price    // 상품가격
$delivery_fee       // 배송비
$commission_rate // 공유회사 수수료
$remain_rate = 1 - (($commission_rate * 1.1) / 100);
$min_price = ceil(((($product_price + $delivery_fee) / $remain_rate) - $delivery_fee) / 10) * 10;
적용 )
$product_price = 10000;   // 상품가격
$delivery_fee = 2500;       // 배송비
$commission_rate = 10;   // 공유회사 수수료
$remain_rate = 1 - ((10 × 1.1) / 100) = 0.89
$min_price = ceil((((10,000 + 2,500) / 0.89) - 2,500) / 10 ) * 10 = 11,550;
예상 이익금 (최대 지급 포인트) 산출수수료 산출 = 0.89
매입비 = ((상품+수수료)+배송비)
14,210 =    11,710        + 2,500에상 이익금 = 판매가 - 매입비
1,290         = 15,500 - 14,210
7
지급포인트는 예상이익금을 넘을 수 없다.
IMG
대분류 > 중분류 > 소분류
상품명 111111
○ 판매 상품 정보
판매형태
상품판매
판매가격
10,000 원
이익금
1,500 원
재고
20,000 개
구매제한수량
1회 구매시 100개 까지
상품 판매 기간
무기한
■ 상품 제약 조건
최대 지급 포인트
1,500 Point
지급 포인트 설정
Point
■ 판매 설정 정보
상품추가하기
창닫기
판매 상품 코드
Me9-Shop-0032021
■ 판매 상품 코드
1
IMG
대분류 > 중분류 > 소분류
상품명 111111
○ 판매 상품 정보
판매형태
위탁판매
판매가격범위
11,550원 ~ 20,000 원
재고
20,000 개
구매제한수량
1회 구매시 100개 까지
상품 판매 기간
무기한
■ 상품 제약 조건
판매 금액 설정
원
예상 이익금
1,290 원
최대 지급 포인트
1,290 Point
지급 포인트 설정
Point
■ 판매 설정 정보
상품추가하기
창닫기
13,000
판매 상품 코드
Me9-Shop-0032021
■ 판매 상품 코드
3
350
350
2
4
5
6
7"
"99","RF-02-04-05-7","판매 상품 추가 > 제휴 상품 목록","부분검증 (개별 인수 미완료)","tests/Feature/ChannelRoutesTest.php;tests/Feature/ShopChannelAccessTest.php;tests/Feature/ShopRuntimeTest.php","Shop 소유권/복사/입장/상품 연결과 주요 팝업 테스트. 모든 세부 설정 조합 인수 미완료.","다른 회원들이 제휴한 제휴상품 목록
1
상품의 상세 정보를 볼 수 있는 팝업창을 생성한다.
RF-02-04-05-10 참고
2
제휴한 회원에게 판매 허가를 요청 할 수 있는 팝업창을 생성한다.
RF-02-04-05-8 참고
3
판매할 상품으로 추가할 수 있는 팝업창을 생성한다.
RF-02-04-05-9 참고
※ 자사 PG를 사용하는 Shop채널일 경우에는 공유상품과 제휴상품을 판매할 수 없으므로 탭영역을 블록처리한다. ( 클릭해도 페이지 이동을 못하게 한다. )
No
상품코드
상품명
판매자
재고
판매형태
판매가격
이익금
상세보기
판매요청
상품추가
3433
a20392
Test123
수량제한없음
상품판매
3,500 원
1,500 원
3432
a20321
Abc111
10,000 개
위탁판매
(최소가) 11,550 원
-
3431
a20320
nttes0922
500,000 개
( 1회 100개 제한 )
위탁판매
(최소가) 11,550 원
-
3430
A20222
Test123
수량제한없음
상품판매
15,000 원
3,000 원
3429
B20321
Abc111
10,000 개
상품판매
12,000 원
2,000 원
3428
C20320
nttes0922
500,000 개
( 1회 100개 제한 )
위탁판매
(최소가) 11,550 원
-
3427
E20392
Test123
수량제한없음
위탁판매
(최소가) 11,550 원
-
3426
F20212
Abc111
10,000 개
위탁판매
(최소가) 11,550 원
-
3425
Z20321
nttes0922
500,000 개
( 1회 100개 제한 )
위탁판매
(최소가) 11,550 원
-
3424
A20200
Test123
수량제한없음
상품판매
5,500 원
500 원
3423
A20333
Abc111
10,000 개
상품판매
3,800 원
800 원
3422
E20312
nttes0922
500,000 개
( 1회 100개 제한 )
상품판매
12,000 원
2,000 원
IMG
대분류 > 중분류 > 소분류
상품명23232
IMG
대분류 > 중분류 > 소분류
상품명33
IMG
대분류 > 중분류 > 소분류
상품명
IMG
대분류 > 중분류 > 소분류
상품명23232
IMG
대분류 > 중분류 > 소분류
상품명33
IMG
대분류 > 중분류 > 소분류
상품명
IMG
대분류 > 중분류 > 소분류
상품명23232
IMG
대분류 > 중분류 > 소분류
상품명33
IMG
대분류 > 중분류 > 소분류
상품명
IMG
대분류 > 중분류 > 소분류
상품명23232
IMG
대분류 > 중분류 > 소분류
상품명33
IMG
대분류 > 중분류 > 소분류
상품명
보기
보기
보기
보기
보기
보기
보기
보기
보기
보기
보기
보기
판매요청
판매요청중
판매요청중
판매요청중
판매요청
판매허용
판매허용
요청거부
요청거부
요청거부
판매허용
판매요청
추가
추가
추가
불가
불가
불가
불가
불가
불가
불가
불가
불가
1
2
3"
"100","RF-02-04-05-8","판매 상품 추가 > 제휴 상품 목록 > 판매 요청","부분검증 (개별 인수 미완료)","tests/Feature/ChannelRoutesTest.php;tests/Feature/ShopChannelAccessTest.php;tests/Feature/ShopRuntimeTest.php","Shop 소유권/복사/입장/상품 연결과 주요 팝업 테스트. 모든 세부 설정 조합 인수 미완료.","제휴상품에서 판매요청을 진행하는 화면 & 재요청하는 화면
1
상태가 판매 요청인 경우 판매 요청하기 버튼을 통해 판매자에게 신청할 수 있다.
2
상태가 요청 거부인 경우 재요청하기 버튼을 통해 판매자에게 신청할 수 있다.
판매형태
위탁판매
판매가격범위
11,550원 ~ 20,000 원
재고
20,000 개
구매제한수량
1회 구매시 100개 까지
상품 판매 기간
무기한
판매형태
위탁판매
판매가격범위
11,550원 ~ 20,000 원
재고
20,000 개
구매제한수량
1회 구매시 100개 까지
상품 판매 기간
무기한
판매 금액 설정
원
예상 이익금
1,290 원
최대 지급 포인트
1,290 Point
지급 포인트 설정
Point
13,000
350
판매 할 수 있게 해 주세요
■ 신청사유
판매 금액 설정
원
예상 이익금
1,290 원
최대 지급 포인트
1,290 Point
지급 포인트 설정
Point
13,000
350"
"101","RF-02-04-05-9","판매 상품 추가 > 제휴 상품 목록 > 추가","부분검증 (개별 인수 미완료)","tests/Feature/ChannelRoutesTest.php;tests/Feature/ShopChannelAccessTest.php;tests/Feature/ShopRuntimeTest.php","Shop 소유권/복사/입장/상품 연결과 주요 팝업 테스트. 모든 세부 설정 조합 인수 미완료.","제휴상품에서 판매허용된 상품을 Shop채널의 판매상품으로 추가하는 화면
2
제휴상품 신청시 제시한 금액이 확정되어 표시되고, 수정이 불가하다.
3
클릭 시 Shop 채널의 판매 상품으로 등록된다.
3
판매형태
위탁판매
판매가격범위
11,550원 ~ 20,000 원
재고
20,000 개
구매제한수량
1회 구매시 100개 까지
상품 판매 기간
무기한
판매 금액 설정
원
예상 이익금
1,290 원
최대 지급 포인트
1,290 Point
지급 포인트 설정
Point
13,000
350
2"
"102","RF-02-04-05-10","판매 상품 추가 > 제휴 상품 목록 > 보기","부분검증 (개별 인수 미완료)","tests/Feature/ChannelRoutesTest.php;tests/Feature/ShopChannelAccessTest.php;tests/Feature/ShopRuntimeTest.php","Shop 소유권/복사/입장/상품 연결과 주요 팝업 테스트. 모든 세부 설정 조합 인수 미완료.","제휴상품 목록에서 보기를 클릭하여 상품의 상세 정보를 보이는 화면
Contents
대분류 > 중분류 > 소분류
상품명23232
상품코드 :  a200392            판매자 : aabbds
상품 판매 조건
상품 상세 정보
창닫기
판매형태
상품판매
과세구분
과세
판매가격
13,000 원
판매이익금
1,500 원
재고
3,223 개
구매제한수량
1회 구매에 100 개까지 구매가능"
"103","RF-02-04-05-11","Shop채널의 판매 상품의 상세보기 화면","부분검증 (개별 인수 미완료)","tests/Feature/ChannelRoutesTest.php;tests/Feature/ShopChannelAccessTest.php;tests/Feature/ShopRuntimeTest.php","Shop 소유권/복사/입장/상품 연결과 주요 팝업 테스트. 모든 세부 설정 조합 인수 미완료.","Shop채널의 판매 상품 목록에서 “보기＂를 클릭할 때 보이는 상품간략정보 표시하는 화면
판매형태
상품판매
상품가격
1,000 원
재고
20,000 개
구매제한수량
1회 구매시 100개 까지
상품 판매 기간
무기한"
"104","RF-02-04-05-12","Shop채널의 판매중지된 상품의 상세보기 화면","부분검증 (개별 인수 미완료)","tests/Feature/ChannelRoutesTest.php;tests/Feature/ShopChannelAccessTest.php;tests/Feature/ShopRuntimeTest.php","Shop 소유권/복사/입장/상품 연결과 주요 팝업 테스트. 모든 세부 설정 조합 인수 미완료.","Shop채널의 판매중지상품 목록에서 “보기＂를 클릭할 때 보이는 상품간략정보 표시하는 화면
IMG
대분류 > 중분류 > 소분류
상품명 111111
○ 판매 상품 정보 ( 자사상품 )
■ 상품 제약 조건
■ 판매 설정 정보
판매 상품 코드
Me9-Shop-0032022
■ 판매 상품 코드
판매 가격
1,000 원
지급 포인트
350 Point
창닫기
판매형태
상품판매
상품가격
1,000 원
재고
20,000 개
구매제한수량
1회 구매시 100개 까지
상품 판매 기간
무기한"
"105","RF-02-04-06","Shop채널에 표시될 공지사항 목록 화면","부분검증 (개별 인수 미완료)","tests/Feature/ChannelRoutesTest.php;tests/Feature/ShopChannelAccessTest.php;tests/Feature/ShopRuntimeTest.php","Shop 소유권/복사/입장/상품 연결과 주요 팝업 테스트. 모든 세부 설정 조합 인수 미완료.","Shop채널의 공지사항 목록
1
커뮤니티 상세 페이지로 이동
RF-02-04-07 참고
2
글쓰기 페이지로 이동
RF-02-04-08 참고
1
2"
"106","RF-02-04-07","Shop 채널 공지사항 상세 보기 화면","부분검증 (개별 인수 미완료)","tests/Feature/ChannelRoutesTest.php;tests/Feature/ShopChannelAccessTest.php;tests/Feature/ShopRuntimeTest.php","Shop 소유권/복사/입장/상품 연결과 주요 팝업 테스트. 모든 세부 설정 조합 인수 미완료.","Shop채널의 공지사항 작성 내용 보기 화면
1
첨부파일 다운로드
2
수정 페이지 RF-02-04-05-4로 이동
3
게시글 삭제 버튼
4
다음 글 또는 이전 글로 이동할 수 있으며, 해당 글이 없는 경우에는 표시되지 않는다.
1
2
3
4"
"107","RF-02-04-08","Shop채널 공지사항 등록 화면","부분검증 (개별 인수 미완료)","tests/Feature/ChannelRoutesTest.php;tests/Feature/ShopChannelAccessTest.php;tests/Feature/ShopRuntimeTest.php","Shop 소유권/복사/입장/상품 연결과 주요 팝업 테스트. 모든 세부 설정 조합 인수 미완료.","Shop채널에 표시되는 공지사항 등록 화면
1
네이버 에디터 사용(대체 가능)
2
파일 찾기
3
글쓰기를 눌렀을 때에 화면 정보를 가지고 해당 페이지로 이동
4
게시글 등록 버튼
1
2
3
4"
"108","RF-02-04-09","Shop채널 공지사항 수정 화면","부분검증 (개별 인수 미완료)","tests/Feature/ChannelRoutesTest.php;tests/Feature/ShopChannelAccessTest.php;tests/Feature/ShopRuntimeTest.php","Shop 소유권/복사/입장/상품 연결과 주요 팝업 테스트. 모든 세부 설정 조합 인수 미완료.","Shop채널에 표시되는 공지사항 수정 화면"
"109","","●  상품 관리","목차/개정/구분 페이지","","구현 완료율 분모에서 제외. 개정 이력은 해당 RF와 함께 해석.",""
"110","RF-02-05-01","자사 상품 목록","부분검증 (개별 인수 미완료)","tests/Feature/ChannelProductTest.php;tests/Feature/ShopRuntimeTest.php","상품 가격 제한/소유권/수량/재고/공유상품 테스트. 옵션 유형 전체 및 공급 계약 대조 미완료.","판매채널에서 관리하는 자사 상품 목록 화면
1
판매 중지 신청을 하여 판매 중지가 되는 날짜를 표시하는 영역
2
내 자사 상품을 게시한 Shop 채널의 수
클릭 시 내 상품을 게시한 Shop 채널의 정보 목록 화면 생성
RF-02-05-01-5 참고
3
판매 요청 목록 화면 생성
RF-02-05-01-4 참고
4
판매중지 예고신청버튼
: 자사 상품이 채널에 게시된 경우 제품을 판매 중지로 수정또는 제품을 삭제할 경우 게시된 채널에 판매중지예고를 전달하는 버튼
RF-02-05-01-3 참고
5
클릭하면 상품등록 화면 RF-02-05-02으로 이동
6
상품 상세 화면 생성
RF-02-05-01-2 참고
7
자사 상품의 기본 정보를 복사하여 새로운 상품 코드로 자사 상품을 생성하는 버튼
5
4
3
2
1
6
7"
"111","RF-02-05-01-1","자사 상품 목록 검색페이지 표시","부분검증 (개별 인수 미완료)","tests/Feature/ChannelProductTest.php;tests/Feature/ShopRuntimeTest.php","상품 가격 제한/소유권/수량/재고/공유상품 테스트. 옵션 유형 전체 및 공급 계약 대조 미완료.","상세 버튼을 클릭하면 펼쳐지는 상세 검색 화면이 표시된다."
"112","RF-02-05-01-2","자사 상품 목록 > 보기","부분검증 (개별 인수 미완료)","tests/Feature/ChannelProductTest.php;tests/Feature/ShopRuntimeTest.php","상품 가격 제한/소유권/수량/재고/공유상품 테스트. 옵션 유형 전체 및 공급 계약 대조 미완료.","상품 상세 내용이 표시되는 화면
판매형태
상품판매
과세구분
과세
판매가격
13,000 원
판매이익금
1,500 원
재고
3,223 개
구매제한수량
1회 구매에 100 개까지 구매가능"
"113","RF-02-05-01-3","자사 상품 목록 > 판매중지 예고신청","부분검증 (개별 인수 미완료)","tests/Feature/ChannelProductTest.php;tests/Feature/ShopRuntimeTest.php","상품 가격 제한/소유권/수량/재고/공유상품 테스트. 옵션 유형 전체 및 공급 계약 대조 미완료.","판매중지예고 설정을 할 수 있는 화면
1
판매중지 예고일자는 당일+3일 이후의 날짜부터 설정이 가능하다.
1"
"114","RF-02-05-01-4","자사 상품 목록 > 판매 요청 목록","부분검증 (개별 인수 미완료)","tests/Feature/ChannelProductTest.php;tests/Feature/ShopRuntimeTest.php","상품 가격 제한/소유권/수량/재고/공유상품 테스트. 옵션 유형 전체 및 공급 계약 대조 미완료.","자사 상품 중 부분공개를 허용한 상품을 판매요청을 한 목록 화면
1
판매 요청 목록 중 선택한 판매 요청을 거절하는 버튼
2
판매 요청 목록 중 선택한 판매 요청을 승인하는 버튼
1
2"
"115","RF-02-05-01-5","자사 상품 목록 > 게시 채널","부분검증 (개별 인수 미완료)","tests/Feature/ChannelProductTest.php;tests/Feature/ShopRuntimeTest.php","상품 가격 제한/소유권/수량/재고/공유상품 테스트. 옵션 유형 전체 및 공급 계약 대조 미완료.","상품을 게시한 채널의 목록 화면
채널코드
채널상태
채널명
채널범위
상품수
QR 코드
단축주소
a20392
운영
채널명 123
공개, 회원용
03
//qcc112.ko
a20321
중지
비공개 채널명 3332221
비공개
--
//qcc211.ko
a20320
운영
일반용 채널명 가나다라마바사
공개, 일반용
13
//qcc344.ko
총 00건
#그룹 키워드 #1
#키워드 #2
#그룹 키워드 #1
#그룹 키워드 #1
#키워드 #2
IMG
대분류 > 중분류 > 소분류
상품명 111111"
"116","RF-02-05-02","자사 상품 등록","부분검증 (개별 인수 미완료)","tests/Feature/ChannelProductTest.php;tests/Feature/ShopRuntimeTest.php","상품 가격 제한/소유권/수량/재고/공유상품 테스트. 옵션 유형 전체 및 공급 계약 대조 미완료.","자사 상품 등록 화면으로 기본 설정된 화면
1
판매범위의 항목이 아래부분으로 이동, 공유구분으로 명칭변경등록되는 상품은 모두 자사상품인 것이고, 자사상품에서 공유 또는 제휴등의 판매형태로 구분되기 때문에 위치를 변경하는 것이 가독성이 유리함
2
상품등록시에는 포인트 제공하는 기능이 없음
해당기능은 상품을 판매등록시 지급포인트 항목이 기능을 담당함
3
공유구분은 자사상품을 공유할 것인지를 구분하는 항목이고, 공유하는 것으로 체크할 경우 가격설정부분이 추가로 활성화됨
1
2
3"
"117","RF-02-05-02-1","자사 상품 등록 > 상품 분류","부분검증 (개별 인수 미완료)","tests/Feature/ChannelProductTest.php;tests/Feature/ShopRuntimeTest.php","상품 가격 제한/소유권/수량/재고/공유상품 테스트. 옵션 유형 전체 및 공급 계약 대조 미완료.","상품 대분류 선택 시 대분류가 특정 분류일 경우 필수표시사항 등록화면 표시
1
대분류 선택시 필수표시 등록표가 출력되는 대분류
식품
건강기능식품
의약외품
화장품
의류
패션 상품
전자제품
전기용품
완구
유아용품
가구
인테리어
주류
담배
자동차
오토바이 부품
기타 수입품
2
유형별 필수 표시 등록폼
3
식품 및 건강기능식품 외 각 유형별 필수 표시 항목
3
■ 상품 유형별  필수 표시 사항 ( 식품 및 건강기능식품 )
제품명
식품의 유형
제조업소명
소재지
원재료 명 및 함량
* 알레르기 유발 물질 표시 포함
유통기한 또는 품질유지기한
제조연월일
내용량 ( 중량, 부피 등 )
보관방법
섭취 방법 및 섭취 시 주의 사항
건강기능식품의 경우 기능성 내용
및 ‘질병 예방,치료 목적이 아님’ 문구표시
상품코드
Me9-2024-099833
상품상태
○ 판매   ● 중지
상품분류
상품명
상품가격
원
상품가격
원
1
대분류 ▼
중분류 ▼
소분류 ▼
1,000
1,000
2
1"
"118","RF-02-05-02-2","자사 상품 등록 > 상품 상세 설명","부분검증 (개별 인수 미완료)","tests/Feature/ChannelProductTest.php;tests/Feature/ShopRuntimeTest.php","상품 가격 제한/소유권/수량/재고/공유상품 테스트. 옵션 유형 전체 및 공급 계약 대조 미완료.","상품 상세 설명 표시에 따른 화면 표시
1
이미지로 등록 선택 시 파일 등록 영역 활성화
2
텍스트로 등록 선택 시 텍스트 작성 영역 활성화
3
파일 찾기
4
네이버 에디터(대체 가능)
1
2
3
4"
"119","RF-02-05-02-3","자사 상품 등록 > 취소/환불(교환) 안내 설정","부분검증 (개별 인수 미완료)","tests/Feature/ChannelProductTest.php;tests/Feature/ShopRuntimeTest.php","상품 가격 제한/소유권/수량/재고/공유상품 테스트. 옵션 유형 전체 및 공급 계약 대조 미완료.","취소/환불(교환) 안내 설정의 표시
설정정보선택은 채널환경에서 설정한 정보가 출력 된다.
1
취소/환불 안내 관리에서 등록한 내용이 표시된다.
기본정보는 Me9 총관리자에서 등록한 기본 정보가 표시된다."
"120","RF-02-05-02-4","자사 상품 등록 > 상품 옵션","구현/회귀검증","app/Services/ShopChannelRuntime.php;tests/Feature/ChannelProductTest.php;tests/Feature/ShopRuntimeTest.php","별도 price_adjustment에 +/- 증감액 저장, 구매 금액/스냅샷/원자적 저장/취소 재고 복구 검증. 차액 옵션 교환은 차액 PG 미연동으로 차단. 과거 price는 임의 이관하지 않음.","상품 옵션 선택 시 등록 폼 변화 표시
재고 사용여부에 따라 수량 입력 폼이 보이거나 안보이거나 한다
1
미사용 - 옵션의 상품 수량을 무한대로 사용한다.
사용 - 옵션의 상품 수량을 제한적으로 사용한다.
2
옵션을 비고형, 일반선택형, 금액선택형을 선택
2
1"
"121","RF-02-05-02-5","자사 상품 등록 > 상품 제약 조건","부분검증 (개별 인수 미완료)","tests/Feature/ChannelProductTest.php;tests/Feature/ShopRuntimeTest.php","상품 가격 제한/소유권/수량/재고/공유상품 테스트. 옵션 유형 전체 및 공급 계약 대조 미완료.","상품 제약 조건의 선택 시 등록 폼 변화 표시
1
공유구분에서 공유상품이나 제휴상품으로 선택할 때 가격 조건을 입력하는 영역 활성화
1-1
상품을 공유하고 판매형태가 “상품판매” 일 경우에는 상품 판매 후의 수수료를 상품공유자가 내는 구조입니다.따라서 판매가격은 상품가격에서 공유판매자의 이익금을 포함한 가격입니다.
이익금을 결정하는 방법도 두가지가 있으며, 고정비용을 클릭하거나 비율비용을 클릭하는 것에 따라 이익금이 달리 설정되고 최종 판매가격을 설정됩니다.
1-2
상품을 공유하고 판매형태가 “위탁판매” 일 경우에는
1-3의 판매가격 결정 영역이 표시됩니다.
1-3
위탁판매시 판매가격은 위탁판매자가 가격을 결정하므로 최소판매비용은 위탁판매자의 수수료율에 따라 달라집니다.
따라서 상품을 등록할 때에는 기본 5%의 수수료를 예시로 해서 최소판매가를 설정합니다.
최소가격 산출식
$product_price    // 상품가격
$delivery_fee       // 배송비
$commission_rate // 공유회사 수수료
$remain_rate = 1 - (($commission_rate * 1.1) / 100);
$min_price = ceil(((($product_price + $delivery_fee) / $remain_rate) - $delivery_fee) / 10) * 10;
적용 )
$product_price = 10000;   // 상품가격
$delivery_fee = 2500;       // 배송비
$commission_rate = 10;   // 공유회사 수수료
$remain_rate = 1 - ((10 × 1.1) / 100) = 0.89
$min_price = ceil((((10,000 + 2,500) / 0.89) - 2,500) / 10 ) * 10 = 11,550;
2
구매제한수량을 사용으로 선택할 시 구매 수량을 입력하는 영역 활성화
2-1
구매제한수량 입력 영역
공유구분
■ 공유상품      ■ 제휴상품
판매형태 설정
○ 상품판매      ● 위탁판매
판매가격 결정
최소판매비용                           원  ⓘ 위탁판매업체의 수수료가 5% 라고 가정했을 때 산출되는 최소판매비용입니다.
판매가격                      부터  ~                          원 사이 설정가능
1060
구매제한수량
○ 미사용       ● 사용   ⓘ 1회 구매시 최소 또는 최대 구매 수량을 제한 할 수 있습니다.
최소                 개 부터  최대                 개 까지 구매가능
0
1-1
공유구분
■ 공유상품      ■ 제휴상품
판매형태 설정
● 상품판매      ○ 위탁판매
판매가격 결정
● 고정비용      ○ 비율비용 (%)  /  개당                               원
○ 고정비용      ● 비율비용 (%)  /  개당                               %판매가격               0      원 ( 십원 단위 올림 )( 판매가격 = 상품가격 + 이익금 )
100
1-2
2-1
공유구분을 공유상품 또는 제휴상품으로 선택하고 판매형태가 상품판매일 경우
공유구분을 공유상품 또는 제휴상품으로 선택하고 판매형태가 위탁판매일 경우
구매제한수량을 사용으로 변경했을 경우
100
10
5000
1100
1-3
1060"
"122","RF-02-05-02-6","자사 상품 등록 > 발주 담당자 정보","부분검증 (개별 인수 미완료)","tests/Feature/ChannelProductTest.php;tests/Feature/ShopRuntimeTest.php","상품 가격 제한/소유권/수량/재고/공유상품 테스트. 옵션 유형 전체 및 공급 계약 대조 미완료.","발주 담당자 선택 시 등록 폼 변화 표시
1
발주 담당자 설정을 설정으로 선택 시 발주 담당자 등록 영역 활성화
2
발주 담당자 찾기 화면 생성
3
담당자 정보를 입력하면 정보에 맞는 담당자 목록이 표시된다.
4
선택 시 발주 담당자 정보가 등록된다.
1
2
3
4"
"123","RF-02-05-03","공개 상품 목록","부분검증 (개별 인수 미완료)","tests/Feature/ChannelProductTest.php;tests/Feature/ShopRuntimeTest.php","상품 가격 제한/소유권/수량/재고/공유상품 테스트. 옵션 유형 전체 및 공급 계약 대조 미완료.","다른 회원이 공개한 상품을 내 Shop 채널로 추가한 경우 표시되는 상품 목록
1
버튼 클릭 시 상세 검색 영역이 표시된다.
2
상품을 공개한 판매자 아이디
3
공개한 상품의 재고현황 표시
4
판매형태 표시
5
공개한 상품을 대행 판매할 수 있는 금액 표시위탁판매일 경우 최소값과 최대값이 표시되며,
상품판매일 경우 판매가격이 표시된다.
6
판매형태가 상품판매일 경우에 이익금을 표시한다.
7
공유된 상품을 판매하고 있는 나의 Shop채널을 표시한다.
8
공개 상품 상세 화면 생성
RF-02-05-03-1 참고
8
4
5"
"124","RF-02-05-03-1","공개 상품 목록 > 보기","부분검증 (개별 인수 미완료)","tests/Feature/ChannelProductTest.php;tests/Feature/ShopRuntimeTest.php","상품 가격 제한/소유권/수량/재고/공유상품 테스트. 옵션 유형 전체 및 공급 계약 대조 미완료.","상품의 상세 정보가 표시되는 화면
판매형태
상품판매
과세구분
과세
판매가격
13,000 원
판매이익금
1,500 원
재고
3,223 개
구매제한수량
1회 구매에 100 개까지 구매가능"
"125","RF-02-05-04","제휴 상품 목록","부분검증 (개별 인수 미완료)","tests/Feature/ChannelProductTest.php;tests/Feature/ShopRuntimeTest.php","상품 가격 제한/소유권/수량/재고/공유상품 테스트. 옵션 유형 전체 및 공급 계약 대조 미완료.","다른 회원이 제휴한 상품을 판매 요청 승인을 받은 후 내 Shop 채널로 추가한 경우 표시되는 상품 목록
1
상품을 제휴한 판매자 아이디
2
제휴한 상품의 재고현황 표시
3
제휴한 상품을 대행 판매할 수 있는 금액 표시
4
상품이 추가 되어 있는 내 Shop 채널의 정보 표시
5
제휴 상품 상세 화면 생성
RF-02-05-05 참고
6
버튼 클릭 시 상세 검색 영역이 표시된다.
6"
"126","RF-02-05-05","제휴 상품 목록 > 보기","부분검증 (개별 인수 미완료)","tests/Feature/ChannelProductTest.php;tests/Feature/ShopRuntimeTest.php","상품 가격 제한/소유권/수량/재고/공유상품 테스트. 옵션 유형 전체 및 공급 계약 대조 미완료.","상품의 상세 정보가 표시되는 화면
판매형태
상품판매
과세구분
과세
판매가격
13,000 원
판매이익금
1,500 원
재고
3,223 개
구매제한수량
1회 구매에 100 개까지 구매가능"
"127","","●  공동구매 관리","목차/개정/구분 페이지","","구현 완료율 분모에서 제외. 개정 이력은 해당 RF와 함께 해석.",""
"128","RF-02-06-01","공동구매상품 목록","부분검증 (개별 인수 미완료)","tests/Feature/JointPurchasePricingTest.php;tests/Feature/ShopRuntimeTest.php","수량별 재산정과 원 결제금액 보존 테스트. 취소 후 수량 경계/동시성/차액 지급 및 재결제 인수 미완료.","등록한 공동구매상품 목록 화면
1
상세 검색 버튼.
버튼 클릭 시 RF-02-06-01-1 화면과 같이 상세 검색 영역이 표시된다.
2
공동구매상품 등록 버튼.
버튼 클릭 시 RF-02-06-02 화면으로 페이지가 이동한다.
3
공동구매상품 정보수정 버튼.
버튼 클릭 시 RF-02-06-03 화면으로 페이지가 이동한다.
4
공동구매상품 삭제 버튼.
버튼 클릭 시 RF-02-06-01-1 화면과 같이 삭제 경고 메시지가 보여진다. 상태가 대기일 경우에만 삭제할 수 있다.
5
공동구매상품의 주문 내역을 확인하는 버튼.
버튼 클릭 시 RF-02-07-01
화면으로 페이지 이동을 하며, 이동 후 공동구매상품 코드와 주문 유형이 상품 정보에 맞게 검색된다.
1
3
4
5
2"
"129","RF-02-06-01-1","공동구매상품 상세 검색 및 삭제 메시지","부분검증 (개별 인수 미완료)","tests/Feature/JointPurchasePricingTest.php;tests/Feature/ShopRuntimeTest.php","수량별 재산정과 원 결제금액 보존 테스트. 취소 후 수량 경계/동시성/차액 지급 및 재결제 인수 미완료.","공동구매상품 상세 검색 및 삭제 메시지 화면
1
삭제 버튼 클릭 시 보여지는 메시지.
확인을 누르면 상태가 대기인 공동구매 상품만 삭제된다.
2
상세 검색 영역
상세▼
검색구분
판매기간
상태
□ 전체     □ 대기      □ 진행중     □  마감
검색
2
Confirm
공동구매상품 정보를 삭제하시겠습니까?
삭제 후에는 복구할 수 없습니다.
취소
확인
1
공동구매상품명              ▼
~"
"130","RF-02-06-02","공동구매상품 등록","부분검증 (개별 인수 미완료)","tests/Feature/JointPurchasePricingTest.php;tests/Feature/ShopRuntimeTest.php","수량별 재산정과 원 결제금액 보존 테스트. 취소 후 수량 경계/동시성/차액 지급 및 재결제 인수 미완료.","공동구매상품 등록 화면
■ 공동구매 판매 정보
공동구매상품 판매명
판매기간 여부
○ 기간 설정     ● 기간 설정 없음
판매 기간
~
추가하기
삭제
삭제"
"131","RF-02-06-02-1","공동구매상품 등록","부분검증 (개별 인수 미완료)","tests/Feature/JointPurchasePricingTest.php;tests/Feature/ShopRuntimeTest.php","수량별 재산정과 원 결제금액 보존 테스트. 취소 후 수량 경계/동시성/차액 지급 및 재결제 인수 미완료.","상품 대분류 선택 시 대분류가 특정 분류일 경우 필수표시사항 등록화면 표시
1
대분류 선택시 필수표시 등록표가 출력되는 대분류
식품
건강기능식품
의약외품
화장품
의류
패션 상품
전자제품
전기용품
완구
유아용품
가구
인테리어
주류
담배
자동차
오토바이 부품
기타 수입품
2
유형별 필수 표시 등록폼
3
식품 및 건강기능식품 외 각 유형별 필수 표시 항목
■ 공동구매 판매 정보
공동구매상품 판매명
판매기간 여부
○ 기간 설정     ● 기간 설정 없음
판매 기간
~
추가하기
삭제
삭제
■ 의약외품 및 화장품
제품명.
용량 및 중량.
전 성분(화장품의 경우).
사용 방법 및 주의사항.
제조업체 및 제조국가.
유효기간(사용 기한).
기능성 화장품일 경우, 식약처 인증 내용.
■ 의류 및 패션 상품
제품명.
소재(섬유의 혼용률).
제조업체명 및 제조국가.
사이즈.
세탁 방법.
제조연월.
■ 전자제품 및 전기용품
제품명.
모델명.
전기용품안전인증번호.
제조업체명 및 제조국가.
제조연월.
정격전압/소비전력.
KC 인증마크 및 번호.
AS 연락처.
■ 어린이 제품( 완구, 유아용품 등 )
제품명.
사용 연령 또는 적정 연령.
안전 인증 마크 및 번호.
주의 문구 (예: 작은 부품 포함 여부, 질식 위험 등).
제조업체명 및 제조국가.
■ 가구 및 인테리어 제품
제품명.
크기 및 재질.
제조업체명 및 제조국가.
제조연월.
조립 여부.
■ 주류 및 담배
제품명.
알코올 함량.
제조업체명 및 제조국가.
유통기한(일부 주류 제외).
음주 시 주의사항 (임산부 경고 문구 등).
■ 자동차 및 오토바이 부품
제품명.
모델명 및 호환 정보.
제조업체명 및 제조국가.
품질 보증기간.
KC 인증 정보 (해당 시).
■ 기타 수입품
원산지.
수입업체명 및 연락처.
안전 인증 마크 및 번호.
통관 여부 (정식 수입품임을 확인할 수 있어야 함).
3
■ 상품 유형별  필수 표시 사항 ( 식품 및 건강기능식품 )
제품명
식품의 유형
제조업소명
소재지
원재료 명 및 함량
* 알레르기 유발 물질 표시 포함
유통기한 또는 품질유지기한
제조연월일
내용량 ( 중량, 부피 등 )
보관방법
섭취 방법 및 섭취 시 주의 사항
건강기능식품의 경우 기능성 내용
및 ‘질병 예방,치료 목적이 아님’ 문구표시
1"
"132","RF-02-06-02-2","공동구매상품 등록","부분검증 (개별 인수 미완료)","tests/Feature/JointPurchasePricingTest.php;tests/Feature/ShopRuntimeTest.php","수량별 재산정과 원 결제금액 보존 테스트. 취소 후 수량 경계/동시성/차액 지급 및 재결제 인수 미완료.","공동구매 판매기간 여부 선택에 따른 화면 표시 및 상품 상세 설명 표시에 따른 화면 표시
1
기간 설정 선택 시 판매기간 입력창 활성화
2
이미지로 등록 선택 시 파일 등록 영역 활성화
3
텍스트로 등록 선택 시 텍스트 작성 영역 활성화
4
파일 찾기
5
네이버 에디터(대체 가능)
■ 공동구매 판매 정보
공동구매상품 판매명
판매기간 여부
● 기간 설정     ○ 기간 설정 없음
판매 기간
~
추가하기
삭제
삭제
■ 공동구매상품 상세 설명
상세정보 등록타입
○ 미사용     ● 이미지로 등록    ○ 텍스트로 등록
상세정보
*PC 최적화 이미지 (가로 000pixel)
*Mobile 최적화 이미지 (가로 000pixel)
찾아보기
찾아보기
■ 공동구매상품 상세 설명
상세정보 등록타입
○ 미사용     ○ 이미지로 등록    ● 텍스트로 등록
상세정보
2
3
4
5
1
공동구매상품 코드
Me9-2024-099833
상품상태
● 대기  ○ 진행중  ○ 마감
공동구매상품 분류
공동구매상품명
상품가격
원
기본금액
원
대분류 ▼
중분류 ▼
소분류 ▼
1,000"
"133","RF-02-06-02-3","공동구매상품 등록","부분검증 (개별 인수 미완료)","tests/Feature/JointPurchasePricingTest.php;tests/Feature/ShopRuntimeTest.php","수량별 재산정과 원 결제금액 보존 테스트. 취소 후 수량 경계/동시성/차액 지급 및 재결제 인수 미완료.","취소/환불(교환) 안내 설정의 표시
설정정보선택은 채널환경에서 설정한 정보가 출력 된다.
1
취소/환불 안내 관리에서 등록한 내용이 표시된다.
기본정보는 Me9 총관리자에서 등록한 기본 정보가 표시된다.
■ 공동구매 판매 정보
공동구매상품 판매명
판매기간 여부
○ 기간 설정     ● 기간 설정 없음
판매 기간
~
추가하기
삭제
삭제
기본 정보
취소/환불 정보
쇼핑몰 취소 정보
1
공동구매상품 코드
Me9-2024-099833
상품상태
● 대기  ○ 진행중  ○ 마감
공동구매상품 분류
공동구매상품명
상품가격
원
기본금액
원
대분류 ▼
중분류 ▼
소분류 ▼
1,000"
"134","RF-02-06-02-4","공동구매상품 등록","부분검증 (개별 인수 미완료)","tests/Feature/JointPurchasePricingTest.php;tests/Feature/ShopRuntimeTest.php","수량별 재산정과 원 결제금액 보존 테스트. 취소 후 수량 경계/동시성/차액 지급 및 재결제 인수 미완료.","판매 혜택 추가 시 화면 표시
1
버튼 클릭 시 입력한 판매 수량과 혜택 금액이 하단에 출력된다. 값이 없을 경우에는 추가되지 않는다.
2
버튼 클릭 시 출력된 영역 삭제
■ 공동구매 판매 정보
공동구매상품 판매명
판매기간 여부
○ 기간 설정     ● 기간 설정 없음
판매 기간
~
추가하기
삭제
삭제
1
2
공동구매상품 코드
Me9-2024-099833
상품상태
● 대기  ○ 진행중  ○ 마감
공동구매상품 분류
공동구매상품명
상품가격
원
기본금액
원
대분류 ▼
중분류 ▼
소분류 ▼
1,000"
"135","RF-02-06-02-5","공동구매상품 등록","부분검증 (개별 인수 미완료)","tests/Feature/JointPurchasePricingTest.php;tests/Feature/ShopRuntimeTest.php","수량별 재산정과 원 결제금액 보존 테스트. 취소 후 수량 경계/동시성/차액 지급 및 재결제 인수 미완료.","발주 담당자 선택 시 등록 폼 변화 표시
1
발주 담당자 설정을 설정으로 선택 시 발주 담당자 등록 영역 활성화
2
발주 담당자 찾기 화면 생성
3
담당자 정보를 입력하면 정보에 맞는 담당자 목록이 표시된다.
4
선택 시 발주 담당자 정보가 등록된다.
■ 공동구매 판매 정보
공동구매상품 판매명
판매기간 여부
○ 기간 설정     ● 기간 설정 없음
판매 기간
~
추가하기
삭제
삭제
발주 담당자 설정
○ 설정안함    ● 설정
발주 담당자 선택
■ 발주 담당자 정보
담당찾기
홍길동 (abc@abc.co.kr)
■ 발주담당자 찾기
담당자명
검색
홍길동 ( abc@abc.co.kr )
성춘향 ( test1234@naver.com )
이목룡 ( dsdsfds@gmail.com )
선택
선택
선택
1
2
3
4
공동구매상품 코드
Me9-2024-099833
상품상태
● 대기  ○ 진행중  ○ 마감
공동구매상품 분류
공동구매상품명
상품가격
원
기본금액
원
대분류 ▼
중분류 ▼
소분류 ▼
1,000"
"136","RF-02-06-03","공동구매상품 수정","부분검증 (개별 인수 미완료)","tests/Feature/JointPurchasePricingTest.php;tests/Feature/ShopRuntimeTest.php","수량별 재산정과 원 결제금액 보존 테스트. 취소 후 수량 경계/동시성/차액 지급 및 재결제 인수 미완료.","공동구매상품 수정 화면
1
판매 혜택은 수정할 수 없다.
■ 공동구매 판매 정보
공동구매상품 판매명
판매기간 여부
○ 기간 설정     ● 기간 설정 없음
판매 기간
~
1
공동구매상품 코드
Me9-2024-099833
상품상태
● 대기  ○ 진행중  ○ 마감
공동구매상품 분류
공동구매상품명
상품가격
원
기본금액
원
대분류 ▼
중분류 ▼
소분류 ▼
1,000"
"137","","●  주문 관리","목차/개정/구분 페이지","","구현 완료율 분모에서 제외. 개정 이력은 해당 RF와 함께 해석.",""
"138","RF-02-07-01","주문 목록","부분검증 (개별 인수 미완료)","tests/Feature/ChannelOrderTest.php;tests/Feature/ShopRuntimeTest.php;tests/Feature/AdminRoutesTest.php","상태 제한/포인트 및 재고 복구/교환 대체/실패 롤백 테스트. 세부 상태표와 모든 금액 컬럼은 추가 수정·검증 필요.","내 Shop 채널 상품의 주문 목록 화면
1
주문 항목이 좌우로 이동 가능
2
버튼 클릭 시 상세 검색 영역이 표시된다.
1
2"
"139","RF-02-07-01-1","주문 목록 항목","수정/부분검증","app/Services/SettlementCalculator.php;app/Http/Controllers/Front/ChannelController.php","고정 0 제거: 동일 정산 계산기로 예상정산액/매출차익 표시. 확정 지급 내역이 아니라 예상값이며 원문 전체 금액 열 인수는 별도.","주문 목록 상세 항목
1
주문 항목이 좌우로 이동
2
주문 항목 전체 모습
3
주문번호 클릭 시 주문 상세 보기 화면이 생성 된다.
RF-02-07-02 참고
4
상품명을 클릭 시 상품 상세 화면이 생성된다.
RF-02-07-06-10 참고
1
2"
"140","RF-02-07-02","주문 상세 보기 > 주문 목록","부분검증 (개별 인수 미완료)","tests/Feature/ChannelOrderTest.php;tests/Feature/ShopRuntimeTest.php;tests/Feature/AdminRoutesTest.php","상태 제한/포인트 및 재고 복구/교환 대체/실패 롤백 테스트. 세부 상태표와 모든 금액 컬럼은 추가 수정·검증 필요.","주문 상세보기의 주문 정보 화면
1
주문상품목록의 표시항목에서 금액관련한 부분은 RF-02-07-01-1 을 기준으로 항목을 표시한다.
1"
"141","RF-02-07-02-1","주문 상세 보기 > 주문 목록","부분검증 (개별 인수 미완료)","tests/Feature/ChannelOrderTest.php;tests/Feature/ShopRuntimeTest.php;tests/Feature/AdminRoutesTest.php","상태 제한/포인트 및 재고 복구/교환 대체/실패 롤백 테스트. 세부 상태표와 모든 금액 컬럼은 추가 수정·검증 필요.","주문 정보 화면
1
항목이 많아서 좌우로 스크롤이 가능함
2
주문상품목록의 모든 항목
>> 표시항목에서 금액관련한 부분은 RF-02-07-01-1 을 기준으로 항목을 표시한다.
3
카드 결제일 경우 카드결제 정보를 확인가능
1
2
3"
"142","RF-02-07-03","주문 상세 보기 > 정상 주문","부분검증 (개별 인수 미완료)","tests/Feature/ChannelOrderTest.php;tests/Feature/ShopRuntimeTest.php;tests/Feature/AdminRoutesTest.php","상태 제한/포인트 및 재고 복구/교환 대체/실패 롤백 테스트. 세부 상태표와 모든 금액 컬럼은 추가 수정·검증 필요.","주문 상세보기의 정상 주문 화면
1
항목이 많아서 좌우로 스크롤이 가능함
2
주문의 상태, 타입을 변경 하는 버튼
3
표시항목에서 금액관련한 부분은 RF-02-07-01-1 을 기준으로 항목을 표시한다.
3"
"143","RF-02-07-03-1","주문 상세 보기 > 정상 주문","외부연동 제외/부분검증","app/Services/OrderFulfillmentService.php","실 입금/PG 승인 검증 경로 미구현. 검증 없는 결제완료 전환은 허용하지 않음.","주문상태를 결제완료로 전환 처리하는 과정
1
결제완료 상태로 변경할 경우 보여지는 메시지
2
주문이 입금 대기 상태일 경우에만 결제완료 상태로 전환이 가능함
3
표시항목에서 금액관련한 부분은 RF-02-07-01-1 을 기준으로 항목을 표시한다.
3"
"144","RF-02-07-03-2","주문 상세 보기 > 정상 주문","부분검증 (개별 인수 미완료)","tests/Feature/ChannelOrderTest.php;tests/Feature/ShopRuntimeTest.php;tests/Feature/AdminRoutesTest.php","상태 제한/포인트 및 재고 복구/교환 대체/실패 롤백 테스트. 세부 상태표와 모든 금액 컬럼은 추가 수정·검증 필요.","주문상태를 배송대기에서 배송중으로 전환시 택배정보를 입력하여 진행하는 과정
1
주문 배송정보 관리 화면 생성
2
변경하기 클릭 시 배송대기 상태를 배송중으로 변경한다.
3
표시항목에서 금액관련한 부분은 RF-02-07-01-1 을 기준으로 항목을 표시한다.
1
2
3"
"145","RF-02-07-03-3","주문 상세 보기 > 정상 주문","부분검증 (개별 인수 미완료)","tests/Feature/ChannelOrderTest.php;tests/Feature/ShopRuntimeTest.php;tests/Feature/AdminRoutesTest.php","상태 제한/포인트 및 재고 복구/교환 대체/실패 롤백 테스트. 세부 상태표와 모든 금액 컬럼은 추가 수정·검증 필요.","주문상태를 반품요청으로 변경하는 과정
1
반품 요청 화면 생성
2
반품 사유 리스트
3
회수 방법 선택 시 필요한 정보를 입력하는 영역을 활성화 한다.
4
반품 배송비를 입력 후 적용 버튼 클릭 시 차감 내역의 금액은 증가하고 환불 예상 금액은 차감된다.
5
표시항목에서 금액관련한 부분은 RF-02-07-01-1 을 기준으로 항목을 표시한다.
1
2
3
4
5"
"146","RF-02-07-03-4","주문 상세 보기 > 정상 주문","부분검증 (개별 인수 미완료)","tests/Feature/ChannelOrderTest.php;tests/Feature/ShopRuntimeTest.php;tests/Feature/AdminRoutesTest.php","상태 제한/포인트 및 재고 복구/교환 대체/실패 롤백 테스트. 세부 상태표와 모든 금액 컬럼은 추가 수정·검증 필요.","주문상태를 교환요청으로 처리하는 과정
1
교환 요청 화면 생성
2
교환 사유 리스트
3
회수 방법 선택 시 필요한 정보를 입력하는 영역을 활성화 한다.
4
표시항목에서 금액관련한 부분은 RF-02-07-01-1 을 기준으로 항목을 표시한다.
2
1
3
4"
"147","RF-02-07-03-5","주문 상세 보기 > 정상 주문","부분검증 (개별 인수 미완료)","tests/Feature/ChannelOrderTest.php;tests/Feature/ShopRuntimeTest.php;tests/Feature/AdminRoutesTest.php","상태 제한/포인트 및 재고 복구/교환 대체/실패 롤백 테스트. 세부 상태표와 모든 금액 컬럼은 추가 수정·검증 필요.","주문상태를 취소요청으로 처리하는 과정
1
취소 요청 화면 생성
2
취소 사유 리스트
3
표시항목에서 금액관련한 부분은 RF-02-07-01-1 을 기준으로 항목을 표시한다.
2
1
3"
"148","RF-02-07-04","주문 상세 보기 > 취소 주문","부분검증 (개별 인수 미완료)","tests/Feature/ChannelOrderTest.php;tests/Feature/ShopRuntimeTest.php;tests/Feature/AdminRoutesTest.php","상태 제한/포인트 및 재고 복구/교환 대체/실패 롤백 테스트. 세부 상태표와 모든 금액 컬럼은 추가 수정·검증 필요.","주문 상세 보기의 취소 주문 화면
1
주문항목으로 좌우로 스크롤이 가능
2
주문 상태를 변경하는 버튼
3
표시항목에서 금액관련한 부분은 RF-02-07-01-1 을 기준으로 항목을 표시한다.
3"
"149","RF-02-07-04-1","주문상세보기 > 취소주문","구현/회귀검증","tests/Feature/ChannelOrderTest.php;app/Support/OrderClaimActions.php","취소요청 이전 상태 보존. 배송대기 상태에서 요청 후 거절 시 배송대기로 복원하는 테스트 통과. 이전 상태 없는 과거 요청은 paid 대체값 유지.","취소 주문을 처리하는 과정
1
취소거부 상태로 변경할 경우 보여지는 메시지
2
주문이 취소요청이 아닐 경우 취소거부 상태로 전환불가
3
취소완료 상태로 전환할 경우 보여지는 메세지
4
취소요청 상태가 아닐 경우 취소완료로 전환불가
5
표시항목에서 금액관련한 부분은 RF-02-07-01-1 을 기준으로 항목을 표시한다.
5"
"150","RF-02-07-05","주문상세보기 > 반품 주문","부분검증 (개별 인수 미완료)","tests/Feature/ChannelOrderTest.php;tests/Feature/ShopRuntimeTest.php;tests/Feature/AdminRoutesTest.php","상태 제한/포인트 및 재고 복구/교환 대체/실패 롤백 테스트. 세부 상태표와 모든 금액 컬럼은 추가 수정·검증 필요.","주문 상세 보기의 반품 주문 화면
1
주문항목으로 좌우로 스크롤이 가능
1"
"151","RF-02-07-05-1","주문 상세 보기 > 반품 주문 화면","부분검증 (개별 인수 미완료)","tests/Feature/ChannelOrderTest.php;tests/Feature/ShopRuntimeTest.php;tests/Feature/AdminRoutesTest.php","상태 제한/포인트 및 재고 복구/교환 대체/실패 롤백 테스트. 세부 상태표와 모든 금액 컬럼은 추가 수정·검증 필요.","반품 주문을 처리하는 과정
1
반품 회수 완료 상태로 변경할 경우 보여지는 메시지
2
반품 요청 상태가 아닐 경우 반품 회수 완료 상태로 전환 불가
3
반품 확정 상태로 변경할 경우 보여지는 메세지
4
반품 회수 완료 상태가 아닐 경우 반품 확정 상태로 전환 불가"
"152","RF-02-07-05-2","주문 상세 보기 > 반품 주문","수정/회귀검증","app/Support/OrderClaimActions.php;tests/Feature/ChannelOrderTest.php;public/channel_assets/js/order_management.js","원문 회수/보류/승인/확정 허용 상태로 통합하고 보류 해제 경로 추가. 단계 건너뛰기 및 중복 확정 차단 회귀검증. 모든 브라우저 팝업 인수와 실 PG 환급은 별도.","반품 주문을 처리하는 과정
1
반품 보류 상태로 전환하는 화면
2
반품 회수 완료 상태가 아닐 경우 반품 보류 상태로 전환 불가
3
반품 철회 상태로 변경할 경우 보여지는 메세지
4
반품 요청 상태가 아닐 경우 반품 철회 상태로 전환 불가"
"153","RF-02-07-05-3","주문 상세 보기 > 반품 주문","부분검증 (개별 인수 미완료)","tests/Feature/ChannelOrderTest.php;tests/Feature/ShopRuntimeTest.php;tests/Feature/AdminRoutesTest.php","상태 제한/포인트 및 재고 복구/교환 대체/실패 롤백 테스트. 세부 상태표와 모든 금액 컬럼은 추가 수정·검증 필요.","반품 주문을 처리하는 과정
1
송장 정보 변경 화면 생성
2
송장 정보 변경 버튼
1
2"
"154","RF-02-07-06","주문 상세 보기 > 교환 주문","부분검증 (개별 인수 미완료)","tests/Feature/ChannelOrderTest.php;tests/Feature/ShopRuntimeTest.php;tests/Feature/AdminRoutesTest.php","상태 제한/포인트 및 재고 복구/교환 대체/실패 롤백 테스트. 세부 상태표와 모든 금액 컬럼은 추가 수정·검증 필요.","주문 상세 보기의 교환 주문 화면
1
주문항목으로 좌우로 스크롤이 가능
1"
"155","RF-02-07-06-1","주문상세보기 > 교환 주문 화면","수정/회귀검증","app/Support/OrderClaimActions.php;tests/Feature/ChannelOrderTest.php;public/channel_assets/js/order_management.js","원문 회수/보류/승인/확정 허용 상태로 통합하고 보류 해제 경로 추가. 단계 건너뛰기 및 중복 확정 차단 회귀검증. 모든 브라우저 팝업 인수와 실 PG 환급은 별도.","교환 주문을 처리하는 과정
1
교환 승인 상태로 변경할 경우 보여지는 메세지
2
교환 요청 상태가 아닐 경우 교환 승인 상태로 전환 불가"
"156","RF-02-07-06-2","주문 상세 보기 > 교환 주문","수정/회귀검증","app/Support/OrderClaimActions.php;tests/Feature/ChannelOrderTest.php;public/channel_assets/js/order_management.js","원문 회수/보류/승인/확정 허용 상태로 통합하고 보류 해제 경로 추가. 단계 건너뛰기 및 중복 확정 차단 회귀검증. 모든 브라우저 팝업 인수와 실 PG 환급은 별도.","교환 주문을 처리하는 과정
1
교환 보류 상태로 변경하는 화면
2
교환 요청 상태가 아닐 경우 교환 회수 전 보류 상태로 전환 불가"
"157","RF-02-07-06-3","주문 상세 보기 > 교환 주문","수정/회귀검증","app/Support/OrderClaimActions.php;tests/Feature/ChannelOrderTest.php;public/channel_assets/js/order_management.js","원문 회수/보류/승인/확정 허용 상태로 통합하고 보류 해제 경로 추가. 단계 건너뛰기 및 중복 확정 차단 회귀검증. 모든 브라우저 팝업 인수와 실 PG 환급은 별도.","교환 주문을 처리하는 과정
1
교환 철회 상태로 변경할 경우 보여지는 메세지
2
교환 회수 전 보류, 교환 회수 완료 상태가 아닐 경우 교환 철회 상태로 전환 불가"
"158","RF-02-07-06-4","주문 상세 보기 > 교환 주문","수정/회귀검증","app/Support/OrderClaimActions.php;tests/Feature/ChannelOrderTest.php;public/channel_assets/js/order_management.js","원문 회수/보류/승인/확정 허용 상태로 통합하고 보류 해제 경로 추가. 단계 건너뛰기 및 중복 확정 차단 회귀검증. 모든 브라우저 팝업 인수와 실 PG 환급은 별도.","교환 주문을 처리하는 과정
1
교환 회수 완료 상태로 변경할 경우 보여지는 메세지
2
교환 승인 상태가 아닐 경우 교환 회수 완료 상태로 전환 불가"
"159","RF-02-07-06-5","주문 상세 보기 > 교환 주문","수정/회귀검증","app/Support/OrderClaimActions.php;tests/Feature/ChannelOrderTest.php;public/channel_assets/js/order_management.js","원문 회수/보류/승인/확정 허용 상태로 통합하고 보류 해제 경로 추가. 단계 건너뛰기 및 중복 확정 차단 회귀검증. 모든 브라우저 팝업 인수와 실 PG 환급은 별도.","교환 주문을 처리하는 과정
1
교환 확정 상태로 변경할 경우 보여지는 메세지
2
교환 회수 완료 상태가 아닐 경우 교환 확정 상태로 전환 불가"
"160","RF-02-07-06-6","주문 상세 보기 > 교환 주문","부분검증 (개별 인수 미완료)","tests/Feature/ChannelOrderTest.php;tests/Feature/ShopRuntimeTest.php;tests/Feature/AdminRoutesTest.php","상태 제한/포인트 및 재고 복구/교환 대체/실패 롤백 테스트. 세부 상태표와 모든 금액 컬럼은 추가 수정·검증 필요.","교환 주문을 처리하는 과정
1
교환 회수 후 보류 상태로 변경하는 화면
2
교환 회수 완료 상태가 아닐 경우 교환 회수 후 보류 상태로 전환 불가"
"161","RF-02-07-06-7","주문 상세 보기 > 교환 주문","수정/회귀검증","app/Support/OrderClaimActions.php;tests/Feature/ChannelOrderTest.php;public/channel_assets/js/order_management.js","원문 회수/보류/승인/확정 허용 상태로 통합하고 보류 해제 경로 추가. 단계 건너뛰기 및 중복 확정 차단 회귀검증. 모든 브라우저 팝업 인수와 실 PG 환급은 별도.","교환 주문을 처리하는 과정
1
반품 전환 상태로 변경할 경우 보여지는 메세지
2
교환 회수 후 보류 상태가 아닐 경우 반품 전환 상태로 전환 불가"
"162","RF-02-07-06-8","주문 상세 보기 > 교환 주문","부분검증 (개별 인수 미완료)","tests/Feature/ChannelOrderTest.php;tests/Feature/ShopRuntimeTest.php;tests/Feature/AdminRoutesTest.php","상태 제한/포인트 및 재고 복구/교환 대체/실패 롤백 테스트. 세부 상태표와 모든 금액 컬럼은 추가 수정·검증 필요.","교환 주문을 처리하는 과정
1
상품의 옵션을 변경할 수 있는 화면
1"
"163","RF-02-07-06-9","주문 상세 보기 > 교환 주문","부분검증 (개별 인수 미완료)","tests/Feature/ChannelOrderTest.php;tests/Feature/ShopRuntimeTest.php;tests/Feature/AdminRoutesTest.php","상태 제한/포인트 및 재고 복구/교환 대체/실패 롤백 테스트. 세부 상태표와 모든 금액 컬럼은 추가 수정·검증 필요.","교환 주문을 처리하는 과정
1
송장 정보를 변경하는 화면
1"
"164","RF-02-07-07","취소 목록","부분검증 (개별 인수 미완료)","tests/Feature/ChannelOrderTest.php;tests/Feature/ShopRuntimeTest.php;tests/Feature/AdminRoutesTest.php","상태 제한/포인트 및 재고 복구/교환 대체/실패 롤백 테스트. 세부 상태표와 모든 금액 컬럼은 추가 수정·검증 필요.","취소 과정이 진행중이거나 완료된 주문들을 확인하는 화면
1
취소 주문 목록. 좌우 스크롤 가능
취소주문번호
주문번호
상품등록ID
공유판매ID
Shop채널
주문일시
결제일시
주문상태
주문자
취소 요청일시
취소 철회일시
취소 거부일시
취소 완료일시
주문 유형
상품 유형
상품명
상품코드
옵션
주문수량
판매형태
결제비용
채널매출
채널매입
제공포인트
주문일시
주문번호
Shop채널
주문상태
주문자
주문 유형
상품 유형
상품명
상품코드
옵션
주문수량
PG 결제
포인트결제
할인비용
상품가
배송비
상품+수수료
배송비
제공포인트
Me9-Cancel-0002324
Me9-0002329
AAA
Shop 채널명
2024-10-10 00:00:00
2024-10-10 00:00:00
결제완료
홍길동
2024-10-10 00:00:00
2024-10-10 00:00:00
-
-
공동구매
자사
BlueViolet a omnis
a0029
RD/S
2
상품판매
39,000 원
3,000 p
3,000 원
25,000 원
2,500 원
32,170 원
0 원
4,200 p
Me9-Cancel-0002324
Me9-0002328
AAA
CCC
Shop 채널명
2024-10-10 00:00:00
2024-10-10 00:00:00
결제완료
성춘향
2024-10-10 00:00:00
2024-10-10 00:00:00
-
-
일반
공개
NavajoWhite ad voluptates
a0029
BK/M
1
위탁판매
42,000 원
3,000 p
0 원
25,000 원
2,500 원
32,170 원
0 원
4,200 p
Me9-Cancel-0002324
Me9-0002327
AAA
CCC
Shop 채널명
2024-10-10 00:00:00
2024-10-10 00:00:00
결제완료
이목룡
2024-10-10 00:00:00
-
-
2024-10-10 00:00:00
일반
제휴
Silver nihil vero
a0029
WT/S
33
위탁판매
42,000 원
3,000 p
0 원
25,000 원
2,500 원
32,170 원
0 원
4,200 p
Me9-Cancel-0002324
Me9-0002326
AAA
Shop 채널명
2024-10-10 00:00:00
2024-10-10 00:00:00
결제완료
홍길동
2024-10-10 00:00:00
-
-
2024-10-10 00:00:00
일반
자사
BlueViolet a omnis
a0029
FREE/FREE
2
상품판매
42,000 원
3,000 p
0 원
25,000 원
2,500 원
32,170 원
0 원
4,200 p
Me9-Cancel-0002324
Me9-0002325
EEE
AAA
Shop 채널명
2024-10-10 00:00:00
2024-10-10 00:00:00
결제완료
성춘향
2024-10-10 00:00:00
-
-
2024-10-10 00:00:00
일반
공개
NavajoWhite ad voluptates
a0029
FREE/FREE
3
상품판매
42,000 원
3,000 p
0 원
25,000 원
2,500 원
32,170 원
0 원
4,200 p
Me9-Cancel-0002324
Me9-0002300
AAA
CCC
Shop 채널명
2024-10-10 00:00:00
2024-10-10 00:00:00
결제완료
이목룡
2024-10-10 00:00:00
2024-10-10 00:00:00
-
-
일반
제휴
Silver nihil vero
a0029
BK/L
4
상품판매
42,000 원
3,000 p
0 원
25,000 원
2,500 원
32,170 원
0 원
4,200 p
Me9-Cancel-0002324
Me9-0002300
AAA
Shop 채널명
2024-10-10 00:00:00
2024-10-10 00:00:00
결제완료
홍길동
2024-10-10 00:00:00
2024-10-10 00:00:00
-
-
공동구매
자사
BlueViolet a omnis
a0029
RD/S
2
상품판매
42,000 원
3,000 p
0 원
25,000 원
2,500 원
32,170 원
0 원
4,200 p
Me9-Cancel-0002324
Me9-0007777
AAA
CCC
Shop 채널명
2024-10-10 00:00:00
2024-10-10 00:00:00
결제완료
성춘향
2024-10-10 00:00:00
2024-10-10 00:00:00
-
-
일반
공개
NavajoWhite ad voluptates
a0029
BK/M
1
위탁판매
42,000 원
3,000 p
0 원
25,000 원
2,500 원
32,170 원
0 원
4,200 p
Me9-Cancel-0002324
Me9-0007777
AAA
CCC
Shop 채널명
2024-10-10 00:00:00
2024-10-10 00:00:00
결제완료
이목룡
2024-10-10 00:00:00
-
-
2024-10-10 00:00:00
일반
제휴
Silver nihil vero
a0029
WT/S
33
위탁판매
42,000 원
3,000 p
0 원
25,000 원
2,500 원
32,170 원
0 원
4,200 p
Me9-Cancel-0002324
Me9-0007777
AAA
Shop 채널명
2024-10-10 00:00:00
2024-10-10 00:00:00
결제완료
홍길동
2024-10-10 00:00:00
-
-
2024-10-10 00:00:00
일반
자사
BlueViolet a omnis
a0029
FREE/FREE
2
상품판매
42,000 원
3,000 p
0 원
25,000 원
2,500 원
32,170 원
0 원
4,200 p
Me9-Cancel-0002324
Me9-0002324
CCC
AAA
Shop 채널명
2024-10-10 00:00:00
2024-10-10 00:00:00
결제완료
성춘향
2024-10-10 00:00:00
-
-
2024-10-10 00:00:00
일반
공개
NavajoWhite ad voluptates
a0029
FREE/FREE
3
상품판매
42,000 원
3,000 p
0 원
25,000 원
2,500 원
32,170 원
0 원
4,200 p
Me9-Cancel-0002324
Me9-0002322
AAA
CCC
Shop 채널명
2024-10-10 00:00:00
2024-10-10 00:00:00
결제완료
이목룡
2024-10-10 00:00:00
-
-
2024-10-10 00:00:00
일반
제휴
Silver nihil vero
a0029
BK/L
4
위탁판매
42,000 원
3,000 p
0 원
25,000 원
2,500 원
32,170 원
0 원
4,200 p
1"
"165","RF-02-07-08","반품 목록","부분검증 (개별 인수 미완료)","tests/Feature/ChannelOrderTest.php;tests/Feature/ShopRuntimeTest.php;tests/Feature/AdminRoutesTest.php","상태 제한/포인트 및 재고 복구/교환 대체/실패 롤백 테스트. 세부 상태표와 모든 금액 컬럼은 추가 수정·검증 필요.","반품 과정이 진행중이거나 완료된 주문을 확인하는 화면
1
반품 주문 목록. 좌우 스크롤 가능
반품 주문번호
주문번호
상품등록ID
공유판매ID
Shop채널
주문일시
결제일시
주문상태
주문자
반품 요청일시
반품 철회일시
반품 거부일시
반품 완료일시
주문 유형
상품 유형
상품명
상품코드
옵션
주문수량
판매형태
결제비용
채널매출
채널매입
제공포인트
반품수량
상품회수방법
환불방법
환불금액
회수배송비
회수포인트
주문일시
주문번호
Shop채널
주문상태
주문자
주문 유형
상품 유형
상품명
상품코드
옵션
주문수량
PG 결제
포인트결제
상품가
배송비
할인비용
상품+수수료
배송비
제공포인트
Me9-Return-0002324
Me9-0002329
AAA
Shop 채널명
2024-10-10 00:00:00
2024-10-10 00:00:00
결제완료
홍길동
2024-10-10 00:00:00
2024-10-10 00:00:00
-
-
공동구매
자사
BlueViolet a omnis
a0029
RD/S
2
상품판매
39,000 원
3,000 p
25,000 원
2,500 원
3,000 원
32,170 원
0 원
4,200 p
1
자동
무통장입금
39,500 원
2,500 원
4,200 p
Me9-Return-0002324
Me9-0002328
AAA
CCC
Shop 채널명
2024-10-10 00:00:00
2024-10-10 00:00:00
결제완료
성춘향
2024-10-10 00:00:00
2024-10-10 00:00:00
-
-
일반
공개
NavajoWhite ad voluptates
a0029
BK/M
1
위탁판매
42,000 원
3,000 p
25,000 원
2,500 원
0 원
32,170 원
0 원
4,200 p
1
자동
카드 부분취소
42,000 원
0 원
4,200 p
Me9-Return-0002324
Me9-0002327
AAA
CCC
Shop 채널명
2024-10-10 00:00:00
2024-10-10 00:00:00
결제완료
이목룡
2024-10-10 00:00:00
-
-
2024-10-10 00:00:00
일반
제휴
Silver nihil vero
a0029
WT/S
33
위탁판매
42,000 원
3,000 p
25,000 원
2,500 원
0 원
32,170 원
0 원
4,200 p
1
자동
카드 부분취소
42,000 원
0 원
4,200 p
Me9-Return-0002324
Me9-0002326
AAA
Shop 채널명
2024-10-10 00:00:00
2024-10-10 00:00:00
결제완료
홍길동
2024-10-10 00:00:00
-
-
2024-10-10 00:00:00
일반
자사
BlueViolet a omnis
a0029
FREE/FREE
2
상품판매
42,000 원
3,000 p
25,000 원
2,500 원
0 원
32,170 원
0 원
4,200 p
1
자동
카드 부분취소
42,000 원
0 원
4,200 p
Me9-Return-0002324
Me9-0002325
EEE
AAA
Shop 채널명
2024-10-10 00:00:00
2024-10-10 00:00:00
결제완료
성춘향
2024-10-10 00:00:00
-
-
2024-10-10 00:00:00
일반
공개
NavajoWhite ad voluptates
a0029
FREE/FREE
3
상품판매
42,000 원
3,000 p
25,000 원
2,500 원
0 원
32,170 원
0 원
4,200 p
1
수동
카드 부분취소
42,000 원
0 원
4,200 p
Me9-Return-0002324
Me9-0002300
AAA
CCC
Shop 채널명
2024-10-10 00:00:00
2024-10-10 00:00:00
결제완료
이목룡
2024-10-10 00:00:00
2024-10-10 00:00:00
-
-
일반
제휴
Silver nihil vero
a0029
BK/L
4
상품판매
42,000 원
3,000 p
25,000 원
2,500 원
0 원
32,170 원
0 원
4,200 p
1
수동
카드 부분취소
42,000 원
0 원
4,200 p
Me9-Return-0002324
Me9-0002300
AAA
Shop 채널명
2024-10-10 00:00:00
2024-10-10 00:00:00
결제완료
홍길동
2024-10-10 00:00:00
2024-10-10 00:00:00
-
-
공동구매
자사
BlueViolet a omnis
a0029
RD/S
2
상품판매
42,000 원
3,000 p
25,000 원
2,500 원
0 원
32,170 원
0 원
4,200 p
1
자동
카드 부분취소
42,000 원
0 원
4,200 p
Me9-Return-0002324
Me9-0007777
AAA
CCC
Shop 채널명
2024-10-10 00:00:00
2024-10-10 00:00:00
결제완료
성춘향
2024-10-10 00:00:00
2024-10-10 00:00:00
-
-
일반
공개
NavajoWhite ad voluptates
a0029
BK/M
1
위탁판매
42,000 원
3,000 p
25,000 원
2,500 원
0 원
32,170 원
0 원
4,200 p
1
자동
무통장입금
42,000 원
0 원
4,200 p
Me9-Return-0002324
Me9-0007777
AAA
CCC
Shop 채널명
2024-10-10 00:00:00
2024-10-10 00:00:00
결제완료
이목룡
2024-10-10 00:00:00
-
-
2024-10-10 00:00:00
일반
제휴
Silver nihil vero
a0029
WT/S
33
위탁판매
42,000 원
3,000 p
25,000 원
2,500 원
0 원
32,170 원
0 원
4,200 p
2
수동
무통장입금
42,000 원
0 원
4,200 p
Me9-Return-0002324
Me9-0007777
AAA
Shop 채널명
2024-10-10 00:00:00
2024-10-10 00:00:00
결제완료
홍길동
2024-10-10 00:00:00
-
-
2024-10-10 00:00:00
일반
자사
BlueViolet a omnis
a0029
FREE/FREE
2
상품판매
42,000 원
3,000 p
25,000 원
2,500 원
0 원
32,170 원
0 원
4,200 p
1
자동
무통장입금
42,000 원
0 원
4,200 p
Me9-Return-0002324
Me9-0002324
CCC
AAA
Shop 채널명
2024-10-10 00:00:00
2024-10-10 00:00:00
결제완료
성춘향
2024-10-10 00:00:00
-
-
2024-10-10 00:00:00
일반
공개
NavajoWhite ad voluptates
a0029
FREE/FREE
3
상품판매
42,000 원
3,000 p
25,000 원
2,500 원
0 원
32,170 원
0 원
4,200 p
1
자동
카드 부분취소
42,000 원
0 원
4,200 p
Me9-Return-0002324
Me9-0002322
AAA
CCC
Shop 채널명
2024-10-10 00:00:00
2024-10-10 00:00:00
결제완료
이목룡
2024-10-10 00:00:00
-
-
2024-10-10 00:00:00
일반
제휴
Silver nihil vero
a0029
BK/L
4
위탁판매
42,000 원
3,000 p
25,000 원
2,500 원
0 원
32,170 원
0 원
4,200 p
1
자동
카드 부분취소
42,000 원
0 원
4,200 p
1"
"166","RF-02-07-09","교환 목록","부분검증 (개별 인수 미완료)","tests/Feature/ChannelOrderTest.php;tests/Feature/ShopRuntimeTest.php;tests/Feature/AdminRoutesTest.php","상태 제한/포인트 및 재고 복구/교환 대체/실패 롤백 테스트. 세부 상태표와 모든 금액 컬럼은 추가 수정·검증 필요.","교환 과정이 진행중이거나 완료된 주문을 확인하는 화면
1
교환 주문 목록. 좌우로 스크롤 가능
교환 주문번호
주문번호
상품등록ID
공유판매ID
Shop채널
주문일시
결제일시
주문상태
주문자
교환 요청일시
교환 철회일시
교환 거부일시
교환 완료일시
주문 유형
상품 유형
상품명
상품코드
옵션
주문수량
판매형태
결제비용
채널매출
채널매입
제공포인트
교환수량
상품회수방법
회수배송비
주문일시
주문번호
Shop채널
주문상태
주문자
주문 유형
상품 유형
상품명
상품코드
옵션
주문수량
PG 결제
포인트결제
상품가
배송비
할인비용
상품+수수료
배송비
제공포인트
Me9-Change-0002324
Me9-0002329
AAA
Shop 채널명
2024-10-10 00:00:00
2024-10-10 00:00:00
결제완료
홍길동
2024-10-10 00:00:00
2024-10-10 00:00:00
-
-
공동구매
자사
BlueViolet a omnis
a0029
RD/S
2
상품판매
39,000 원
3,000 p
25,000 원
2,500 원
3,000 원
32,170 원
0 원
4,200 p
1
자동
2,500 원
Me9-Change-0002324
Me9-0002328
AAA
CCC
Shop 채널명
2024-10-10 00:00:00
2024-10-10 00:00:00
결제완료
성춘향
2024-10-10 00:00:00
2024-10-10 00:00:00
-
-
일반
공개
NavajoWhite ad voluptates
a0029
BK/M
1
위탁판매
42,000 원
3,000 p
25,000 원
2,500 원
0 원
32,170 원
0 원
4,200 p
1
자동
0 원
Me9-Change-0002324
Me9-0002327
AAA
CCC
Shop 채널명
2024-10-10 00:00:00
2024-10-10 00:00:00
결제완료
이목룡
2024-10-10 00:00:00
-
-
2024-10-10 00:00:00
일반
제휴
Silver nihil vero
a0029
WT/S
33
위탁판매
42,000 원
3,000 p
25,000 원
2,500 원
0 원
32,170 원
0 원
4,200 p
1
자동
0 원
Me9-Change-0002324
Me9-0002326
AAA
Shop 채널명
2024-10-10 00:00:00
2024-10-10 00:00:00
결제완료
홍길동
2024-10-10 00:00:00
-
-
2024-10-10 00:00:00
일반
자사
BlueViolet a omnis
a0029
FREE/FREE
2
상품판매
42,000 원
3,000 p
25,000 원
2,500 원
0 원
32,170 원
0 원
4,200 p
1
자동
0 원
Me9-Change-0002324
Me9-0002325
EEE
AAA
Shop 채널명
2024-10-10 00:00:00
2024-10-10 00:00:00
결제완료
성춘향
2024-10-10 00:00:00
-
-
2024-10-10 00:00:00
일반
공개
NavajoWhite ad voluptates
a0029
FREE/FREE
3
상품판매
42,000 원
3,000 p
25,000 원
2,500 원
0 원
32,170 원
0 원
4,200 p
1
수동
0 원
Me9-Change-0002324
Me9-0002300
AAA
CCC
Shop 채널명
2024-10-10 00:00:00
2024-10-10 00:00:00
결제완료
이목룡
2024-10-10 00:00:00
2024-10-10 00:00:00
-
-
일반
제휴
Silver nihil vero
a0029
BK/L
4
상품판매
42,000 원
3,000 p
25,000 원
2,500 원
0 원
32,170 원
0 원
4,200 p
1
수동
0 원
Me9-Change-0002324
Me9-0002300
AAA
Shop 채널명
2024-10-10 00:00:00
2024-10-10 00:00:00
결제완료
홍길동
2024-10-10 00:00:00
2024-10-10 00:00:00
-
-
공동구매
자사
BlueViolet a omnis
a0029
RD/S
2
상품판매
42,000 원
3,000 p
25,000 원
2,500 원
0 원
32,170 원
0 원
4,200 p
1
자동
0 원
Me9-Change-0002324
Me9-0007777
AAA
CCC
Shop 채널명
2024-10-10 00:00:00
2024-10-10 00:00:00
결제완료
성춘향
2024-10-10 00:00:00
2024-10-10 00:00:00
-
-
일반
공개
NavajoWhite ad voluptates
a0029
BK/M
1
위탁판매
42,000 원
3,000 p
25,000 원
2,500 원
0 원
32,170 원
0 원
4,200 p
1
자동
0 원
Me9-Change-0002324
Me9-0007777
AAA
CCC
Shop 채널명
2024-10-10 00:00:00
2024-10-10 00:00:00
결제완료
이목룡
2024-10-10 00:00:00
-
-
2024-10-10 00:00:00
일반
제휴
Silver nihil vero
a0029
WT/S
33
위탁판매
42,000 원
3,000 p
25,000 원
2,500 원
0 원
32,170 원
0 원
4,200 p
2
수동
0 원
Me9-Change-0002324
Me9-0007777
AAA
Shop 채널명
2024-10-10 00:00:00
2024-10-10 00:00:00
결제완료
홍길동
2024-10-10 00:00:00
-
-
2024-10-10 00:00:00
일반
자사
BlueViolet a omnis
a0029
FREE/FREE
2
상품판매
42,000 원
3,000 p
25,000 원
2,500 원
0 원
32,170 원
0 원
4,200 p
1
자동
0 원
Me9-Change-0002324
Me9-0002324
CCC
AAA
Shop 채널명
2024-10-10 00:00:00
2024-10-10 00:00:00
결제완료
성춘향
2024-10-10 00:00:00
-
-
2024-10-10 00:00:00
일반
공개
NavajoWhite ad voluptates
a0029
FREE/FREE
3
상품판매
42,000 원
3,000 p
25,000 원
2,500 원
0 원
32,170 원
0 원
4,200 p
1
자동
0 원
Me9-Change-0002324
Me9-0002322
AAA
CCC
Shop 채널명
2024-10-10 00:00:00
2024-10-10 00:00:00
결제완료
이목룡
2024-10-10 00:00:00
-
-
2024-10-10 00:00:00
일반
제휴
Silver nihil vero
a0029
BK/L
4
위탁판매
42,000 원
3,000 p
25,000 원
2,500 원
0 원
32,170 원
0 원
4,200 p
1
자동
0 원
1"
"167","","●  정산 관리","목차/개정/구분 페이지","","구현 완료율 분모에서 제외. 개정 이력은 해당 RF와 함께 해석.",""
"168","RF-02-08-01","정산 관리","부분검증 (개별 인수 미완료)","tests/Feature/ChannelSettlementTest.php;tests/Feature/ShopRuntimeTest.php;app/Services/CommerceAudit.php","정산 스냅샷/합계/권한/기간 테스트. 과거 계약/PG 정산 자료와 승인된 수식 대조 없이는 최종 합격 불가.","정산 관리 화면
집행일
집행 내역
금액
첨부자료
2025. 12. 13
12월 중간 정산분
1,660,332,000 원
1213.xlsx
2025. 12. 01
11월 미정산분
632,000 원
1201.xlsx
■ 정산 집행 현황"
"169","RF-02-08-01-1","정산 관리","부분검증 (개별 인수 미완료)","tests/Feature/ChannelSettlementTest.php;tests/Feature/ShopRuntimeTest.php;app/Services/CommerceAudit.php","정산 스냅샷/합계/권한/기간 테스트. 과거 계약/PG 정산 자료와 승인된 수식 대조 없이는 최종 합격 불가.","기간 선택 영역 활성화 시 보여지는 화면
1
당월부터 1년 이내의 정산 건에 한하여 1개월 범위로만 검색이 가능 합니다
2
총괄관리자가 관리자 영역에서 입력한 집행현황내역이 출력된다.정산 자료의 년/월에 관련된 자료만 출력된다.
2025년 12월
2025년 11월
2025년 10월
1
집행일
집행 내역
금액
첨부자료
2025. 12. 13
12월 중간 정산분
1,660,332,000 원
1213.xlsx
2025. 12. 01
11월 미정산분
632,000 원
1201.xlsx
■ 정산 집행 현황
2"
"170","RF-02-08-01-2","정산 관리","부분검증 (개별 인수 미완료)","tests/Feature/ChannelSettlementTest.php;tests/Feature/ShopRuntimeTest.php;app/Services/CommerceAudit.php","정산 스냅샷/합계/권한/기간 테스트. 과거 계약/PG 정산 자료와 승인된 수식 대조 없이는 최종 합격 불가.","정산 기간을 선택할 경우 표시되는 화면
1
구매확정인 주문서의 정산을 정산월을 기준으로 금액을 합산한 내역을 표시한다.
2
공통PG를 이용한 주문에서 반품 또는 교환일 경우 발생되는 배송비 내역을 표시
3
총괄관리자가 관리자 영역에서 입력한 집행현황내역이 출력된다.정산 자료의 년/월에 관련된 자료만 출력된다.
1
2
3"
"171","RF-02-08-01-3","정산 관리","부분검증 (개별 인수 미완료)","tests/Feature/ChannelSettlementTest.php;tests/Feature/ShopRuntimeTest.php;app/Services/CommerceAudit.php","정산 스냅샷/합계/권한/기간 테스트. 과거 계약/PG 정산 자료와 승인된 수식 대조 없이는 최종 합격 불가.","정산 엑셀 상세 내용이 표시되는 화면
1
엑셀을 클릭하면 상세내용이 엑셀로 출력된다.
2
엑셀로 출력되는 예시
등록일
주문번호
주문유형
상품유형
구분
결제비용
채널매출
채널매입
SMS수수료
SMS수수료
제공포인트
정산비용
등록일
주문번호
주문유형
상품유형
구분
PG 결제
포인트 결제
상품가
배송비
할인금액
상품+수수료
배송비
건수
비용
제공포인트
정산비용
2026-10-10 00:00:00
Me9-0002328
일반
자사
상품판매
9,500
3,000
10,000
2,500
0
0
0
2
100
0
2,900
2026-10-10 00:00:00
Me9-0002328
일반
공유
상품판매
15,500
0
13,000
2,500
0
2,360
0
0
0
0
13,140
2026-10-10 00:00:00
Me9-0002328
일반
공유
위탁판매
0
0
1,500
0
0
0
0
2
100
500
900
2026-10-10 00:00:00
Me9-0002328
일반
공유
상품판매
0
0
10,000
2,500
0
0
0
0
0
0
12,500
2026-10-10 00:00:00
Me9-0002328
일반
공유
위탁판매
15,500
0
13,000
2,500
0
11,710
2,500
2
100
0
1,190
2026-10-10 00:00:00
Me9-0002328
공동구매
자사
상품판매
7,500
3,000
10,000
2,500
2,000
580
0
2
100
500
9,320
1
2
1
2
3
4
※ 정산 엑셀 내용 표시 가이드
판매 정산 기준 :  판매가격을 결정한 사람에게 계산서를 청구
판매 예시 설정 :  물건값 : 10,000 원
배송비 : 2,500원
1
자사 상품을 팔고, 자사 PG를 이용했지만 고객이 결제할 때 3,000 포인트를 결제하였으므로 정산금이 발생한다. 이 때 정산금은 3,000 원에서 SMS 수수료를 차감한 금액이다.
2
상품공유자가 판매가를 13,000 원으로 고정했고, 위탁판매 수수료를 1,500 원으로 가정했다. 그래서 배송비 포함해서 매출액은 15,500 원으로 확정되었다.
매입액(수수료)는 [ 매출액 * 판매자요율 * 1.1 ] 을 적용하고, 10의 자리까지 올림을 적용하여 860 원이며, 위탁판매 수수료가 1,500원이므로 매입에 수수료를 포함해서 2,360원이 산출되었으며
SMS 사용은 판매하는 곳에서 체크하는 것이니 0원이 산출되어서 매입액만 뺀 나머지 금액을 정산비용(지급액) 으로 산출한다.
3
2번 상황에서 위탁판매자일 경우 정산표시방법을 표시했다.위탁판매 수수료가 1,500 원이므로 매출액은 1,500 원으로 확정.
판매가격을 공유자가 결정하였으므로 수수료는 0, 제공포인트가 500point이며, SMS 사용은 체크를 하였으므로 100원이 뺀 나머지 금액을 정산비용(지급액) 으로 산출한다.
4
상품공유자가 판매가를 정하지 않고, 위탁판매자가 판매가를 정하는 상황이다.위탁판매자가 판매가를 13,000 원으로 책정하였다. 이 위탁공유자는 수수료가 10% 이다.
상품가격 10,000원에 배송비 2,500원을 매출액이나 가격결정을 위탁판매자가 결정했으므로 수수료가 0 원이며, 정산비용은 12,500 원이다.
5
위탁판매자가 판매가를 상품 최저 판매가격인 11,550 원 이상부터 설정할 수 있다. 최저판매가격은 RF-02-04-05-6, RF-02-05-02-5 에서 확인할 수 있다.
위탁판매자가 상품 판매가격을 13,000 원으로 확정하면 배송비 2,500 을 합산하여 위탁판매자의 수수료율로 수수료를 계산하면 1,710 의 수수료 산출된다.
공유된 상품가격에 수수료를 포함한 가격을 매입으로 처리하며, SMS 사용수수료는 위탁판매자가 지출한다.
6
공동구매의 조건이 다음과 같다.
공동구매 시작가 : 10,000 원
공동구매 할인가 : 2,000 원
자사포인트 1,000 사용
미구포인트 2,000 사용
제공포인트 : 500 point
SMS 사용체크
공동구매 시작가가 10,000 원이었으나 공동구매 완료가 되었을 때 최종비용은 8,000 원이 되었기 때문에 공동구매 최종가 8,000원과 배송비 2,500원을 포함해서 10,500 원이 최종 매출이 되었다.
판매자 요율이 5% 이므로 수수료는 580 의 수수료 산출이 되고 SMS와 제공포인트를 차감하면 9,320 원의 정산비용이 산출된다.
5
6"
"172","RF-02-08-01-4","정산 관리","부분검증 (개별 인수 미완료)","tests/Feature/ChannelSettlementTest.php;tests/Feature/ShopRuntimeTest.php;app/Services/CommerceAudit.php","정산 스냅샷/합계/권한/기간 테스트. 과거 계약/PG 정산 자료와 승인된 수식 대조 없이는 최종 합격 불가.","정산 엑셀 상세 내용이 표시되는 화면
1
엑셀을 클릭하면 상세내용이 엑셀로 출력된다.
2
엑셀로 출력되는 예시
완료일시
반품/교환 주문번호
주문번호
주문상태
주문유형
상품유형
결제비용
추가 배송비
등록일
주문번호
주문유형
주문유형
상품유형
PG 결제
포인트 결제
정산비용
2026-10-10 00:00:00
Me9-Return-0002324
Me9-0002328
반품
일반
자사
9,500
3,000
2,500
2026-10-10 00:00:00
Me9-Return-0002324
Me9-0002328
반품
일반
공유
15,500
0
2,500
2026-10-10 00:00:00
Me9-Change-0002324
Me9-0002328
교환
일반
공유
0
0
2,500
2026-10-10 00:00:00
Me9-Return-0002324
Me9-0002328
반품
일반
공유
0
0
2,500
2026-10-10 00:00:00
Me9-Return-0002324
Me9-0002328
반품
일반
공유
15,500
0
2,500
2026-10-10 00:00:00
Me9-Change-0002324
Me9-0002328
교환
공동구매
자사
7,500
3,000
2,500
1
2"
"173","RF-02-08-02-1","정산 관리","부분검증 (개별 인수 미완료)","tests/Feature/ChannelSettlementTest.php;tests/Feature/ShopRuntimeTest.php;app/Services/CommerceAudit.php","정산 스냅샷/합계/권한/기간 테스트. 과거 계약/PG 정산 자료와 승인된 수식 대조 없이는 최종 합격 불가.","총괄 관리자에서 정산 타이틀 및 출력요청화면
1
채널아이디를 입력하고 정산년월을 입력해야 정산내역이 출력된다.
2
정산처리한 내역을 입력하면 하단에 채널아이디와 집행일이 포함되면 표시된다.
정산년월과 집행일이 있는데, 이는 채널관리자 정산페이지에서 정산년월에 맞게 출력되기 위해 두가지를 입력한다.
아이디 검색
~
1
정산 집행 등록
총괄 관리자 영역 화면 예시
■ 채널아이디 선택"
"174","RF-02-08-02-2","정산 관리","부분검증 (개별 인수 미완료)","tests/Feature/ChannelSettlementTest.php;tests/Feature/ShopRuntimeTest.php;app/Services/CommerceAudit.php","정산 스냅샷/합계/권한/기간 테스트. 과거 계약/PG 정산 자료와 승인된 수식 대조 없이는 최종 합격 불가.","총괄 관리자에서 정산 타이틀 및 출력요청화면
1
총괄관리자에서 표시되는 채널관리자 정산화면
2
채널아이디와 정산 년월이 포함된 정산집행 내역이 출력된다.
1
2"
"175","RF-02-08-02-3","정산 관리","부분검증 (개별 인수 미완료)","tests/Feature/ChannelSettlementTest.php;tests/Feature/ShopRuntimeTest.php;app/Services/CommerceAudit.php","정산 스냅샷/합계/권한/기간 테스트. 과거 계약/PG 정산 자료와 승인된 수식 대조 없이는 최종 합격 불가.","총괄 관리자에서 정산 타이틀 및 출력요청화면
1
채널 지급액의 상세내역을  새창으로 확인할 수 있다.
2
채널 지급액의 상세목록
1
※ 채널 지급액 상세 목록 표시 가이드
1
자사 상품을 팔고, 자사 PG를 이용했을 때, 매출액을 표시하는 방법으로 고객결제가 자사PG로 진행되었으므로 매출액은 0 이다.
2~3
자사 상품을 팔고, 자사 PG를 이용했을 때, 매출액을 표시하는 방법으로
고객결제가 자사PG로 진행되었으나 포인트로 결제가 3,000 원 이루워졌으므로
Me9 에서 예수금 3,000 원의 지급이 발생한다. 포인트 결제는 자사포인트를 사용하였거나 Me9 포인트를 사용했거나 동일하다.따라서 매출액은 -3,000 원이다.
4
AAA가 상품을 공유하고 AAA가 판매가를 결정하는 상품판매 형태로 매출은 상품가 + 배송비로 책정한다.
5
AAA가 상품을 공유하고 위탁판매자가 판매가를 결정하는 상품판매 형태로 매출은 상품가 + 배송비로 책정한다.
6
공동구매의 매출 표현이다. 공동구매의 조건은 다음과 같다.
공동구매 시작가 : 10,000 원
공동구매 할인가 : 2,000 원
자사포인트 1,000 사용
미구포인트 2,000 사용
공동구매 시작가가 10,000 원이었으나 공동구매 완료가 되었을 때 최종비용은 8,000 원이 되었기 때문에
공동구매 최종가 8,000원과 배송비 2,500원을 포함해서 10,500 원이 최종 매출이 되었다.
○ AAA 채널 지급액 상세 목록
기간 : 2025.07.15 ~ 2025.08.14
창닫기
2
엑셀출력
엑셀출력
등록일
채널아이디
주문번호
PG 결제
포인트 결제
매출
매출액
등록일
주문번호
자사 PG
공용 PG
자사포인트
Me9 포인트
상품가
배송비
할인금액
정산비용
2026-10-10 00:00:00
AAA
Me9-0002328
12,500
0
0
0
10,000
2,500
0
0
2026-10-10 00:00:00
AAA
Me9-0002328
9,500
0
0
3,000
10,000
2,500
0
- 3,000
2026-10-10 00:00:00
AAA
Me9-0002328
9,500
0
3,000
0
10,000
2,500
0
- 3,000
2026-10-10 00:00:00
AAA
Me9-0002328
0
10,000
5,500
0
13,000
2,500
0
15,500
2026-10-10 00:00:00
AAA
Me9-0002328
0
0
0
0
10,000
2,500
0
12,500
2026-10-10 00:00:00
AAA
Me9-0002328
0
7,500
1,000
2,000
10,000
2,500
2,000
10,500
1
2
3
4
5
6"
"176","RF-02-08-02-4","정산 관리","부분검증 (개별 인수 미완료)","tests/Feature/ChannelSettlementTest.php;tests/Feature/ShopRuntimeTest.php;app/Services/CommerceAudit.php","정산 스냅샷/합계/권한/기간 테스트. 과거 계약/PG 정산 자료와 승인된 수식 대조 없이는 최종 합격 불가.","총괄 관리자에서 정산 타이틀 및 출력요청화면
1
채널 청구액의 상세내역을  새창으로 확인할 수 있다.
2
채널 청구액의 상세목록"
"177","","●  서브관리자 관리","목차/개정/구분 페이지","","구현 완료율 분모에서 제외. 개정 이력은 해당 RF와 함께 해석.",""
"178","RF-02-09-01","서브관리자 목록","부분검증 (개별 인수 미완료)","tests/Feature/ChannelRoutesTest.php;tests/Feature/ShopRuntimeTest.php","권한/기간/자기 권한 상승 차단과 주문->정산 연결 테스트. 전체 메뉴 x 권한 조합 미검수.","등록한 서브 관리자 목록을 확인하는 화면
1
서브 관리자 상세 정보를 확인하는 화면 생성
RF-02-09-01-2 참고
2
서브 관리자 정보를 수정하는 화면 생성
RF-02-09-01-3 참고
3
서브 관리자 정보를 등록하는 화면 생성
RF-02-09-01-1 참고
1
2
3"
"179","RF-02-09-01-1","서브관리자 목록 > 서브관리자 등록","부분검증 (개별 인수 미완료)","tests/Feature/ChannelRoutesTest.php;tests/Feature/ShopRuntimeTest.php","권한/기간/자기 권한 상승 차단과 주문->정산 연결 테스트. 전체 메뉴 x 권한 조합 미검수.","서브 관리자 등록 과정
1
회원 찾기 버튼을 클릭 시 입력한 정보와 일치 하는 회원이 있을 경우 회원 정보 영역을 표시한다.
일치하는 회원이 없을 경우 안내 메시지를 보여준다.
2
입력한 서브 관리자 정보를 등록한다.
만약 회원 찾기를 통해 회원을 등록하지 않은 경우에는 등록되지 않는다.
1
2"
"180","RF-02-09-01-2","서브관리자 목록 > 보기","부분검증 (개별 인수 미완료)","tests/Feature/ChannelRoutesTest.php;tests/Feature/ShopRuntimeTest.php","권한/기간/자기 권한 상승 차단과 주문->정산 연결 테스트. 전체 메뉴 x 권한 조합 미검수.","등록한 서브 관리자의 상세 정보를 확인하는 화면"
"181","RF-02-09-01-3","서브관리자 목록 >수정","부분검증 (개별 인수 미완료)","tests/Feature/ChannelRoutesTest.php;tests/Feature/ShopRuntimeTest.php","권한/기간/자기 권한 상승 차단과 주문->정산 연결 테스트. 전체 메뉴 x 권한 조합 미검수.","등록한 서브 관리자의 정보를 수정하는 과정
1
회원 찾기 버튼을 클릭 시 입력한 정보와 일치 하는 회원이 있을 경우 회원 정보 영역을 표시한다.
일치하는 회원이 없을 경우 안내 메시지를 보여준다.
2
기존에 등록한 회원의 정보가 보여진다.
3
입력한 서브 관리자 정보로 수정한다.
만약 회원 찾기를 통해 회원을 등록하지 않은 경우에는 수정되지 않는다.
1
2"
"182","","●  발주담당 관리","목차/개정/구분 페이지","","구현 완료율 분모에서 제외. 개정 이력은 해당 RF와 함께 해석.",""
"183","RF-02-10-01","발주담당 목록","부분검증 (개별 인수 미완료)","tests/Feature/AdminRoutesTest.php;tests/Feature/CrossRoleIntegrationTest.php","접속기간/중지 계정 세션/관리자 포털 진입/소유권 검증. 경계 시각/전체 폼 브라우저 인수 미완료.","등록한 발주 담당 목록을 확인하는 화면"
"184","RF-02-10-01-1","발주담당 목록 > 발주담당 등록","부분검증 (개별 인수 미완료)","tests/Feature/AdminRoutesTest.php;tests/Feature/CrossRoleIntegrationTest.php","접속기간/중지 계정 세션/관리자 포털 진입/소유권 검증. 경계 시각/전체 폼 브라우저 인수 미완료.","발주 담당 등록 과정
1
등록된 발주 담당의 이메일과 입력한 이메일의 정보가 같은지 확인한다.
2
입력한 이메일과 중복된 이메일 정보가 있을 경우 알림 메시지를 생성한다.
3
입력한 발주 담당 정보를 등록한다.
이메일 입력과 발주 담당자 입력을 하지 않은 경우에는 등록이 거부된다.
이메일 중복 확인 결과 같은 이메일이 있는 경우에는 등록이 거부된다.
1
3
우편번호찾기
우편번호
주소
상세 주소
Alert
중복된 이메일을 가진 발주 담당이 있습니다.
확인
2"
"185","RF-02-10-01-2","발주담당 목록 > 보기","부분검증 (개별 인수 미완료)","tests/Feature/AdminRoutesTest.php;tests/Feature/CrossRoleIntegrationTest.php","접속기간/중지 계정 세션/관리자 포털 진입/소유권 검증. 경계 시각/전체 폼 브라우저 인수 미완료.","등록한 발주 담당의 상세 정보를 확인하는 화면
1
상품 등록에서 발주 담당자를 선택한 경우 해당 상품들이 목록으로 보여진다.
1
우편번호
19987
출고지
서울시 강남구 삼성동 2283-33 6층
■ 출고지 주소"
"186","RF-02-10-01-3","발주담당 목록 > 수정","부분검증 (개별 인수 미완료)","tests/Feature/AdminRoutesTest.php;tests/Feature/CrossRoleIntegrationTest.php","접속기간/중지 계정 세션/관리자 포털 진입/소유권 검증. 경계 시각/전체 폼 브라우저 인수 미완료.","등록한 발주 담당의 정보를 수정하는 화면
1
등록된 발주 담당의 이메일과 입력한 이메일의 정보가 같은지 확인한다.
2
입력한 이메일과 중복된 이메일 정보가 있을 경우 알림 메시지를 생성한다.
3
입력한 발주 담당 정보를 등록한다.
이메일 입력과 발주 담당자 입력을 하지 않은 경우에는 등록이 거부된다.
이메일 중복 확인 결과 같은 이메일이 있는 경우에는 등록이 거부된다.
발주 담당자 수정 화면에서는 이메일을 새로 입력하지 않은 경우에는 중복 확인이 되어 있다고 가정한다.
1
상태
● 사용     ○ 중지
이메일 *
@
발주담당자 *
접속기간
출고지 주소
메모
직접입력                           ▼
중복확인
시 선택▼
~
시 선택▼
1
우편번호찾기
우편번호
주소
상세 주소
Alert
중복된 이메일을 가진 발주 담당이 있습니다.
확인
2
발주담당 수정
3"
"187","","●  포인트 관리","목차/개정/구분 페이지","","구현 완료율 분모에서 제외. 개정 이력은 해당 RF와 함께 해석.",""
"188","RF-02-11-01","채널 관리자 포인트","대체된 사양","M9-SB-Ver3.0.0.pptx slide 189","동일 RF의 구 충전/환급 설계. 후속 슬라이드 189의 고객 원장 통화량을 적용.","포인트 보유 현황 및 포인트 이력을 확인하는 화면
1
총 포인트 = 보유 포인트 + 분배 포인트
2
포인트 환급 요청 하는 화면이 생성된다.
RF-02-11-01-1 참고
3
포인트를 구매하는 화면이 생성된다.
RF-02-11-01-2 참고
포인트 구매는 제거되었으며, 포인트 충전개념은 사라졌다.포인트충전(예수금)은 실제 물건을 구매시 지급하는 형태로 전환 되었다.
4
구매 – 포인트 구매 화면에서 포인트를 구매한 경우
회입 – Shop 채널에 분배된 포인트가 채널 폐쇄로 인해 다시 회수된 경우
분배 – Shop 채널에 포인트를 분배한 경우
환급 – 환급 요청을 통해 포인트가 환급된 경우
구조의 변경으로 재설계"
"189","RF-02-11-01","채널 관리자 포인트","부분검증 (개별 인수 미완료)","tests/Feature/ShopRuntimeTest.php;app/Services/CustomerPointService.php","고객 원장 기준 통화량, 사용/복구 및 구매확정 적립 검증. 이전 충전 개념 제거. 운영 이력/동시성 검수는 미완료.","포인트 보유 현황 및 포인트 이력을 확인하는 화면
1
총 포인트 = 분배 포인트 - 소진 포인트
2
분배 – 상품구입시 지급포인트가 발생한 경우
소진 – Shop채널에서 포인트가 사용되었을 경우 나 채널 폐쇄시 고객이 Me9 포인트로 전환 했을 경우
■ 포인트 현황
총 포인트 통화량  60,492 Point
No
등록일
구분
포인트
내역
4
2025-00-00 00:00:00
분배
+300
Kasze 님 BlueViolet a omnis 상품구매로 300 포인트 지급
3
2025-00-00 00:00:00
분배
+492
assccsa23 님 BlueViolet a omnis b11122 상품구매로 492 포인트 지급
2
2025-00-00 00:00:00
소진
-10,000
Kasze 님 BlueViolet a omnis 상품구매시 10,000 포인트 사용
1
2025-00-00 00:00:00
소진
-1,000
Kasze 님 BlueViolet a omnis 상품구매시 1,000 포인트 사용
날짜
구분
● 전체  ○ 분배  ○ 소진
상세
검색
~
1
2"
"190","RF-02-11-01-1","환급 요청","폐기 사양 반영","routes/web.php","원문 삭제 지시: 신규 채널 포인트 환급 요청 라우트 제거. 이전 기록은 보존.","보유 포인트를 환급 요청하는 화면
1
포인트는 1,000 단위로 입력해야 한다.
2
환급 포인트를 입력하지 않은 경우 환급 요청을 거부한다.
■ 포인트 환급
환급 가이드
환급 가이드 내용
보유 포인트
2,000,492 P
환급 포인트 *
(포인트는 1,000P 단위로 환급할 수 있습니다. )
메모
환급 요청
포인트 구매를 초과해서 구매하였습니다. 환급 부탁드립니다.
1,000,000
1
2
구조의 변경으로 삭제"
"191","RF-02-11-01-2","포인트 구매","폐기 사양 반영","routes/web.php","원문 삭제 지시: 신규 채널 포인트 구매 라우트 제거. 이전 기록은 보존.","포인트를 구매하는 화면
1
라디오 버튼으로 금액을 선택할 수 있다.
2
포인트와 현금의 비율은 1대1이다. (추후 변경 할 수 있음)
3
‘직접 입력’을 선택하기 전까지는 3-1 입력 칸이 표시되지 않는다. 선택 시 3-1 입력 칸이 나타난다.
4
선택한 금액이 표시되는 영역
‘직접 입력’을 선택한 경우 입력한 금액이 표시된다.
5
선택한 결제 방식에 따라 해당 결제 팝업창이 생성되어 결제 절차를 진행할 수 있다.
결제가 완료된 경우 RF-02-11-01 화면으로 이동한다.
■ 포인트 구매
구매 가이드
구매 가이드 내용
포인트
○  1,000,000 P           ( \ 1,000,000 )
○    500,000 P           ( \   500,000 )
○    300,000 P           ( \   300,000 )
○    100,000 P           ( \   100,000 )
●    직접 입력
결제 비용
\ 8,000,000
결제 방법
● 카드 결제        ○ 실시간 계좌이체
결제 하기
8,000,000
1
2
3
4
5
3-1
구조의 변경으로 삭제"
"192","","●  배송비설정 관리","목차/개정/구분 페이지","","구현 완료율 분모에서 제외. 개정 이력은 해당 RF와 함께 해석.",""
"193","RF-02-12-01","배송비설정 목록","부분검증 (개별 인수 미완료)","tests/Feature/ChannelRoutesTest.php;tests/Unit/ShopOrderTotalsTest.php;tests/Feature/ShopRuntimeTest.php","기본 상품별 무료/유료/조건부/착불 테스트. 지역 추가금/묶음배송/모든 정책 조합 미완료.","1
배송비 목록
2
배송비 정보를 복사하여 생성할 수 있는 버튼
1
2"
"194","RF-02-12-01-1","배송비설정 목록 > 배송비 등록","부분검증 (개별 인수 미완료)","tests/Feature/ChannelRoutesTest.php;tests/Unit/ShopOrderTotalsTest.php;tests/Feature/ShopRuntimeTest.php","기본 상품별 무료/유료/조건부/착불 테스트. 지역 추가금/묶음배송/모든 정책 조합 미완료.","1
배송비 등록을 할 수 있는 화면
1"
"195","RF-02-12-01-2","배송비설정 목록 > 배송비 등록","부분검증 (개별 인수 미완료)","tests/Feature/ChannelRoutesTest.php;tests/Unit/ShopOrderTotalsTest.php;tests/Feature/ShopRuntimeTest.php","기본 상품별 무료/유료/조건부/착불 테스트. 지역 추가금/묶음배송/모든 정책 조합 미완료.","무료배송(조건부) 선택 시 출력되는 화면
1
배송비 유형 중 무료배송(조건부)을 선택한 경우 조건을 입력할 수 있는 영역이 활성화된다.
1"
"196","RF-02-12-01-3","배송비설정 목록 > 배송비 등록","부분검증 (개별 인수 미완료)","tests/Feature/ChannelRoutesTest.php;tests/Unit/ShopOrderTotalsTest.php;tests/Feature/ShopRuntimeTest.php","기본 상품별 무료/유료/조건부/착불 테스트. 지역 추가금/묶음배송/모든 정책 조합 미완료.","고정 배송비 선택 시 출력되는 화면
1
배송비 유형 중 고정 배송비를 선택한 경우 고정 값을 입력할 수 있는 영역이 활성화된다.
1"
"197","RF-02-12-01-4","배송비설정 목록 > 배송비 등록","구현 미완료","app/Http/Controllers/Front/ChannelController.php;app/Services/ShopOrderTotals.php","변동 배송비의 금액/수량 반복 조건과 지역 반복 부과가 관리 입력 및 주문 계산에 구현되어 있지 않음.","변동 배송비 선택 시 출력되는 화면
1
배송비 유형 중 변동 배송비를 선택할 경우 기본 배송비와 조건을 선택 및 입력할 수 있는 영역이 활성화 된다.
1"
"198","RF-02-12-01-5","배송비설정 목록 > 배송비 등록","구현 미완료","app/Http/Controllers/Front/ChannelController.php;app/Services/ShopOrderTotals.php","구간별 금액 배송비 저장/범위 검증/주문 반영 미구현.","구간별 배송비 선택 시 출력되는 화면
1
배송비 유형 중 구간별 배송비를 선택 후 구매조건을 금액별로 선택한 경우 조건 금액 을 입력할 수 있는 영역이 활성화된다.
1"
"199","RF-02-12-01-6","배송비설정 목록 > 배송비 등록","구현 미완료","app/Http/Controllers/Front/ChannelController.php;app/Services/ShopOrderTotals.php","구간별 수량 배송비 저장/범위 검증/주문 반영 미구현.","구간별 배송비 > 수량별 선택 시 출력되는 화면
1
배송비 유형 중 구간별 배송비를 선택한 후 구매조건 중 수량별을 선택한 경우 조건 수량을 입력할 수 있는 영역이 활성화된다.
1"
"200","RF-02-12-01-7","배송비설정 목록 > 배송비 등록","구현 미완료","app/Models/ChannelDeliveryCharge.php;app/Services/ShopOrderTotals.php","지역 배송 제한 및 2권역 배송비 설정과 배송주소/우편번호 기반 주문 반영 미구현.","배송권역 방식 > 2권역 선택 시 출력되는 화면
1
배송 권역 방식 선택 후 2권역을 선택한 경우 조건에 맞는 영역이 활성화 된다.
1"
"201","RF-02-12-01-8","배송비설정 목록 > 배송비 등록","구현 미완료","app/Models/ChannelDeliveryCharge.php;app/Services/ShopOrderTotals.php","지역 배송 제한 및 3권역 배송비 설정과 배송주소/우편번호 기반 주문 반영 미구현.","배송권역 방식 > 3권역 선택 시 출력되는 화면
1
배송 권역 방식 선택 후 3권역을 선택한 경우 조건에 맞는 영역이 활성화 된다.
1"
"202","RF-02-12-01-9","배송비설정 목록 > 배송비 정보 보기","부분검증 (개별 인수 미완료)","tests/Feature/ChannelRoutesTest.php;tests/Unit/ShopOrderTotalsTest.php;tests/Feature/ShopRuntimeTest.php","기본 상품별 무료/유료/조건부/착불 테스트. 지역 추가금/묶음배송/모든 정책 조합 미완료.","1
배송비 상세 정보 화면"
"203","RF-02-12-01-10","배송비설정 목록 > 수정","부분검증 (개별 인수 미완료)","tests/Feature/ChannelRoutesTest.php;tests/Unit/ShopOrderTotalsTest.php;tests/Feature/ShopRuntimeTest.php","기본 상품별 무료/유료/조건부/착불 테스트. 지역 추가금/묶음배송/모든 정책 조합 미완료.","1
배송비 정보를 수정할 수 있는 화면
1"
"204","","●  취소/환불안내 관리","목차/개정/구분 페이지","","구현 완료율 분모에서 제외. 개정 이력은 해당 RF와 함께 해석.",""
"205","RF-02-13-01","취소/환불안내 목록","부분검증 (개별 인수 미완료)","tests/Feature/ChannelRoutesTest.php","정책 관리 경로 테스트. 최종 승인 환불약관과 실제 반환비용/포인트 우선순위 인수 미완료.","1
취소/환불 안내 목록
2
취소/환불 안내에 대한 내용을 복사하여 생성한다.
1
2"
"206","RF-02-13-01-1","취소/환불안내 목록 > 취소/환불안내 등록","부분검증 (개별 인수 미완료)","tests/Feature/ChannelRoutesTest.php","정책 관리 경로 테스트. 최종 승인 환불약관과 실제 반환비용/포인트 우선순위 인수 미완료.","1
취소/환불 안내 등록 버튼을 클릭 시 생성되는 화면
취소/환불 안내에 대한 내용을 입력하여 등록할 수 있다.
1"
"207","RF-02-13-01-2","취소/환불안내 목록 > 수정","부분검증 (개별 인수 미완료)","tests/Feature/ChannelRoutesTest.php","정책 관리 경로 테스트. 최종 승인 환불약관과 실제 반환비용/포인트 우선순위 인수 미완료.","1
수정 버튼을 클릭 시 생성되는 화면
취소/환불 안내에 대한 내용을 입력하여 수정할 수 있다.
1"
"208","RF-02-13-01-3","취소/환불안내 목록 > 보기","부분검증 (개별 인수 미완료)","tests/Feature/ChannelRoutesTest.php","정책 관리 경로 테스트. 최종 승인 환불약관과 실제 반환비용/포인트 우선순위 인수 미완료.","1
보기 버튼을 클릭 시 생성되는 화면
취소/환불 안내에 대한 상세 내용을 확인할 수 있다.
1
○ 취소/환불 안내 정보
설정구분
사용자
상태
사용
취소/환불안내 명칭
사용자 취소/환불 안내 명칭
취소/환불안내 내용
사용자 취소/환불 안내 내용
창닫기"
"209","","Shop 채널","목차/개정/구분 페이지","","구현 완료율 분모에서 제외. 개정 이력은 해당 RF와 함께 해석.",""
"210","","●  접속화면","목차/개정/구분 페이지","","구현 완료율 분모에서 제외. 개정 이력은 해당 RF와 함께 해석.",""
"211","RF-03-01-01","입장코드 입력 화면","부분검증 (개별 인수 미완료)","tests/Feature/ShopChannelAccessTest.php;tests/Feature/ShopRuntimeTest.php","Shop/입장코드/기간/회원 제한/OTP 재사용 방어 테스트. 실 SMS/소셜 제외.","Shop 채널로 입장하기 위해 코드를 입력하는 화면
1
입장 코드가 틀릴 경우 입장을 거부하고 안내 메시지를 보여준다.
Alert
입장 코드가 일치하지 않습니다.
입장 코드를 확인하여 주세요.
확인
1
구조의 변경으로 화면 재설계"
"212","RF-03-01-01","입장코드 입력 화면","부분검증 (개별 인수 미완료)","tests/Feature/ShopChannelAccessTest.php;tests/Feature/ShopRuntimeTest.php","Shop/입장코드/기간/회원 제한/OTP 재사용 방어 테스트. 실 SMS/소셜 제외.","Shop채널이 비공개일 경우 입장하기 위해 핸드폰번호와 입장코드를 입력하는 화면
1
입장정보가 틀릴 경우 입장을 거부하고 안내 메시지를 보여준다.
Shop 채널 로고
핸드폰번호
입장코드
입장 확인
Alert
입장 정보가 일치하지 않습니다.
입장 정보를 확인하여 주세요.
확인
1"
"213","RF-03-01-02","로그인 화면","부분검증 (개별 인수 미완료)","tests/Feature/ShopChannelAccessTest.php;tests/Feature/ShopRuntimeTest.php","Shop/입장코드/기간/회원 제한/OTP 재사용 방어 테스트. 실 SMS/소셜 제외.","1
일반 회원의
아이디 / 패스워드 영역
2
간편회원 로그인
로그인 정보가 없는 경우
간편로그인이 진행되면서 간편회원가입으로 진행된다.
-> RF-03-02-01 로 이동하여 추가정보와 가입동의를 진행"
"214","","●  간편회원 가입절차","목차/개정/구분 페이지","","구현 완료율 분모에서 제외. 개정 이력은 해당 RF와 함께 해석.",""
"215","RF-03-02-01","간편회원 가입절차 화면","자료 대기/부분검증","config/shop_channel.php;tests/Feature/ShopChannelAccessTest.php","필수 동의/선택 동의/버전 저장 검증. 승인 약관 원문·시행일 적용 전 미완료. 소셜 연동 제외.","간편 회원으로 로그인 하기 위해 회원 가입 하는 화면"
"216","","●  Shop채널 메인","목차/개정/구분 페이지","","구현 완료율 분모에서 제외. 개정 이력은 해당 RF와 함께 해석.",""
"217","RF-03-03-01","Shop채널 메인 화면","부분검증 (개별 인수 미완료)","tests/Feature/ShopRuntimeTest.php;/private/tmp/me9-check-publishing.cjs","신규 퍼블리싱과 실제 배너/상품 연결, 3개 화면 폭 검사. 모든 Shop 설정 조합은 미검수.","1
일정 시간 간격으로 이미지가 자동 전환(슬라이드 효과)된다.
화면을 좌우로 스와이프 하거나 하단 화살표를 눌렀을 경우 해당 방향으로 화면이 전환된다.
Url이 등록되어 있는 경우 클릭 시 해당 링크로 이동한다.
2
관리자가 등록한 키워드 리스트
버튼을 클릭할 경우 키워드에 해당하는 상품 목록이 나온다.
3
키워드에 해당하는 상품 목록
화면을 좌우로 스와이프 하거나 양 끝 화살표를 누를 경우 해당 방향으로 리스트가 스크롤 된다.
상품을 클릭할 경우 상품 상세 페이지 RF-03-04-02 로 이동한다.
1
2
3"
"218","","●  상품영역","목차/개정/구분 페이지","","구현 완료율 분모에서 제외. 개정 이력은 해당 RF와 함께 해석.",""
"219","RF-03-04-01","일반상품 목록 화면","부분검증 (개별 인수 미완료)","tests/Feature/ShopRuntimeTest.php;tests/Unit/ShopOrderTotalsTest.php;/private/tmp/me9-check-publishing.cjs","신규 디자인/장바구니/주문/포인트/옵션 재고/조회 검증. 모의 결제 기준이며 실 PG 및 모든 옵션 유형은 완료 아님.","1
상품 검색 영역
일반상품, 공동구매는 공동구매 판매상품이 있는 경우에 표시된다.
대분류, 중분류, 세분류를 설정하여 해당하는 상품을 검색할 수 있다.
2
상품 목록 정렬 방식을 변경하는 버튼
3
전체 상품 목록. 검색이 있을 경우 해당하는 상품 목록을 보여준다.
상품을 클릭할 경우 상품 상세 페이지 RF-03-04-02 으로 이동한다.
2
3
대분류 ▼
중분류 ▼
세분류 ▼
일반상품
공동구매
1"
"220","RF-03-04-02","일반상품 상세 화면","부분검증 (개별 인수 미완료)","tests/Feature/ShopRuntimeTest.php;tests/Unit/ShopOrderTotalsTest.php;/private/tmp/me9-check-publishing.cjs","신규 디자인/장바구니/주문/포인트/옵션 재고/조회 검증. 모의 결제 기준이며 실 PG 및 모든 옵션 유형은 완료 아님.","1
상품의 이미지가 표시되는 영역
처음 페이지에 들어올 경우 가장 먼저 등록된 이미지가 보여진다.
2
등록된 이미지들이 표시되는 영역
이미지를 클릭할 경우 상단에 있는 1번의 영역에 해당 이미지가 보여진다.
3
상품명, 코드, 분류가 표시되는 영역
4
옵션과 수량을 선택하는 영역
5
버튼 클릭 시 장바구니 페이지 RF-03-04-03 로 이동한다.
6
버튼 클릭 시 주문서 작성 페이지 RF-03-04-04 로 이동한다.
7
탭을 누를 경우 해당 탭에 맞는 데이터가 하단 영역에 표시된다.
1
3
4
5
7
6
2"
"221","RF-03-04-02-1","일반상품 상세 화면 > 구매옵션선택","부분검증 (개별 인수 미완료)","tests/Feature/ShopRuntimeTest.php;tests/Unit/ShopOrderTotalsTest.php;/private/tmp/me9-check-publishing.cjs","신규 디자인/장바구니/주문/포인트/옵션 재고/조회 검증. 모의 결제 기준이며 실 PG 및 모든 옵션 유형은 완료 아님.","구매옵션선택 버튼 클릭 시 출력되는 화면
1
버튼 클릭 시, 구매옵션 선택 영역이 표시되어 있는 경우에는 해당 영역이 숨겨지고,표시되어 있지 않은 경우에는 영역이 활성화된다.
2
단순한 표시/숨김이 아닌 아코디언 형태(슬라이드 업/다운)로 전환되어야 한다."
"222","RF-03-04-02-2","일반상품 상세 화면 > 판매 정보","부분검증 (개별 인수 미완료)","tests/Feature/ShopRuntimeTest.php;tests/Unit/ShopOrderTotalsTest.php;/private/tmp/me9-check-publishing.cjs","신규 디자인/장바구니/주문/포인트/옵션 재고/조회 검증. 모의 결제 기준이며 실 PG 및 모든 옵션 유형은 완료 아님.","판매 정보 클릭 시 출력되는 화면"
"223","RF-03-04-02-3","일반상품 상세 화면 >상품 Q&A","부분검증 (개별 인수 미완료)","tests/Feature/ShopRuntimeTest.php;tests/Unit/ShopOrderTotalsTest.php;/private/tmp/me9-check-publishing.cjs","신규 디자인/장바구니/주문/포인트/옵션 재고/조회 검증. 모의 결제 기준이며 실 PG 및 모든 옵션 유형은 완료 아님.","상품 Q&A 클릭 시 출력되는 화면"
"224","RF-03-04-02-4","일반상품 상세 화면 >상품 Q&A > 상품 문의하기","부분검증 (개별 인수 미완료)","tests/Feature/ShopRuntimeTest.php;tests/Unit/ShopOrderTotalsTest.php;/private/tmp/me9-check-publishing.cjs","신규 디자인/장바구니/주문/포인트/옵션 재고/조회 검증. 모의 결제 기준이며 실 PG 및 모든 옵션 유형은 완료 아님.","상품 문의하기 클릭 시 출력되는 화면"
"225","RF-03-04-02-5","일반상품 상세 화면 >상품 Q&A","부분검증 (개별 인수 미완료)","tests/Feature/ShopRuntimeTest.php;tests/Unit/ShopOrderTotalsTest.php;/private/tmp/me9-check-publishing.cjs","신규 디자인/장바구니/주문/포인트/옵션 재고/조회 검증. 모의 결제 기준이며 실 PG 및 모든 옵션 유형은 완료 아님.","문의 내역 화면
1
질문 내용 영역은 클릭으로 표시/숨김 되는 것이 아닌 항상 표시되어 있는 것 입니다.
1"
"226","RF-03-04-02-6","공동구매상품 목록 화면","부분검증 (개별 인수 미완료)","tests/Feature/ShopRuntimeTest.php;tests/Unit/ShopOrderTotalsTest.php;/private/tmp/me9-check-publishing.cjs","신규 디자인/장바구니/주문/포인트/옵션 재고/조회 검증. 모의 결제 기준이며 실 PG 및 모든 옵션 유형은 완료 아님.","1
상품 검색 영역
일반상품, 공동구매는 공동구매 판매상품이 있는 경우에 표시된다.
대분류, 중분류, 세분류를 설정하여 해당하는 상품을 검색할 수 있다.
2
상품 목록 정렬 방식을 변경하는 버튼
3
전체 상품 목록. 검색이 있을 경우 해당하는 상품 목록을 보여준다.
상품을 클릭할 경우 공동구매상품 상세 페이지 RF-03-04-02-7 으로 이동한다.
2
3
일반상품
공동구매
1
공동구매명 공동구매명 공동구매명 공동구매명
MG-00120-001
2025.05.12 ~ 2025.06.12
상세보기
상품이미지
상품 제목 111
225,000 원
공동구매명 공동구매명 공동구매명 공동구매명
MG-00120-001
2025.05.12 ~ 2025.06.12
상세보기
상품이미지
상품 제목 111
225,000 원
공동구매명 공동구매명 공동구매명 공동구매명
MG-00120-001
2025.05.12 ~ 2025.06.12
상세보기"
"227","RF-03-04-02-7","상품 상세 화면 > 판매 정보","부분검증 (개별 인수 미완료)","tests/Feature/ShopRuntimeTest.php;tests/Unit/ShopOrderTotalsTest.php;/private/tmp/me9-check-publishing.cjs","신규 디자인/장바구니/주문/포인트/옵션 재고/조회 검증. 모의 결제 기준이며 실 PG 및 모든 옵션 유형은 완료 아님.","판매 정보 클릭 시 출력되는 화면
1
공동구매 기본정보 표시
2
공동구매 판매혜택 표시
3
공동구매상품 판매현황 표시
4
구매현황상태에서 구매확정, 신청중, 배송중 까지만 표시되며,정렬을 구매확정일자, 상태, 구매일자 순으로 정렬된다.
5
공동구매상품은 구매 옵션이 없음으로 구매옵션 버튼은 숨긴다
공동구매수량
구매혜택
100개 이상 구매시
1000 원 할인
300개 이상 구매시
3000 원 할인
500개 이상 구매시
5000 원 할인
1000개 이상 구매시
10000 원 할인
No
구매자 아이디
구매자 명
상태
구매일자
구매확정일자
30
Ixz******
최**
구매확정
2025.05.11 08:12:11
2025.05.11 08:12:11
29
Ixz******
최**
배송중
2025.05.11 08:12:11
--
28
Ixz******
최**
배송중
2025.05.11 08:12:11
--
27
Ixz******
최**
배송중
2025.05.11 08:12:11
--
IMG
공동구매 상품명a200392
총 상품금액   300 원
장바구니
구매하기
2
3
●  구매확정수량 :  30 개
4
5
1
판매 정보
공동구매현황
상품 Q&A
3"
"228","RF-03-04-03","장바구니","부분검증 (개별 인수 미완료)","tests/Feature/ShopRuntimeTest.php;tests/Unit/ShopOrderTotalsTest.php;/private/tmp/me9-check-publishing.cjs","신규 디자인/장바구니/주문/포인트/옵션 재고/조회 검증. 모의 결제 기준이며 실 PG 및 모든 옵션 유형은 완료 아님.","옵션/수량 변경 클릭 시 옵션 변경 화면 출력
1
구매할 상품 체크
2
하나의 상품만을 구매할 때 사용 하며 클릭 시 주문서 작성 페이지 RF-03-04-04 로 이동한다.
3
장바구니 상품 삭제 버튼
4
버튼 클릭 시 상품에 체크가 되어있는 경우 주문서 작성 페이지 RF-03-04-04 로 이동한다. 상품에 체크가 되어있지 않은 경우 페이지 이동을 하지 않고 상품 체크 안내 메시지를 표시한다.
1
2
3
4"
"229","RF-03-04-04","주문서 작성","부분검증 (개별 인수 미완료)","tests/Feature/ShopRuntimeTest.php;tests/Unit/ShopOrderTotalsTest.php;/private/tmp/me9-check-publishing.cjs","신규 디자인/장바구니/주문/포인트/옵션 재고/조회 검증. 모의 결제 기준이며 실 PG 및 모든 옵션 유형은 완료 아님.","1
주문자, 배송지 정보 입력 영역
2
버튼 클릭 시 주문서에서 삭제되며 결제 금액이 차감된다.
3
포인트 입력 영역
4
주문자 정보, 배송지 정보를 누락하거나 개인정보 수집, 이용 및 제공 등에 관한 고지에 동의 하지 않을 경우 결제가 되지 않는다.
결제 수단을 어느 것으로 선택하더라도 결제 창이 보여지며 결제가 완료된 경우 결제 완료 페이지 RF-03-04-05로 이동한다.
1
2
3
4"
"230","RF-03-04-05","결제 완료 화면","부분검증 (개별 인수 미완료)","tests/Feature/ShopRuntimeTest.php;tests/Unit/ShopOrderTotalsTest.php;/private/tmp/me9-check-publishing.cjs","신규 디자인/장바구니/주문/포인트/옵션 재고/조회 검증. 모의 결제 기준이며 실 PG 및 모든 옵션 유형은 완료 아님.","결제가 완료될 경우 이동되는 화면
1
버튼 클릭 시 구매 내역 화면 RF-03-04-06로 이동한다.
1"
"231","RF-03-04-06","주문 내역 화면","부분검증 (개별 인수 미완료)","tests/Feature/ShopRuntimeTest.php;tests/Unit/ShopOrderTotalsTest.php;/private/tmp/me9-check-publishing.cjs","신규 디자인/장바구니/주문/포인트/옵션 재고/조회 검증. 모의 결제 기준이며 실 PG 및 모든 옵션 유형은 완료 아님.","구매 내역 화면"
"232","","●  주문영역","목차/개정/구분 페이지","","구현 완료율 분모에서 제외. 개정 이력은 해당 RF와 함께 해석.",""
"233","RF-03-05-01","주문 조회 화면","부분검증 (개별 인수 미완료)","tests/Feature/ShopRuntimeTest.php;/private/tmp/me9-check-publishing.cjs","본인 주문/문의/클레임/원장 복구/교환 대체 검증. 실 환불/세부 예외/반점 후기는 완료 아님.","1
주문 조회에 필요한 정보를 입력 하는 영역
2
조회한 정보가 일치하지 않을 경우 안내 메시지로 일치 하지 않는 것을 고지한다.
정보가 일치할 경우 주문 관리 페이지 RF-03-05-02로 이동한다.
1
2"
"234","RF-03-05-02","주문 관리 > 주문","부분검증 (개별 인수 미완료)","tests/Feature/ShopRuntimeTest.php;/private/tmp/me9-check-publishing.cjs","본인 주문/문의/클레임/원장 복구/교환 대체 검증. 실 환불/세부 예외/반점 후기는 완료 아님.","1
클릭 시 주문 타입에 맞는 페이지로 이동한다.
취소 -> RF-03-05-03
반품 -> RF-03-05-04
교환 -> RF-03-05-05
2
주문 상태, 날짜 검색 영역
3
주문 상세 페이지 RF-03-05-06 로 이동한다.
4
취소 신청 버튼
RF-03-05-02-2 참고
5
상품 정보 표시 영역
6
판매자 문의하기 버튼
RF-03-05-02-1 참고
7
반품 신청 버튼
RF-03-05-02-3 참고
8
교환 신청 버튼
RF-03-05-02-4 참고
9
구매 확정 버튼
RF-03-05-02-5 참고
7
8
9"
"235","RF-03-05-02-1","주문 관리 > 주문 > 상품 문의하기","부분검증 (개별 인수 미완료)","tests/Feature/ShopRuntimeTest.php;/private/tmp/me9-check-publishing.cjs","본인 주문/문의/클레임/원장 복구/교환 대체 검증. 실 환불/세부 예외/반점 후기는 완료 아님.","1
버튼 클릭 시 상품 문의하기 화면 생성
2
판매자에게 상품에 관하여 문의 할 수 있는 화면
2"
"236","RF-03-05-02-2","주문 관리 > 주문 > 취소 신청하기","부분검증 (개별 인수 미완료)","tests/Feature/ShopRuntimeTest.php;/private/tmp/me9-check-publishing.cjs","본인 주문/문의/클레임/원장 복구/교환 대체 검증. 실 환불/세부 예외/반점 후기는 완료 아님.","1
버튼 클릭 시 취소신청하기 화면 생성
2
주문 취소를 신청할 수 있는 화면
3
취소사유가 기타일 경우 사유를 입력할 수 있는 입력 영역이 표시된다."
"237","RF-03-05-02-3","주문 관리 > 주문 > 반품 신청하기","부분검증 (개별 인수 미완료)","tests/Feature/ShopRuntimeTest.php;/private/tmp/me9-check-publishing.cjs","본인 주문/문의/클레임/원장 복구/교환 대체 검증. 실 환불/세부 예외/반점 후기는 완료 아님.","1
버튼 클릭 시 반품 신청하기 화면 생성
2
상품 회수 방법 중 자동 회수를 선택할 경우 자동 회수 방법에 대한 문구가 표시된다.
수동 회수를 선택할 경우 수동 회수에 필요한 주소 정보가 표시된다.
3
반품 사유가 기타일 경우 사유를 입력할 수 있는 입력 영역이 표시된다."
"238","RF-03-05-02-4","주문 관리 > 주문 > 교환 신청하기","부분검증 (개별 인수 미완료)","tests/Feature/ShopRuntimeTest.php;/private/tmp/me9-check-publishing.cjs","본인 주문/문의/클레임/원장 복구/교환 대체 검증. 실 환불/세부 예외/반점 후기는 완료 아님.","1
버튼 클릭 시 교환 신청 하기 화면 생성
2
상품 회수 방법 중 자동 교환을 선택할 경우 자동 교환 방법에 대한 문구가 표시된다.
수동 반품을 선택할 경우 수동 반품에 필요한 주소 정보가 표시된다.
3
교환 사유가 기타일 경우 사유를 입력할 수 있는 입력 영역이 표시된다."
"239","RF-03-05-02-5","주문 관리 > 주문 >구매 확정하기","구현/회귀검증","tests/Feature/ShopRuntimeTest.php;resources/views/shop/partials/rating_input.blade.php;public/shop/js/rating.js","0.5점 단위 저장/유효성, hover/키보드/터치/선택해제, 기본값 미선택, 부정 구매 후기 차단, 브라우저 팝업 조작 검증.","구매 확정 상태로 변경할 수 있는 화면
1
구매 확정하기 화면 생성
2
별점은 마우스를 올리면 반개 단위로 미리보기 형태로 채워지고, 클릭 시 해당 별까지 선택되어 평점이 설정된다,
3
클릭 시 구매 확정 상태로 변경된다.
1
2
3"
"240","RF-03-05-03","주문 관리 > 취소","부분검증 (개별 인수 미완료)","tests/Feature/ShopRuntimeTest.php;/private/tmp/me9-check-publishing.cjs","본인 주문/문의/클레임/원장 복구/교환 대체 검증. 실 환불/세부 예외/반점 후기는 완료 아님.","취소 신청한 주문 목록 화면"
"241","RF-03-05-04","주문 관리 > 반품","부분검증 (개별 인수 미완료)","tests/Feature/ShopRuntimeTest.php;/private/tmp/me9-check-publishing.cjs","본인 주문/문의/클레임/원장 복구/교환 대체 검증. 실 환불/세부 예외/반점 후기는 완료 아님.","반품 신청한 주문 목록 화면"
"242","RF-03-05-05","주문 관리 > 교환","부분검증 (개별 인수 미완료)","tests/Feature/ShopRuntimeTest.php;/private/tmp/me9-check-publishing.cjs","본인 주문/문의/클레임/원장 복구/교환 대체 검증. 실 환불/세부 예외/반점 후기는 완료 아님.","교환 신청한 주문 목록 화면"
"243","RF-03-05-06","주문 상세 화면","부분검증 (개별 인수 미완료)","tests/Feature/ShopRuntimeTest.php;/private/tmp/me9-check-publishing.cjs","본인 주문/문의/클레임/원장 복구/교환 대체 검증. 실 환불/세부 예외/반점 후기는 완료 아님.","주문 상세 정보 화면
1
상품에 종류에 따라 다른 정보가 표시된다.
1"
"244","","●  공지사항","목차/개정/구분 페이지","","구현 완료율 분모에서 제외. 개정 이력은 해당 RF와 함께 해석.",""
"245","RF-03-06-01","공지사항 화면","부분검증 (개별 인수 미완료)","tests/Feature/ShopRuntimeTest.php;/private/tmp/me9-check-publishing.cjs","실제 공지/첨부/검색/페이지 이동/채널 범위 테스트 및 3개 화면 폭 검사. 운영 첨부 권한은 재확인 필요.","Shop 채널 관리자가 등록한 공지 사항 목록 화면
1
제목 클릭 시 공지사항 상세 페이지 RF-03-06-02로 이동한다.
1"
"246","RF-03-06-02","공지사항 상세 화면","부분검증 (개별 인수 미완료)","tests/Feature/ShopRuntimeTest.php;/private/tmp/me9-check-publishing.cjs","실제 공지/첨부/검색/페이지 이동/채널 범위 테스트 및 3개 화면 폭 검사. 운영 첨부 권한은 재확인 필요.","Shop 채널 관리자가 등록한 공지 사항 상세 화면
1
첨부파일 다운로드 기능
2
버튼 클릭 시, 사용자가 상세 화면 진입 전 머물러 있던 공지사항 목록의 동일한 위치(검색 결과 및 페이지 번호 포함) 로 복귀한다.
1
2"
"247","","발주사 페이지","목차/개정/구분 페이지","","구현 완료율 분모에서 제외. 개정 이력은 해당 RF와 함께 해석.",""
"248","","●  접속화면","목차/개정/구분 페이지","","구현 완료율 분모에서 제외. 개정 이력은 해당 RF와 함께 해석.",""
"249","RF-04-01-01","로그인 화면","부분검증 (개별 인수 미완료)","tests/Feature/CrossRoleIntegrationTest.php;tests/Feature/ShopRuntimeTest.php","로그인/접속기간/담당 주문/배송 전환/송장 업로드 주요 테스트. 실제 택배/모든 파일 오류와 전체 UI 인수 미완료.","1
발주 담당자 로그인 정보 입력 영역
2
정보가 맞지 않을 경우 정보가 맞지 않다는 것을 안내 문구로 표시한다.
정보가 맞을 경우 발주 관리 페이지 RF-04-02-01로 이동한다.
1
2"
"250","","●  발주관리","목차/개정/구분 페이지","","구현 완료율 분모에서 제외. 개정 이력은 해당 RF와 함께 해석.",""
"251","RF-04-02-01","발주 관리 > 발주 대기","부분검증 (개별 인수 미완료)","tests/Feature/CrossRoleIntegrationTest.php;tests/Feature/ShopRuntimeTest.php","로그인/접속기간/담당 주문/배송 전환/송장 업로드 주요 테스트. 실제 택배/모든 파일 오류와 전체 UI 인수 미완료.","발주 대기 중인 상품 목록 화면
1
버튼 클릭 시 타입에 맞는 페이지로 이동
발주 완료 -> RF-04-02-02
2
상세 검색 영역
1
2"
"252","RF-04-02-01-1","발주 관리 > 발주 대기","부분검증 (개별 인수 미완료)","tests/Feature/CrossRoleIntegrationTest.php;tests/Feature/ShopRuntimeTest.php","로그인/접속기간/담당 주문/배송 전환/송장 업로드 주요 테스트. 실제 택배/모든 파일 오류와 전체 UI 인수 미완료.","1
발주 처리하기 화면을 생성
2
다운로드한 엑셀 파일에 택배사와 송장번호를 입력한 후 업로드하면, 입력한 정보가 데이터베이스에 저장됩니다.
3
클릭 시 발주 대기 상태인 주문들의 정보를 엑셀로 만들어 다운로드 한다.
1
2
2"
"253","RF-04-02-01-2","발주 관리 > 발주 대기","부분검증 (개별 인수 미완료)","tests/Feature/CrossRoleIntegrationTest.php;tests/Feature/ShopRuntimeTest.php","로그인/접속기간/담당 주문/배송 전환/송장 업로드 주요 테스트. 실제 택배/모든 파일 오류와 전체 UI 인수 미완료.","1
발주 정보 상세 화면 생성
2
발주 정보 수정 화면 생성
1
2"
"254","RF-04-02-02","발주 관리 > 발주 완료","부분검증 (개별 인수 미완료)","tests/Feature/CrossRoleIntegrationTest.php;tests/Feature/ShopRuntimeTest.php","로그인/접속기간/담당 주문/배송 전환/송장 업로드 주요 테스트. 실제 택배/모든 파일 오류와 전체 UI 인수 미완료.","발주가 완료된 상품 목록 화면
1
클릭 시 발주 완료 상태인 주문들의 정보를 엑셀로 만들어 다운로드 한다.
1"
"255","RF-04-02-02-1","발주 관리 > 발주 완료","부분검증 (개별 인수 미완료)","tests/Feature/CrossRoleIntegrationTest.php;tests/Feature/ShopRuntimeTest.php","로그인/접속기간/담당 주문/배송 전환/송장 업로드 주요 테스트. 실제 택배/모든 파일 오류와 전체 UI 인수 미완료.","1
발주 정보 상세 화면 생성
2
발주 정보 수정 화면 생성
배송이 되기 전까지 정보를 수정할 수 있다.
1
2"
"256","","전체관리자","목차/개정/구분 페이지","","구현 완료율 분모에서 제외. 개정 이력은 해당 RF와 함께 해석.",""
"257","","●  로그인","목차/개정/구분 페이지","","구현 완료율 분모에서 제외. 개정 이력은 해당 RF와 함께 해석.",""
"258","RF-05-01","로그인 화면","부분검증 (개별 인수 미완료)","tests/Feature/AdminLoginTest.php;tests/Feature/AdminRoutesTest.php","로그인/로그아웃/역할 및 비활성 계정 검증. 운영 HTTPS/세션 검수 미완료.","관리자 별도의 주소로 접속합니다. 관리자 정보가 없을 경우 표시되는 로그인 화면입니다.로그인 항목으로 디자인과 코딩소스를 요청드립니다.
1
관리자
아이디 / 패스워드 영역
1"
"259","","●  화면 레이아웃","목차/개정/구분 페이지","","구현 완료율 분모에서 제외. 개정 이력은 해당 RF와 함께 해석.",""
"260","RF-05-02-01","대시보드 구성화면","부분검증 (개별 인수 미완료)","tests/Feature/AdminRoutesTest.php;/private/tmp/me9-check-admin-dashboard.cjs","샘플 집계를 실제 주문/포인트로 교체, 판매자 격리 및 차트 검증. 회원/게시판 등 원문 모든 패널 구현 판정 아님.","관리자가 최초 로그인 하면 표시되는 화면 입니다.
대시보드 화면은 각 블록을 구획으로 해서 자유로운 배치가 가능하도록 코딩 부탁드립니다. 화면은 3분할로 하고 7번 처럼 영역 3개를 한 영역으로  8번 처럼 가로로 이웃한 영역 2개를 한 영역으로9번 처럼 세로로 줄선 영역 2개를 한 영역으로10번 처럼 이웃한 4개를 한 영역으로
11번 처럼 1개의 영역을 한 영역으로 사용할 수 있도록 class 로 만들어서 유연하게 이용할 수 있게 요청드립니다.
1
미구마켓 로고영역
2
GNB 영역 / 대메뉴 (1차메뉴) 입니다.
대메뉴가 선택되었을 경우에는 색반전등 다른 표시가 있어서 현재 메뉴버튼이 선택된 상태인 것을 확인시켜주시기 바랍니다.
3
대메뉴가 메뉴명이 길어지거나 메뉴의 숫자가 많아서 화면 영역 밖으로 벗어날 수 있으니 이럴 경우 좌우로 스크롤 하여 메뉴를 끝까지 다 선택할 수 있도록 요청드립니다.
4
LNB 영역으로 대메뉴가 선택되었을 때, 그 메뉴의 하위 메뉴 (중메뉴) 가 표시되는 영역입니다.
선택된 메뉴는 배경과 메뉴명에 강조를 두어서 현재 선택되어 있다는 것을 알수 있게 표현 부탁드립니다.또한 액션 역시 하위메뉴가 없을 경우에는 클릭시 바로 이동하는 것과 하위메뉴가 있을 경우 클릭시 하위메뉴 열리는 액션으로 나뉘주시기 바랍니다.
5
중메뉴에 하위메뉴가 있는 경우 하위메뉴가 보이는 액션을 요청드립니다 ( 아코디언 액션 등 )
6
바로가기 메뉴입니다. 최고 10개로 정하려 합니다. 배너버튼 형태로 구성 부탁드립니다.
7
운영중인 판매채널의 모든 주문상태를 표시합니다.
8
구글차트에서 지원하는 그래프를 이용하여 표시할 예정
9
현황을 리스트로 표현
6
7
10
11"
"261","RF-05-02-02","웹페이지 - 일반 리스트 화면","개별 인수 미검수","","라우트/파일 존재나 공통 테스트 통과만으로 본 항목을 합격 처리하지 않음. 모든 상세 요구를 개별 검증해야 함.","관리자 페이지의 웹페이지의 기본적인 리스트 페이지 입니다.해당 패턴들을 가지고 조합하여 각 페이지들을 구성하겠습니다.
1
메인 타이틀
2
검색 영역의 화면 패턴
3
검색 메뉴의 버튼 패턴
4
리스트의 카운터 패턴
5
리스트 패턴패턴을 이용하여 칸수를 자유롭게 증가시켜서 화면을 만들 예정입니다.
6
목록 체크박스
타이틀 쪽 체크박스를 클릭하면 리스트 쪽의 체크가 전체 체크되는 패턴 입니다.
7
리스트 하단에 목록 체크된 것을 처리하는 컨트롤 영역입니다.
8
페이지 분할 영역
1
2
3
4
5
8
9
6
7"
"262","RF-05-02-03","웹페이지 - 갤러리 리스트 화면","개별 인수 미검수","","라우트/파일 존재나 공통 테스트 통과만으로 본 항목을 합격 처리하지 않음. 모든 상세 요구를 개별 검증해야 함.","관리자 페이지의 웹페이지의 기본적인 갤러리 형태의 리스트 페이지 입니다.해당 패턴들을 가지고 조합하여 각 페이지들을 구성하겠습니다.
1
메인 이미지
2
갤러리 형태의 표시 패턴"
"263","RF-05-02-04","웹페이지 - 보기 화면 첫번째 형태","개별 인수 미검수","","라우트/파일 존재나 공통 테스트 통과만으로 본 항목을 합격 처리하지 않음. 모든 상세 요구를 개별 검증해야 함.","관리자 페이지의 웹페이지의 기본적인 보기 페이지 입니다.일반 게시판의 보기에 사용할 예정입니다.
1
제목 패턴
2
게시글 구성 패턴
날짜 / Hit / 글쓴이
3
게시글에 이미지 아닌 파일이 첨부되었을 때 패턴
4
게시글에 이미지를 등록했을 때 패턴
5
게시글 내용 패턴
6
게시글 컨트롤 버튼 패턴
7
댓글 패턴한 블록으로 묶어주시고 사용하지 않을 때는 숨길 수 있도록 구분해 주세요.
1
2
3
4
5
6
7"
"264","RF-05-02-05","웹페이지 - 보기페이지의 댓글 수정 레이어 화면","개별 인수 미검수","","라우트/파일 존재나 공통 테스트 통과만으로 본 항목을 합격 처리하지 않음. 모든 상세 요구를 개별 검증해야 함.","댓글 영역에 댓글을 수정할 때 사용할 수정 레이어 화면입니다.
1
댓글 수정을 클릭 했을 경우 수정화면이 레이어로 표시되는 형태입니다.
레이어 창으로 표시 부탁드립니다.
1"
"265","RF-05-02-06","웹페이지 - 보기 화면 두번째 형태","개별 인수 미검수","","라우트/파일 존재나 공통 테스트 통과만으로 본 항목을 합격 처리하지 않음. 모든 상세 요구를 개별 검증해야 함.","관리자 페이지의 웹페이지의 보기 패턴의 두번째 형태 입니다..해당 패턴들을 가지고 조합하여 상품 보기 페이지나 사용자 보기 페이지 등등의 컨트롤 페이지들을 구성하겠습니다.
1
대 제목 패턴
2
화면 2분할 패턴 표시( 화면 3분할 패턴도 부탁드립니다 )
3
중 제목 패턴
4
화면 1분할 패턴 표시
5
탭 메뉴 패턴 : 탭 메뉴를 클릭하면 6번의 표시창이 변경됩니다.
메뉴가 클릭되면 탭 메뉴의 강조 패턴도 부탁드립니다.
6
탭메뉴 표시영역입니다. 탭메뉴를 누르면 Ajax를 통해 화면이 변경될 것입니다.
영역에 일반 리스트를 표현해 주세요.
1
3
2
4
5
6"
"266","RF-05-02-07","레이어 페이지 - 레이어 패턴 2형 ( 소규모 레이어창 )","개별 인수 미검수","","라우트/파일 존재나 공통 테스트 통과만으로 본 항목을 합격 처리하지 않음. 모든 상세 요구를 개별 검증해야 함.","웹페이지에서 사용될 레이어 2형태의 패턴입니다. 주로 간단한 가이드를 알려주거나 우편번호 찾는 등의 전체 화면을 막을 필요가 없는 창이 필요할 때 사용할 패턴입니다. 버튼을 클릭했을 때 버튼 옆으로 레이어 2형태가 뜰 수 있도록 코딩해 주세요.
1
버튼을 클릭했을 때 옆으로 레이어창 표시
1"
"267","RF-05-02-08","웹페이지 - 입력페이지 형태","개별 인수 미검수","","라우트/파일 존재나 공통 테스트 통과만으로 본 항목을 합격 처리하지 않음. 모든 상세 요구를 개별 검증해야 함.","웹페이지의 입력페이지 패턴입니다..해당 패턴들을 가지고 조합하여 상품 등록 페이지나 사용자 등록 페이지 등등의 컨트롤 페이지들을 구성하겠습니다.
1
대 제목 패턴
2
중 제목 패턴
3
입력 영역과 영역사이 이미지나 가이드 내용의 표시 패턴
4
기본 폼 패턴과 입력폼 패턴 #1
5
기본 폼 패턴과 입력폼 패턴 #2
6
버튼 패턴
1
2
3
4
5
6"
"268","RF-05-02-09","팝업 페이지 - 입력페이지 형태","개별 인수 미검수","","라우트/파일 존재나 공통 테스트 통과만으로 본 항목을 합격 처리하지 않음. 모든 상세 요구를 개별 검증해야 함.","팝업 페이지의 입력페이지 패턴입니다..팝업 헤더와 풋터 영역을 공통화 해서 관리자 페이지 전역에 사용할 팝업 패턴입니다.
1
팝업창의 네비게이션 패턴
2
팝업창의 대 제목 패턴
3
팝업창의 중 제목 패턴
4
팝업창의 입력 영역과 영역사이 이미지나 가이드 내용의 표시 패턴
5
팝업창의 기본 폼 패턴과 입력폼 패턴 #1
6
팝업창의 기본 폼 패턴과 입력폼 패턴 #2
7
팝업창의 버튼 패턴
1
2
3
4
5
6
7"
"269","RF-05-02-10","레이어 페이지 - 레이어 패턴 1형 ( 입력페이지 )","개별 인수 미검수","","라우트/파일 존재나 공통 테스트 통과만으로 본 항목을 합격 처리하지 않음. 모든 상세 요구를 개별 검증해야 함.","웹페이지에서 사용될 레이어 1형태의 패턴입니다. 주로 많은 양의 입력내용이 있을 때 사용할 패턴입니다. 전체화면을 검은 막으로 막고 레이어 창을 띄우는 형태입니다.버튼을 클릭했을 때 레이어 1형태가 뜰 수 있도록 코딩해 주세요.
레이어가 표시되고 레이어 안의 컨텐츠를 표시해 주시면 나중에 프로그램 진행하면서 컨텐츠 안의 내용은 Ajax를 통해 표시 할 것입니다.
1
레이어창의 네비게이션 패턴
2
레이어창의 대 제목 패턴
3
레이어창의 중 제목 패턴
4
레이어창의 입력 영역과 영역사이 이미지나 가이드 내용의 표시 패턴
5
레이어창의 기본 폼 패턴과 입력폼 패턴 #1
6
레이어창의 기본 폼 패턴과 입력폼 패턴 #2
7
레이어창의 버튼 패턴
8
레이어창의 닫기 버튼
1
2
3
4
5
6
7
8"
"270","RF-05-02-11","상태진행창","개별 인수 미검수","","라우트/파일 존재나 공통 테스트 통과만으로 본 항목을 합격 처리하지 않음. 모든 상세 요구를 개별 검증해야 함.","웹페이지에서 많은 데이터를 로딩하거나 화면을 Ajax를 통해 다시 그릴 때 사용될 진행알림창입니다. ( 정보로딩중에 다른 화면의 클릭을 금지시키기 위한 화면 )
기본적인 요소는 화면 전체를 검은 막으로 막아야 하고, 의미가 없지만 진행중이다라는 느낌을 주는 이미지를 표시하고, 정보수신관련 메시지를 띄울 수 있게 처리 되었으면 좋겠습니다.
코딩 후 상태진행창 출력하는 방법과 상태진행창이 사라지는 방법을 가이드 해주시면 될 것 같습니다."
"271","","감사합니다","목차/개정/구분 페이지","","구현 완료율 분모에서 제외. 개정 이력은 해당 RF와 함께 해석.",""
