"파일","시트","행","원문 셀","참조 RF","대응 슬라이드","판정 (원문 진행상태는 현재 합격 근거 아님)"
"Me9_플랫폼_상품가격_정산리스트_산출예시.xlsx","Sheet1","1","["""",""상품가격 결정에 따른 정산표시방법 예시"","""","""","""","""","""","""","""","""","""","""","""","""",""""]","","","자료/수식/목록 행: 개별 검증 미완료"
"Me9_플랫폼_상품가격_정산리스트_산출예시.xlsx","Sheet1","2","["""",""판매시 정산 기준"","""",""판매가격을 결정한 사람에게 계산서를 청구"","""","""","""","""","""","""","""","""","""","""",""""]","","","자료/수식/목록 행: 개별 검증 미완료"
"Me9_플랫폼_상품가격_정산리스트_산출예시.xlsx","Sheet1","3","["""",""판매 예시 설정 "","""",""물건값 : 10,000 원\n배송비 : 2,500원\nAAA 사 (상품의 최초 등록 공유회사) 요율 - 5%\nBBB 사 (Me9)\nCCC 사 (공유받은 상품을 판매한 회사) 요율 - 10% "","""","""","""","""","""","""","""","""","""","""",""""]","","","자료/수식/목록 행: 개별 검증 미완료"
"Me9_플랫폼_상품가격_정산리스트_산출예시.xlsx","Sheet1","4","["""",""No"",""제품종류"",""판매가격"",""추가조건"",""PG종류"",""Sec.No"",""회사표시"",""각 회사별 정산표시"",""문의사항"","""","""","""","""",""""]","","","자료/수식/목록 행: 개별 검증 미완료"
"Me9_플랫폼_상품가격_정산리스트_산출예시.xlsx","Sheet1","5","["""",""1"",""자사제품"",""직접결정"",""자사포인트 1,000 사용\n미구포인트 2,000 사용\nSMS 사용체크"",""자사PG이용"",""1-001"",""AAA"",""\n\n\n\n\n\n산출근거 : 자사 상품을 팔고, 자사 PG를 이용했지만 고객이 결제할 때 3,000 포인트를 결제하였으므로 정산금이 발생한다. 이 때 정산금은 3,000 에서 SMS 수수료를 차감한 금액이다."",""자사제품 / 자사PG 이용하지만 \n고객의 포인트 결제가 발생하였으므로 미구마켓에서 비용을 지급하는 것이 맞나요?\n시스템의 정산 리스트에서는 내용처럼 표시되는 데 표시 방법이 맞나요?\n\n포인트 결제가 없는 경우 정산비용이 SMS 사용 비용 100원만 발생할 수 있고,\nSMS 사용을 하지 않을 경우에는 정산비용이 0로 표시됩니다. "","""","""","""","""",""""]","","","자료/수식/목록 행: 개별 검증 미완료"
"Me9_플랫폼_상품가격_정산리스트_산출예시.xlsx","Sheet1","6","["""","""","""","""","""","""",""1-002"",""BBB"",""\n\n\n\n\n\n산출근거 : 관리자 영역에서 보여지는 정산리스트. PG결제와 포인트 결제부분이 세분화 되어 있다."",""관리자 페이지 정산리스트 표시 입니다. \n고객의 정산리스트에서 PG결제와 포인트 결제가 세분화 되어있습니다.\n표시에 필요한 부분을 더 확인 해 주십시오."","""","""","""","""",""""]","","","자료/수식/목록 행: 개별 검증 미완료"
"Me9_플랫폼_상품가격_정산리스트_산출예시.xlsx","Sheet1","7","["""",""2"",""자사제품"",""직접결정"",""자사포인트 1,000 사용\n미구포인트 2,000 사용\n제공포인트 : 500 point\nSMS 사용체크"",""공용PG이용"",""2-001"",""AAA"",""\n\n\n\n\n\n산출근거 : 500 포인트를 제공한다고 하였으므로 공용PG를 사용하는 것이며, 매출액이 배송비를 포함하여, 12,500 원으로 확정.  \n             매입액(수수료)는 [ 매출액 * 판매자요율 * 1.1 ] 을 적용하고, 단자리 올림을 적용하여 690 원이며, SMS 사용료와 제공포인트를 뺀 나머지 금액을 정산비용으로 산출한다. \n"",""제공포인트가 500 Point 가 있으므로 결제는 공용PG 사용으로 전환됩니다.\n\n\n\n\n\n\n\n\n"","""","""","""","""",""""]","","","자료/수식/목록 행: 개별 검증 미완료"
"Me9_플랫폼_상품가격_정산리스트_산출예시.xlsx","Sheet1","8","["""","""","""","""","""","""",""2-002"",""BBB"",""\n\n\n\n\n\n산출근거 : 결제금액 13,000원은 상품매출액 12,500 원과 제공포인트 500 point가 합계임. 매출액은 배송비를 포함하여 12,500원이며 해당 수수료와 SMS 사용료를 표시\n"","""","""","""","""","""",""""]","","","자료/수식/목록 행: 개별 검증 미완료"
"Me9_플랫폼_상품가격_정산리스트_산출예시.xlsx","Sheet1","9","["""",""3"",""공유제품"",""판매가격\n고정"",""판매가 : 13,000 원 고정\n공유판매 수수료 : 1,500 원\nSMS 사용체크"",""공용PG이용"",""3-001"",""AAA"",""\n\n\n\n\n\n산출근거 : 판매가를 13,000 원으로 고정했기 때문에 배송비 포함해서 매출액은 15,500 원으로 확정.\n             매입액(수수료)는 [ 매출액 * 판매자요율 * 1.1 ] 을 적용하고, 단자리 올림을 적용하여 860 원이며, 공유판매 수수료가 1,500원이므로 매입에 수수료를 포함해서 2,360원이 산출되었으며\n             SMS 사용은 체크되었으나 SMS 과금은 공유받은 상품을 판매한 회사가 지급하는 것으로 0원이 산출되어서 매입액만 뺀 나머지 금액을 정산비용(지급액) 으로 산출한다. \n"",""공유제품을 판매할 때, 공유제품판매가를 공유하는 회사에서 결정했을 때 정산표시 방법입니다."","""","""","""","""",""""]","","","자료/수식/목록 행: 개별 검증 미완료"
"Me9_플랫폼_상품가격_정산리스트_산출예시.xlsx","Sheet1","10","["""","""","""","""","""","""",""3-002"",""BBB"",""\n\n\n\n\n\n산출근거 : 3-001 의 근거로 관리자 정산리스트 표시\n"","""","""","""","""","""",""""]","","","자료/수식/목록 행: 개별 검증 미완료"
"Me9_플랫폼_상품가격_정산리스트_산출예시.xlsx","Sheet1","11","["""","""","""","""","""","""",""3-003"",""CCC"",""\n\n\n\n\n\n산출근거 : 공유판매 수수료가 1,500원으로 매출은 1,500 이며, 위탁판매자가 결정한 것이 아니므로 수수료는 없다. 그러나 판매채널의 주인이기 때문에 SMS 수수료가 발생하여 정산비용은 1,400 원이다.\n"",""위탁판매 업체는 결제비용이 표시 안되는 것이 맞나요?"","""","""","""","""",""""]","","","자료/수식/목록 행: 개별 검증 미완료"
"Me9_플랫폼_상품가격_정산리스트_산출예시.xlsx","Sheet1","12","["""","""","""","""","""","""",""3-004"",""BBB"",""\n\n\n\n\n\n산출근거 : 3-003 의 근거로 관리자 정산리스트 표시\n"","""","""","""","""","""",""""]","","","자료/수식/목록 행: 개별 검증 미완료"
"Me9_플랫폼_상품가격_정산리스트_산출예시.xlsx","Sheet1","13","["""",""4"",""공유제품"",""판매가격\n고정"",""판매가 : 13,000 원 고정\n공유판매 수수료 : 1,500 원\n자사포인트 1,000 사용\n미구포인트 2,000 사용\n제공포인트 : 500 point\nSMS 사용체크"",""공용PG이용"",""4-001"",""AAA"",""\n\n\n\n\n\n산출근거 : 판매가를 13,000 원으로 고정했기 때문에 배송비 포함해서 매출액은 15,500 원으로 확정.\n             매입액(수수료)는 [ 매출액 * 판매자요율 * 1.1 ] 을 적용하고, 단자리 올림을 적용하여 860 원이며, 공유판매 수수료가 1,500원이므로 매입에 수수료를 포함해서 2,360원이 산출되었으며\n             구매고객에게 500point를 제공하지만 판매채널에서 제공하는 것이므로 산출되지 않음.\n             SMS 사용도 체크되었으나 SMS 과금도 공유받은 상품을 판매한 회사가 지급하는 것으로 0원이 산출되어서 매입액만 뺀 나머지 금액을 정산비용(지급액) 으로 산출한다. \n"","""","""","""","""","""",""""]","","","자료/수식/목록 행: 개별 검증 미완료"
"Me9_플랫폼_상품가격_정산리스트_산출예시.xlsx","Sheet1","14","["""","""","""","""","""","""",""4-002"",""BBB"",""\n\n\n\n\n\n산출근거 : 4-001 의 근거로 관리자 정산리스트 표시 \n"","""","""","""","""","""",""""]","","","자료/수식/목록 행: 개별 검증 미완료"
"Me9_플랫폼_상품가격_정산리스트_산출예시.xlsx","Sheet1","15","["""","""","""","""","""","""",""4-003"",""CCC"",""\n\n\n\n\n\n산출근거 : 공유판매 수수료가 1,500 원 이므로 매출액이 1,500 원으로 확정. \n             판매가격을 공유자가 결정하였으므로 수수료는 0, 제공포인트가 500point이며, SMS 사용은 체크를 하였으므로 100원이 뺀 나머지 금액을 정산비용(지급액) 으로 산출한다. \n"","""","""","""","""","""",""""]","","","자료/수식/목록 행: 개별 검증 미완료"
"Me9_플랫폼_상품가격_정산리스트_산출예시.xlsx","Sheet1","16","["""","""","""","""","""","""",""4-004"",""BBB"",""\n\n\n\n\n\n산출근거 : 4-004 의 근거로 관리자 정산리스트 표시 \n"","""","""","""","""","""",""""]","","","자료/수식/목록 행: 개별 검증 미완료"
"Me9_플랫폼_상품가격_정산리스트_산출예시.xlsx","Sheet1","17","["""",""5"",""공유제품"",""판매가격\n자유로움"",""판매가 : 13,000 원 책정\nSMS 사용체크"",""공용PG이용"",""5-001"",""AAA"",""\n\n\n\n\n\n산출근거 : 상품가격 10,000원에 배송비 2,500원을 매출액이나 가격 결정을 공유판매회사에서 결정하므로 수수료가 0 \n"",""공유제품을 판매할 때, 공유제품판매가를 위탁판매하는 회사에서 결정했을 때 정산표시 방법입니다.\nAAA 업체는 물건만 공유하는 회사이므로 수수료가 발생하지 않기 때문에\nPG 결제는 수수료받는 업체에만 표시할 예정입니다. "","""","""","""","""",""""]","","","자료/수식/목록 행: 개별 검증 미완료"
"Me9_플랫폼_상품가격_정산리스트_산출예시.xlsx","Sheet1","18","["""","""","""","""","""","""",""5-002"",""BBB"",""\n\n\n\n\n\n산출근거 : 5-001 을 근거로 관리자 정산리스트 표시\n"","""","""","""","""","""",""""]","","","자료/수식/목록 행: 개별 검증 미완료"
"Me9_플랫폼_상품가격_정산리스트_산출예시.xlsx","Sheet1","19","["""","""","""","""","""","""",""5-003"",""CCC"",""\n\n\n\n\n\n산출근거 : 공유회사가 설정할 수 있는 상품 최저 판매가격은 11,550 원\n             공유회사가 상품 판매가격을 13,000 원으로 확정하면 배송비 2,500 을 합산하여 공유회사의 수수료율로 수수료를 계산하면 1,710 의 수수료 산출. \n             공유된 상품가격에 수수료를 포함한 가격을 매입으로 처리\n             SMS 사용수수료는 공유회사가 지출\n"",""최소가격 산출식 \n\n$product_price    // 상품가격 \n$delivery_fee       // 배송비 \n$commission_rate // 공유회사 수수료 \n\n$remain_rate = 1 - (($commission_rate * 1.1) / 100);\n$min_price = ceil(((($product_price + $delivery_fee) / $remain_rate) - $delivery_fee) / 10) * 10;\n\n적용 )\n$product_price = 10000;   // 상품가격 \n$delivery_fee = 2500;       // 배송비 \n$commission_rate = 10;   // 공유회사 수수료 \n\n$remain_rate = 1 - ((10 × 1.1) / 100) = 0.89\n$min_price = ceil((((10,000 + 2,500) / 0.89) - 2,500) / 10 ) * 10 = 11,550;"","""","""","""","""",""""]","","","자료/수식/목록 행: 개별 검증 미완료"
"Me9_플랫폼_상품가격_정산리스트_산출예시.xlsx","Sheet1","20","["""","""","""","""","""","""",""5-004"",""BBB"",""\n\n\n\n\n\n\n산출근거 : 5-003 의 근거로 관리자 정산리스트 표시\n"","""","""","""","""","""",""""]","","","자료/수식/목록 행: 개별 검증 미완료"
"Me9_플랫폼_상품가격_정산리스트_산출예시.xlsx","Sheet1","21","["""",""6"",""공유제품"",""판매가격\n자유로움"",""판매가 : 13,000 원 책정\n공유판매 수수료 : 1,500 원\n자사포인트 1,000 사용\n미구포인트 2,000 사용\n제공포인트 : 500 point\nSMS 사용체크"",""공용PG이용"",""6-001"",""AAA"",""\n\n\n\n\n\n산출근거 : 상품가격 10,000원에 배송비 2,500원을 매출액이나 가격 결정을 공유판매회사에서 결정하므로 수수료가 0 \n"","""","""","""","""","""",""""]","","","자료/수식/목록 행: 개별 검증 미완료"
"Me9_플랫폼_상품가격_정산리스트_산출예시.xlsx","Sheet1","22","["""","""","""","""","""","""",""6-002"",""BBB"",""\n\n\n\n\n\n산출근거 : 6-001 을 근거로 관리자 정산리스트 표시 \n\n"","""","""","""","""","""",""""]","","","자료/수식/목록 행: 개별 검증 미완료"
"Me9_플랫폼_상품가격_정산리스트_산출예시.xlsx","Sheet1","23","["""","""","""","""","""","""",""6-003"",""CCC"",""\n\n\n\n\n\n산출근거 : 공유회사가 설정할 수 있는 상품 최저 판매가격은 11,550 원\n             공유회사가 상품 판매가격을 13,000 원으로 확정하면 배송비 2,500 을 합산하여 공유회사의 수수료율로 수수료를 계산하면 1,710 의 수수료 산출. \n             공유된 상품가격에 수수료를 포함한 가격을 매입으로 처리\n             SMS 사용수수료는 공유회사가 지출\n"","""","""","""","""","""",""""]","","","자료/수식/목록 행: 개별 검증 미완료"
"Me9_플랫폼_상품가격_정산리스트_산출예시.xlsx","Sheet1","24","["""","""","""","""","""","""",""6-004"",""BBB"",""\n\n\n\n\n\n산출근거 : 6-003 을 근거로 관리자 정산리스트 표시 \n"","""","""","""","""","""",""""]","","","자료/수식/목록 행: 개별 검증 미완료"
"Me9_플랫폼_상품가격_정산리스트_산출예시.xlsx","Sheet1","25","["""",""7"",""자사제품"",""직접결정"",""공동구매 시작가 : 10,000 원\n공동구매 할인가 : 2,000 원\n자사포인트 1,000 사용\n미구포인트 2,000 사용\n제공포인트 : 500 point\nSMS 사용체크"",""공용PG이용"",""7-001"",""AAA"",""\n\n\n\n\n\n산출근거 : 공동구매 시작가가 10,000 원이었으나 공동구매 완료가 되었을 때 최종비용은 8,000 원이 되었기 때문에 공동구매최종가 8,000원과 배송비 2,500원을 포함해서 10,500 원이 최종 매출.\n             판매자 요율이 5% 이므로 수수료는 580 의 수수료 산출\n"",""매출 산출시 최초 상품가를 기준으로 12,500 으로 산출해야 하나요?\n아니면 공동구매 완료 시 할인가격을 차감한 10,500 으로 산출해야 하나요?"","""","""","""","""",""""]","","","자료/수식/목록 행: 개별 검증 미완료"
"Me9_플랫폼_상품가격_정산리스트_산출예시.xlsx","Sheet1","26","["""","""","""","""","""","""",""7-002"",""BBB"",""\n\n\n\n\n\n산출근거 : 7-002 을 근거로 관리자 정산리스트 표시\n"","""","""","""","""","""",""""]","","","자료/수식/목록 행: 개별 검증 미완료"
"Me9_FileMap.xlsx","FileMap","1","["""",""Me9_FileMap"","""","""","""","""","""","""","""","""","""","""","""","""","""","""","""","""","""","""","""","""","""","""","""","""","""","""",""""]","","","자료/수식/목록 행: 개별 검증 미완료"
"Me9_FileMap.xlsx","FileMap","2","["""","""",""스토리보드 제공 버전 V1.2.6"","""","""","""","""","""","""","""","""","""","""","""","""","""","""","""","""","""","""","""","""","""","""","""","""","""",""""]","","","자료/수식/목록 행: 개별 검증 미완료"
"Me9_FileMap.xlsx","FileMap","3","["""",""No."",""Division"",""Depth"","""","""","""","""","""","""",""Page Name"",""SB Page"","""",""Page Path"",""Page Type"",""Physical File"",""화면 참고내용"",""작업현황"",""화면 검토 (내용 및 반응형)"","""",""처리현황 및 기타"","""","""","""","""","""","""","""",""""]","","","자료/수식/목록 행: 개별 검증 미완료"
"Me9_FileMap.xlsx","FileMap","4","["""","""","""",""Depth 1"",""Depth 2"",""Depth 3"",""Depth 4"",""Depth 5"",""Depth 6"",""Depth 7"","""",""화면 ID"",""참고내용"","""","""","""","""","""",""Edge"",""Chrome"","""","""","""","""","""","""","""","""",""""]","","","자료/수식/목록 행: 개별 검증 미완료"
"Me9_FileMap.xlsx","FileMap","5","["""",""1.0"",""홈페이지"",""main"","""","""","""","""","""","""",""메인 페이지"",""RF-01-01"",""내용요청 / 디자인 페이지 "",""/homepage/main/index.html"",""Page"","""","""",""파일요청중"",""미체크"",""미체크"","""","""","""","""","""","""","""","""",""""]","RF-01-01","7","관련 RF 검수표 참조; 개별 원문행 인수 미완료"
"Me9_FileMap.xlsx","FileMap","6","["""",""2.0"","""",""서비스안내"","""","""","""","""","""","""",""서비스 안내 페이지"",""RF-01-02"",""내용요청 / 디자인 페이지 "",""/homepage/company/service.html"",""Page"","""","""",""파일요청중"",""미체크"",""미체크"","""","""","""","""","""","""","""","""",""""]","RF-01-02","9","관련 RF 검수표 참조; 개별 원문행 인수 미완료"
"Me9_FileMap.xlsx","FileMap","7","["""",""3.0"","""",""주요기능"","""","""","""","""","""","""",""주요기능 소개 페이지"",""RF-01-03"",""내용요청 / 디자인 페이지 "",""/homepage/company/features.html"",""Page"","""","""",""파일요청중"",""미체크"",""미체크"","""","""","""","""","""","""","""","""",""""]","RF-01-03","11","관련 RF 검수표 참조; 개별 원문행 인수 미완료"
"Me9_FileMap.xlsx","FileMap","8","["""",""4.0"","""",""가입안내"","""","""","""","""","""","""",""가입 안내 페이지"",""RF-01-04"",""내용요청 / 디자인 페이지 "",""/homepage/company/subscription_information.html"",""Page"","""","""",""파일요청중"",""미체크"",""미체크"","""","""","""","""","""","""","""","""",""""]","RF-01-04","13","관련 RF 검수표 참조; 개별 원문행 인수 미완료"
"Me9_FileMap.xlsx","FileMap","9","["""",""5.0"","""",""고객센터"",""공지사항 목록"","""","""","""","""","""",""공지사항 목록 페이지"",""RF-01-05-01"","""",""/homepage/company/notice_list.html"",""Page"",""http://me9main.185143.easel.asia/me9market/customerService/notice.php"","""",""파일검수중"",""미체크"",""미체크"","""","""","""","""","""","""","""","""",""""]","RF-01-05-01","15","관련 RF 검수표 참조; 개별 원문행 인수 미완료"
"Me9_FileMap.xlsx","FileMap","10","["""",""6.0"","""","""",""공지사항 보기"","""","""","""","""","""",""공지사항 보기 페이지"",""RF-01-05-02"","""",""/homepage/company/notice_view.html"",""Page"",""http://me9main.185143.easel.asia/me9market/customerService/view.php"","""",""파일검수중"",""미체크"",""미체크"","""","""","""","""","""","""","""","""",""""]","RF-01-05-02","16","관련 RF 검수표 참조; 개별 원문행 인수 미완료"
"Me9_FileMap.xlsx","FileMap","11","["""",""7.0"","""","""",""자주묻는질문"","""","""","""","""","""",""자주묻는 질문 페이지"",""RF-01-05-03"",""아코디언 형태의 게시판"",""/homepage/company/faq.html"",""Page"",""http://me9main.185143.easel.asia/me9market/customerService/faq.php"","""",""파일검수중"",""미체크"",""미체크"","""","""","""","""","""","""","""","""",""""]","RF-01-05-03","17","관련 RF 검수표 참조; 개별 원문행 인수 미완료"
"Me9_FileMap.xlsx","FileMap","12","["""",""8.0"","""","""",""제휴/문의"","""","""","""","""","""",""제휴/문의 신청 페이지"",""RF-01-05-04"",""신청페이지 \n- 스크립트 방지 태그 또는 캡챠인증 프로그램으로 진행\n- 처리 후는 alert 으로 완료표시 후 현재페이지 새로고침"",""/homepage/company/request_form.html"",""Page"",""http://me9main.185143.easel.asia/me9market/customerService/contact.php"","""",""파일검수중"",""미체크"",""미체크"","""","""","""","""","""","""","""","""",""""]","RF-01-05-04","18","관련 RF 검수표 참조; 개별 원문행 인수 미완료"
"Me9_FileMap.xlsx","FileMap","13","["""",""9.0"","""",""주문확인"",""주문조회"","""","""","""","""","""",""주문조회 입력 페이지"",""RF-01-06-01"","""",""/homepage/order/general_order_confirm.html"",""Page"","""","""",""파일요청중"",""미체크"",""미체크"","""","""","""","""","""","""","""","""",""""]","RF-01-06-01","20","관련 RF 검수표 참조; 개별 원문행 인수 미완료"
"Me9_FileMap.xlsx","FileMap","14","["""",""10.0"","""","""",""주문상세보기"","""","""","""","""","""",""주문상세 페이지"",""RF-01-06-02"","""",""/homepage/order/general_order_detail.html"",""Page"","""","""",""파일요청중"",""미체크"",""미체크"","""","""","""","""","""","""","""","""",""""]","RF-01-06-02","21","관련 RF 검수표 참조; 개별 원문행 인수 미완료"
"Me9_FileMap.xlsx","FileMap","15","["""",""11.0"","""","""","""",""취소 신청"","""","""","""","""",""취소 신청 페이지"",""RF-01-06-02-1"","""","""",""Popup"","""","""",""파일요청중"",""미체크"",""미체크"","""","""","""","""","""","""","""","""",""""]","RF-01-06-02-1","22","관련 RF 검수표 참조; 개별 원문행 인수 미완료"
"Me9_FileMap.xlsx","FileMap","16","["""",""12.0"","""","""","""",""반품 신청"","""","""","""","""",""반품 신청 페이지"",""RF-01-06-02-2"","""","""",""Popup"","""","""",""파일요청중"",""미체크"",""미체크"","""","""","""","""","""","""","""","""",""""]","RF-01-06-02-2","23","관련 RF 검수표 참조; 개별 원문행 인수 미완료"
"Me9_FileMap.xlsx","FileMap","17","["""",""13.0"","""","""","""",""교환 신청"","""","""","""","""",""교환 신청 페이지"",""RF-01-06-02-3"","""","""",""Popup"","""","""",""파일요청중"",""미체크"",""미체크"","""","""","""","""","""","""","""","""",""""]","RF-01-06-02-3","24","관련 RF 검수표 참조; 개별 원문행 인수 미완료"
"Me9_FileMap.xlsx","FileMap","18","["""",""14.0"","""","""","""",""구매 확정"","""","""","""","""",""구매 확정 페이지"",""RF-01-06-02-4"","""","""",""Popup"","""","""",""파일요청중"",""미체크"",""미체크"","""","""","""","""","""","""","""","""",""""]","RF-01-06-02-4","25","관련 RF 검수표 참조; 개별 원문행 인수 미완료"
"Me9_FileMap.xlsx","FileMap","19","["""",""15.0"","""","""","""",""판매자 문의하기"","""","""","""","""",""판매자 문의하기 페이지"",""RF-01-06-02-5"","""","""",""Popup"","""","""",""파일요청중"",""미체크"",""미체크"","""","""","""","""","""","""","""","""",""""]","RF-01-06-02-5","26","관련 RF 검수표 참조; 개별 원문행 인수 미완료"
"Me9_FileMap.xlsx","FileMap","20","["""",""16.0"","""",""로그인"","""","""","""","""","""","""",""로그인 페이지"",""RF-01-07-01"","""",""/homepage/member/login.html"",""Page"",""http://me9main.185143.easel.asia/me9market/member/login.php"","""",""파일검수중"",""미체크"",""미체크"","""","""","""","""","""","""","""","""",""""]","RF-01-07-01","28","관련 RF 검수표 참조; 개별 원문행 인수 미완료"
"Me9_FileMap.xlsx","FileMap","21","["""",""17.0"","""",""간편회원 회원가입"","""","""","""","""","""","""",""간편회원 회원가입 페이지"",""RF-01-07-02"","""",""/homepage/member/social_join.html"",""Page"","""","""",""파일검수중"",""미체크"",""미체크"","""","""","""","""","""","""","""","""",""""]","RF-01-07-02","29","관련 RF 검수표 참조; 개별 원문행 인수 미완료"
"Me9_FileMap.xlsx","FileMap","22","["""",""18.0"","""",""회원가입"",""회원정보"","""","""","""","""","""",""회원가입 페이지"",""RF-01-07-03"","""",""/homepage/member/join01.html"",""Page"",""http://me9main.185143.easel.asia/me9market/member/join.php"","""",""파일검수중"",""미체크"",""미체크"","""","""","""","""","""","""","""","""",""""]","RF-01-07-03","30","관련 RF 검수표 참조; 개별 원문행 인수 미완료"
"Me9_FileMap.xlsx","FileMap","23","["""",""19.0"","""","""",""기본정보"","""","""","""","""","""",""기본정보 입력 페이지"",""RF-01-07-04"","""",""/homepage/member/join02.html"",""Page"",""http://me9main.185143.easel.asia/me9market/member/join1.php"","""",""파일검수중"",""미체크"",""미체크"","""","""","""","""","""","""","""","""",""""]","RF-01-07-04","31","관련 RF 검수표 참조; 개별 원문행 인수 미완료"
"Me9_FileMap.xlsx","FileMap","24","["""",""20.0"","""","""",""회원사권한"","""","""","""","""","""",""회원사권한 입력 페이지"",""RF-01-07-05"","""",""/homepage/member/join03.html"",""Page"",""http://me9main.185143.easel.asia/me9market/member/join2.php"",""dashboard"",""파일검수중"",""미체크"",""미체크"","""","""","""","""","""","""","""","""",""""]","RF-01-07-05","33","관련 RF 검수표 참조; 개별 원문행 인수 미완료"
"Me9_FileMap.xlsx","FileMap","25","["""",""21.0"","""","""",""판매자권한"","""","""","""","""","""",""판매자권한 입력 페이지"",""RF-01-07-06"","""",""/homepage/member/join04.html"",""Page"",""http://me9main.185143.easel.asia/me9market/member/join3.php"","""",""파일검수중"",""미체크"",""미체크"","""","""","""","""","""","""","""","""",""""]","RF-01-07-06","34","관련 RF 검수표 참조; 개별 원문행 인수 미완료"
"Me9_FileMap.xlsx","FileMap","26","["""",""22.0"","""","""","""",""비밀번호 변경"","""","""","""","""",""비밀번호 변경 페이지"",""RF-01-07-04-1"","""",""/homepage/member/pop.pw_update.html"",""Popup"","""","""",""파일요청중"",""미체크"",""미체크"","""","""","""","""","""","""","""","""",""""]","RF-01-07-04-1","32","관련 RF 검수표 참조; 개별 원문행 인수 미완료"
"Me9_FileMap.xlsx","FileMap","27","["""",""24.0"","""",""아이디/비밀번호 찾기"","""","""","""","""","""","""",""아이디/비밀번호 찾기 페이지"",""RF-01-07-07"",""아이디 찾기\n- 정보가 일치할 경우와 일치하지 않을 경우 모두 아이디 찾기 버튼 \n   아래 영역에 메시지로 표현\n\n비밀번호 찾기\n- RF-01-007-08 메일폼 발송\n- 처리 후 alert 으로 완료표시 후 로그인 페이지로 이동"",""/homepage/member/find_id_pw.html"",""Page"",""http://me9main.185143.easel.asia/me9market/member/find_id.php\nhttp://me9main.185143.easel.asia/me9market/member/find_pw.php\n"","""",""파일검수중"",""미체크"",""미체크"","""","""","""","""","""","""","""","""",""""]","RF-01-07-07;RF-01-007-08","35","관련 RF 검수표 참조; 개별 원문행 인수 미완료"
"Me9_FileMap.xlsx","FileMap","28","["""",""25.0"","""",""새 비밀번호 메일폼"","""","""","""","""","""","""",""새 비밀번호 메일폼"",""RF-01-07-08"","""",""/homepage/member/pw_mail.html"",""Page"",""http://me9main.185143.easel.asia/mypage/email/find_pw.html"","""",""파일검수중"",""미체크"",""미체크"","""","""","""","""","""","""","""","""",""""]","RF-01-07-08","36","관련 RF 검수표 참조; 개별 원문행 인수 미완료"
"Me9_FileMap.xlsx","FileMap","29","["""",""26.0"",""홈페이지\n마이페이지"",""대시보드"","""","""","""","""","""","""",""대시보기 페이지"",""RF-01-07-09"","""",""/homepage/mypage/dashboard.html"",""Page"","""","""",""파일요청중"",""미체크"",""미체크"","""","""","""","""","""","""","""","""",""""]","RF-01-07-09","37","관련 RF 검수표 참조; 개별 원문행 인수 미완료"
"Me9_FileMap.xlsx","FileMap","30","["""",""27.0"","""",""회원정보수정"",""회원정보 수정"","""","""","""","""","""",""회원정보 수정 페이지"",""RF-01-07-10"","""",""/homepage/mypage/member_update.html"",""Page"",""http://me9main.185143.easel.asia/mypage/sub01/modify.php"",""해당 파일 없음 - 실제 화면 완료후 기재 바람"",""파일검수중"",""미체크"",""미체크"","""","""","""","""","""","""","""","""",""""]","RF-01-07-10","38","관련 RF 검수표 참조; 개별 원문행 인수 미완료"
"Me9_FileMap.xlsx","FileMap","31","["""",""28.0"","""","""","""",""비밀번호 변경"","""","""","""","""",""비밀번호 변경 페이지"",""RF-01-07-10-1"","""",""/homepage/mypage/pop.pw_update.html"",""Layer"",""http://me9main.185143.easel.asia/mypage/sub01/modify.php"","""",""파일검수중"",""미체크"",""미체크"","""","""","""","""","""","""","""","""",""""]","RF-01-07-10-1","39","관련 RF 검수표 참조; 개별 원문행 인수 미완료"
"Me9_FileMap.xlsx","FileMap","32","["""",""30.0"","""",""배송지 설정"",""배송지 설정"","""","""","""","""","""",""배송지 설정 페이지"",""RF-01-07-11"","""",""/homepage/mypage/delivery_destination.html"",""Page"",""http://me9main.185143.easel.asia/mypage/sub01/delivery_destination.php"","""",""파일검수중"",""미체크"",""미체크"","""","""","""","""","""","""","""","""",""""]","RF-01-07-11","40","관련 RF 검수표 참조; 개별 원문행 인수 미완료"
"Me9_FileMap.xlsx","FileMap","33","["""",""31.0"","""","""",""배송지 추가하기"","""","""","""","""","""",""배송지 추가 페이지"",""RF-01-07-11-1"","""",""/homepage/mypage/pop.delivery_destination_register.html"",""Layer"",""http://me9main.185143.easel.asia/mypage/sub01/delivery_destination.php"","""",""파일검수중"",""미체크"",""미체크"","""","""","""","""","""","""","""","""",""""]","RF-01-07-11-1","41","관련 RF 검수표 참조; 개별 원문행 인수 미완료"
"Me9_FileMap.xlsx","FileMap","34","["""",""32.0"","""","""",""수정"","""","""","""","""","""",""배송지 수정 페이지"",""RF-01-07-11-3"","""",""/homepage/mypage/pop.delivery_destination_update.html"",""Layer"",""http://me9main.185143.easel.asia/mypage/sub01/delivery_destination.php"","""",""파일검수중"",""미체크"",""미체크"","""","""","""","""","""","""","""","""",""""]","RF-01-07-11-3","43","관련 RF 검수표 참조; 개별 원문행 인수 미완료"
"Me9_FileMap.xlsx","FileMap","35","["""",""33.0"","""",""회원 탈퇴 신청"",""회원 탈퇴 신청"","""","""","""","""","""",""비밀번호 입력 페이지"",""RF-01-07-12"","""",""/homepage/mypage/withdraw_confirm.html"",""Page"",""http://me9main.185143.easel.asia/mypage/sub01/withdraw_confirm.php"","""",""파일검수중"",""미체크"",""미체크"","""","""","""","""","""","""","""","""",""""]","RF-01-07-12","44","관련 RF 검수표 참조; 개별 원문행 인수 미완료"
"Me9_FileMap.xlsx","FileMap","36","["""",""34.0"","""","""",""회원 탈퇴 신청 완료"","""","""","""","""","""",""회원 탈퇴 신청 완료 페이지"",""RF-01-07-13"","""",""/homepage/mypage/withdraw.html"",""Page"",""http://me9main.185143.easel.asia/mypage/sub01/withdraw.php"","""",""파일검수중"",""미체크"",""미체크"","""","""","""","""","""","""","""","""",""""]","RF-01-07-13","46","관련 RF 검수표 참조; 개별 원문행 인수 미완료"
"Me9_FileMap.xlsx","FileMap","37","["""",""35.0"","""",""주문 목록"","""","""","""","""","""","""",""주문 목록 페이지"",""RF-01-07-18"","""",""/homepage/mypage/order01.html"",""Page"","""","""",""파일검수중"",""미체크"",""미체크"","""","""","""","""","""","""","""","""",""""]","RF-01-07-18","55","관련 RF 검수표 참조; 개별 원문행 인수 미완료"
"Me9_FileMap.xlsx","FileMap","38","["""",""36.0"","""",""취소 목록"","""","""","""","""","""","""",""취소 주문 목록 페이지"",""RF-01-07-19"","""",""/homepage/mypage/order02.html"",""Page"","""","""",""파일요청중"",""미체크"",""미체크"","""","""","""","""","""","""","""","""",""""]","RF-01-07-19","61","관련 RF 검수표 참조; 개별 원문행 인수 미완료"
"Me9_FileMap.xlsx","FileMap","39","["""",""37.0"","""",""반품 목록"","""","""","""","""","""","""",""반품 주문 목록 페이지"",""RF-01-07-20"","""",""/homepage/mypage/order03.html"",""Page"","""","""",""파일요청중"",""미체크"",""미체크"","""","""","""","""","""","""","""","""",""""]","RF-01-07-20","62","관련 RF 검수표 참조; 개별 원문행 인수 미완료"
"Me9_FileMap.xlsx","FileMap","40","["""",""38.0"","""",""교환 목록"","""","""","""","""","""","""",""교환 주문 목록 페이지"",""RF-01-07-21"","""",""/homepage/mypage/order04.html"",""Page"","""","""",""파일요청중"",""미체크"",""미체크"","""","""","""","""","""","""","""","""",""""]","RF-01-07-21","63","관련 RF 검수표 참조; 개별 원문행 인수 미완료"
"Me9_FileMap.xlsx","FileMap","41","["""",""39.0"","""","""",""주문 상세"","""","""","""","""","""",""주문 상세 페이지"",""RF-01-07-22"","""","""",""Page"",""http://me9main.185143.easel.asia/mypage/order/view.php"","""",""파일요청중"",""미체크"",""미체크"","""","""","""","""","""","""","""","""",""""]","RF-01-07-22","64","관련 RF 검수표 참조; 개별 원문행 인수 미완료"
"Me9_FileMap.xlsx","FileMap","42","["""",""40.0"","""",""방문한 채널"","""","""","""","""","""","""",""방문한 채널 페이지"",""RF-01-07-14"","""",""/homepage/mypage/channel_visited.html"",""Page"","""","""",""파일요청중"",""미체크"",""미체크"","""","""","""","""","""","""","""","""",""""]","RF-01-07-14","47","관련 RF 검수표 참조; 개별 원문행 인수 미완료"
"Me9_FileMap.xlsx","FileMap","43","["""",""41.0"","""",""포인트 관리"",""포인트 현황"","""","""","""","""","""",""포인트 현황"",""RF-01-07-15"","""","""",""Page"","""","""",""파일요청중"",""미체크"",""미체크"","""","""","""","""","""","""","""","""",""""]","RF-01-07-15","49","관련 RF 검수표 참조; 개별 원문행 인수 미완료"
"Me9_FileMap.xlsx","FileMap","44","["""",""42.0"","""","""",""포인트 이력"","""","""","""","""","""",""포인트 관리 페이지"",""RF-01-07-15-2"","""",""/homepage/mypage/point.html"",""Page"","""","""",""파일요청중"",""미체크"",""미체크"","""","""","""","""","""","""","""","""",""""]","RF-01-07-15-2","51","관련 RF 검수표 참조; 개별 원문행 인수 미완료"
"Me9_FileMap.xlsx","FileMap","45","["""",""43.0"","""",""장바구니 목록"","""","""","""","""","""","""",""장바구니 목록 페이지"",""RF-01-07-16"","""",""/homepage/mypage/shopping_basket.html"",""Page"","""","""",""파일요청중"",""미체크"",""미체크"","""","""","""","""","""","""","""","""",""""]","RF-01-07-16","52","관련 RF 검수표 참조; 개별 원문행 인수 미완료"
"Me9_FileMap.xlsx","FileMap","46","["""",""44.0"","""",""찜한 상품 목록"","""","""","""","""","""","""",""찜한 상품 목록 페이지"",""RF-01-07-17"","""",""/homepage/mypage/wishlist.html"",""Page"","""","""",""파일요청중"",""미체크"",""미체크"","""","""","""","""","""","""","""","""",""""]","RF-01-07-17","54","관련 RF 검수표 참조; 개별 원문행 인수 미완료"
"Me9_FileMap.xlsx","FileMap","47","["""",""45.0"",""채널 관리자"",""로그인"","""","""","""","""","""","""",""로그인 페이지"",""RF-02-01"","""",""정보 관리"",""Page"",""http://me9main.185143.easel.asia/channel/member/login.php"","""",""파일검수중"",""미체크"",""미체크"","""","""","""","""","""","""","""","""",""""]","RF-02-01","67","관련 RF 검수표 참조; 개별 원문행 인수 미완료"
"Me9_FileMap.xlsx","FileMap","48","["""",""46.0"","""",""대시보드"",""대시보드"","""","""","""","""","""",""대시보드 페이지"",""RF-02-02-01"","""",""channel/dashboard.html"",""Page"",""http://me9main.185143.easel.asia/channel/main/"","""",""파일검수중"",""미체크"",""미체크"","""","""","""","""","""","""","""","""",""""]","RF-02-02-01","69","관련 RF 검수표 참조; 개별 원문행 인수 미완료"
"Me9_FileMap.xlsx","FileMap","49","["""",""47.0"","""","""",""정보 관리"","""","""","""","""","""",""정보 관리 페이지"",""RF-02-03-01"","""","""",""Page"",""http://me9main.185143.easel.asia/channel/sub00/info_management.php"","""",""파일요청중"",""미체크"",""미체크"","""","""","""","""","""","""","""","""",""""]","RF-02-03-01","72","관련 RF 검수표 참조; 개별 원문행 인수 미완료"
"Me9_FileMap.xlsx","FileMap","50","["""",""48.0"","""","""","""",""비밀번호 변경"","""","""","""","""",""비밀번호 변경 페이지"",""RF-02-03-01-1"","""","""",""Layer"",""http://me9main.185143.easel.asia/channel/sub00/info_management.php"","""",""파일요청중"",""미체크"",""미체크"","""","""","""","""","""","""","""","""",""""]","RF-02-03-01-1","73","관련 RF 검수표 참조; 개별 원문행 인수 미완료"
"Me9_FileMap.xlsx","FileMap","51","["""",""50.0"","""",""Shop 채널 관리"",""Shop 채널 목록"","""","""","""","""","""",""Shop 채널 목록 페이지"",""RF-02-04-01"","""",""channel/shop_list.html"",""Page"",""http://me9main.185143.easel.asia/channel/sub01/shop_list.php"","""",""파일검수중"",""미체크"",""미체크"","""","""","""","""","""","""","""","""",""""]","RF-02-04-01","75","관련 RF 검수표 참조; 개별 원문행 인수 미완료"
"Me9_FileMap.xlsx","FileMap","52","["""",""51.0"","""","""","""",""Shop 채널 관리"",""Shop 채널 정보"","""","""","""",""Shop 채널 정보 페이지"",""RF-02-04-03"","""",""channel/shop_info.html"",""Page"",""http://me9main.185143.easel.asia/channel/sub01/shop_info.php"","""",""파일검수중"",""미체크"",""미체크"","""","""","""","""","""","""","""","""",""""]","RF-02-04-03","90","관련 RF 검수표 참조; 개별 원문행 인수 미완료"
"Me9_FileMap.xlsx","FileMap","53","["""",""52.0"","""","""","""","""","""",""Shop 채널 정보수정"","""","""",""Shop 채널 정보수정 페이지"",""RF-02-04-04"","""",""channel/shop_info_update.html"",""Page"",""http://me9main.185143.easel.asia/channel/sub01/info_update.php"","""",""파일검수중"",""미체크"",""미체크"","""","""","""","""","""","""","""","""",""""]","RF-02-04-04","91","관련 RF 검수표 참조; 개별 원문행 인수 미완료"
"Me9_FileMap.xlsx","FileMap","54","["""",""53.0"","""","""","""","""",""판매 상품"",""판매 상품"","""","""",""판매 상품 페이지"",""RF-02-04-05"","""",""channel/shop_product01.html"",""Page"",""http://me9main.185143.easel.asia/channel/sub01/shop_product01.php"","""",""파일검수중"",""미체크"",""미체크"","""","""","""","""","""","""","""","""",""""]","RF-02-04-05","92","관련 RF 검수표 참조; 개별 원문행 인수 미완료"
"Me9_FileMap.xlsx","FileMap","55","["""",""54.0"","""","""","""","""","""","""",""보기"","""",""판매 상품 상세 페이지"",""RF-02-04-05-11"","""",""channel/pop.shop_product01_view.html"",""Layer"",""http://me9main.185143.easel.asia/channel/sub01/shop_product01.php"","""",""파일검수중"",""미체크"",""미체크"","""","""","""","""","""","""","""","""",""""]","RF-02-04-05-11","103","관련 RF 검수표 참조; 개별 원문행 인수 미완료"
"Me9_FileMap.xlsx","FileMap","56","["""",""55.0"","""","""","""","""","""",""판매 중지 상품"","""","""",""판매 중지 상품 페이지"",""RF-02-04-05-1"","""",""channel/shop_product02.html"",""Page"",""http://me9main.185143.easel.asia/channel/sub01/shop_product02.php"","""",""파일검수중"",""미체크"",""미체크"","""","""","""","""","""","""","""","""",""""]","RF-02-04-05-1","93","관련 RF 검수표 참조; 개별 원문행 인수 미완료"
"Me9_FileMap.xlsx","FileMap","57","["""",""56.0"","""","""","""","""","""","""",""보기"","""",""판매 중지 상품 상세 페이지"",""RF-02-04-05-12"","""",""channel/pop.shop_product02_view.html"",""Layer"",""http://me9main.185143.easel.asia/channel/sub01/shop_product02.php"","""",""파일검수중"",""미체크"",""미체크"","""","""","""","""","""","""","""","""",""""]","RF-02-04-05-12","104","관련 RF 검수표 참조; 개별 원문행 인수 미완료"
"Me9_FileMap.xlsx","FileMap","58","["""",""57.0"","""","""","""","""","""",""판매 상품 추가"",""자사 상품"","""",""자사상품 페이지"",""RF-02-04-05-2"","""",""channel/pop.shop_product_own.html"",""Layer"",""http://me9main.185143.easel.asia/channel/sub01/pop.shop_product_own.php"",""css 적용되지 않음"",""파일검수중"",""미체크"",""미체크"","""","""","""","""","""","""","""","""",""""]","RF-02-04-05-2","94","관련 RF 검수표 참조; 개별 원문행 인수 미완료"
"Me9_FileMap.xlsx","FileMap","59","["""",""58.0"","""","""","""","""","""","""","""",""추가하기"",""판매 상품 추가 페이지"",""RF-02-04-05-3"","""",""channel/pop.shop_product_own_add.html"",""Layer"",""http://me9main.185143.easel.asia/channel/sub01/pop.shop_product_own.php"","""",""파일검수중"",""미체크"",""미체크"","""","""","""","""","""","""","""","""",""""]","RF-02-04-05-3","95","관련 RF 검수표 참조; 개별 원문행 인수 미완료"
"Me9_FileMap.xlsx","FileMap","60","["""",""59.0"","""","""","""","""","""","""",""공개 상품"","""",""공개 상품 페이지"",""RF-02-04-05-4"","""",""channel/pop.shop_product_public.html"",""Layer"",""http://me9main.185143.easel.asia/channel/sub01/pop.shop_product_public.php"",""css 적용되지 않음"",""파일검수중"",""미체크"",""미체크"","""","""","""","""","""","""","""","""",""""]","RF-02-04-05-4","96","관련 RF 검수표 참조; 개별 원문행 인수 미완료"
"Me9_FileMap.xlsx","FileMap","61","["""",""60.0"","""","""","""","""","""","""","""",""보기"",""공개 상품 상세 페이지 "",""RF-02-04-05-5"","""",""channel/pop.shop_product_public_view.html"",""Layer"",""http://me9main.185143.easel.asia/channel/sub01/pop.shop_product_public.php"","""",""파일검수중"",""미체크"",""미체크"","""","""","""","""","""","""","""","""",""""]","RF-02-04-05-5","97","관련 RF 검수표 참조; 개별 원문행 인수 미완료"
"Me9_FileMap.xlsx","FileMap","62","["""",""61.0"","""","""","""","""","""","""","""",""추가"",""판매 상품 추가 페이지"",""RF-02-04-05-6"","""",""channel/pop.shop_product_public_add.html"",""Layer"",""http://me9main.185143.easel.asia/channel/sub01/pop.shop_product_public.php"","""",""파일검수중"",""미체크"",""미체크"","""","""","""","""","""","""","""","""",""""]","RF-02-04-05-6","98","관련 RF 검수표 참조; 개별 원문행 인수 미완료"
"Me9_FileMap.xlsx","FileMap","63","["""",""62.0"","""","""","""","""","""","""",""부분 공개 상품"","""",""부분 공개 상품 페이지"",""RF-02-04-05-7"","""",""channel/pop.shop_product_partial.html"",""Layer"",""http://me9main.185143.easel.asia/channel/sub01/pop.shop_product_partial.php"",""css 적용되지 않음"",""파일검수중"",""미체크"",""미체크"","""","""","""","""","""","""","""","""",""""]","RF-02-04-05-7","99","관련 RF 검수표 참조; 개별 원문행 인수 미완료"
"Me9_FileMap.xlsx","FileMap","64","["""",""63.0"","""","""","""","""","""","""","""",""판매 요청"",""부분 공개 상품 판매 요청 페이지"",""RF-02-04-05-8"","""",""channel/pop.shop_product_partial_request.html"",""Layer"",""http://me9main.185143.easel.asia/channel/sub01/pop.shop_product_partial.php"","""",""파일검수중"",""미체크"",""미체크"","""","""","""","""","""","""","""","""",""""]","RF-02-04-05-8","100","관련 RF 검수표 참조; 개별 원문행 인수 미완료"
"Me9_FileMap.xlsx","FileMap","65","["""",""64.0"","""","""","""","""","""","""","""",""보기"",""부분 공개 상품 페이지 상세 페이지"",""RF-02-04-05-10"","""",""channel/pop.shop_product_partial_view.html"",""Layer"",""http://me9main.185143.easel.asia/channel/sub01/pop.shop_product_partial.php"","""",""파일검수중"",""미체크"",""미체크"","""","""","""","""","""","""","""","""",""""]","RF-02-04-05-10","102","관련 RF 검수표 참조; 개별 원문행 인수 미완료"
"Me9_FileMap.xlsx","FileMap","66","["""",""65.0"","""","""","""","""","""","""","""",""추가"",""부분 공개 상품 페이지 추가 페이지"",""RF-02-04-05-9"","""",""channel/pop.shop_product_partial_add.html"",""Layer"",""http://me9main.185143.easel.asia/channel/sub01/pop.shop_product_partial.php"","""",""파일검수중"",""미체크"",""미체크"","""","""","""","""","""","""","""","""",""""]","RF-02-04-05-9","101","관련 RF 검수표 참조; 개별 원문행 인수 미완료"
"Me9_FileMap.xlsx","FileMap","67","["""",""66.0"","""","""","""","""",""커뮤니티"","""","""","""",""커뮤니티 페이지"",""RF-02-04-06"","""",""channel/shop_community.html"",""Page"",""http://me9main.185143.easel.asia/channel/sub01/shop_community.php"","""",""파일검수중"",""미체크"",""미체크"","""","""","""","""","""","""","""","""",""""]","RF-02-04-06","105","관련 RF 검수표 참조; 개별 원문행 인수 미완료"
"Me9_FileMap.xlsx","FileMap","68","["""",""67.0"","""","""","""","""","""",""커뮤니티 보기"","""","""",""커뮤니티 보기 페이지"",""RF-02-04-07"","""",""channel/shop_community_view.html"",""Page"",""http://me9main.185143.easel.asia/channel/sub01/community_view.php"","""",""파일검수중"",""미체크"",""미체크"","""","""","""","""","""","""","""","""",""""]","RF-02-04-07","106","관련 RF 검수표 참조; 개별 원문행 인수 미완료"
"Me9_FileMap.xlsx","FileMap","69","["""",""68.0"","""","""","""","""","""",""커뮤니티 글쓰기"","""","""",""커뮤니티 글쓰기 페이지"",""RF-02-04-08"","""",""channel/shop_community_register.html"",""Page"",""http://me9main.185143.easel.asia/channel/sub01/community_register.php"","""",""파일검수중"",""미체크"",""미체크"","""","""","""","""","""","""","""","""",""""]","RF-02-04-08","107","관련 RF 검수표 참조; 개별 원문행 인수 미완료"
"Me9_FileMap.xlsx","FileMap","70","["""",""69.0"","""","""","""","""","""",""커뮤니티 수정"","""","""",""커뮤니티 수정 페이지"",""RF-02-04-09"","""",""channel/shop_community_update.html"",""Page"",""http://me9main.185143.easel.asia/channel/sub01/community_update.php"","""",""파일검수중"",""미체크"",""미체크"","""","""","""","""","""","""","""","""",""""]","RF-02-04-09","108","관련 RF 검수표 참조; 개별 원문행 인수 미완료"
"Me9_FileMap.xlsx","FileMap","71","["""",""70.0"","""","""",""Shop 채널 등록"","""","""","""","""","""",""Shop 채널 등록 페이지"",""RF-02-04-02"","""",""channel/shop_register.html"",""Page"",""http://me9main.185143.easel.asia/channel/sub01/shop_register.php"","""",""파일검수중"",""미체크"",""미체크"","""","""","""","""","""","""","""","""",""""]","RF-02-04-02","78","관련 RF 검수표 참조; 개별 원문행 인수 미완료"
"Me9_FileMap.xlsx","FileMap","72","["""",""71.0"","""",""상품 관리"",""자사 상품 목록 "","""","""","""","""","""",""자사 상품 목록 페이지"",""RF-02-05-01"","""",""channel/product_own.html"",""Page"",""http://me9main.185143.easel.asia/channel/sub02/product_own.php"","""",""파일검수중"",""미체크"",""미체크"","""","""","""","""","""","""","""","""",""""]","RF-02-05-01","110","관련 RF 검수표 참조; 개별 원문행 인수 미완료"
"Me9_FileMap.xlsx","FileMap","73","["""",""72.0"","""","""","""",""보기"","""","""","""","""",""자사 상품 상세 페이지"",""RF-02-05-01-2"","""",""channel/pop.product_own_view.html"",""Layer"",""http://me9main.185143.easel.asia/channel/sub02/pop.product_own_view.php"",""css 적용되지 않음"",""파일검수중"",""미체크"",""미체크"","""","""","""","""","""","""","""","""",""""]","RF-02-05-01-2","112","관련 RF 검수표 참조; 개별 원문행 인수 미완료"
"Me9_FileMap.xlsx","FileMap","74","["""",""73.0"","""","""","""",""판매중지 예고 신청"","""","""","""","""",""판매중지 예고 신청 페이지"",""RF-02-05-01-3"","""",""channel/pop.product_own_stop_request.html"",""Layer"",""http://me9main.185143.easel.asia/channel/sub02/product_own.php"","""",""파일검수중"",""미체크"",""미체크"","""","""","""","""","""","""","""","""",""""]","RF-02-05-01-3","113","관련 RF 검수표 참조; 개별 원문행 인수 미완료"
"Me9_FileMap.xlsx","FileMap","75","["""",""74.0"","""","""","""",""판매 요청 목록"","""","""","""","""",""판매 요청 목록 페이지"",""RF-02-05-01-4"","""",""channel/pop.product_own_sale_request.html"",""Layer"",""http://me9main.185143.easel.asia/channel/sub02/product_own.php"","""",""파일검수중"",""미체크"",""미체크"","""","""","""","""","""","""","""","""",""""]","RF-02-05-01-4","114","관련 RF 검수표 참조; 개별 원문행 인수 미완료"
"Me9_FileMap.xlsx","FileMap","76","["""",""75.0"","""","""","""",""게시 채널"","""","""","""","""",""게시 채널 목록 페이지"",""RF-02-05-01-5"","""",""channel/pop.product_own_publication_channel.html"",""Layer"",""http://me9main.185143.easel.asia/channel/sub02/product_own.php"","""",""파일검수중"",""미체크"",""미체크"","""","""","""","""","""","""","""","""",""""]","RF-02-05-01-5","115","관련 RF 검수표 참조; 개별 원문행 인수 미완료"
"Me9_FileMap.xlsx","FileMap","77","["""",""76.0"","""","""","""",""수정"","""","""","""","""",""자사 상품 수정 페이지"",""RF-02-05-02"","""",""channel/pop.product_own_update.html"",""Page"",""http://me9main.185143.easel.asia/channel/sub02/product_own_request.php"",""해당 파일 없음"",""파일검수중"",""미체크"",""미체크"","""","""","""","""","""","""","""","""",""""]","RF-02-05-02","116","관련 RF 검수표 참조; 개별 원문행 인수 미완료"
"Me9_FileMap.xlsx","FileMap","78","["""",""77.0"","""","""","""","""",""발주 담당자 찾기"","""","""","""",""발주 담당자 찾기 페이지"",""RF-02-05-02-6"","""",""channel/pop.product_own_update_order_manager.html"",""Layer"",""http://me9main.185143.easel.asia/channel/sub02/product_own_request.php"",""해당 파일 없음"",""파일검수중"",""미체크"",""미체크"","""","""","""","""","""","""","""","""",""""]","RF-02-05-02-6","122","관련 RF 검수표 참조; 개별 원문행 인수 미완료"
"Me9_FileMap.xlsx","FileMap","79","["""",""78.0"","""","""",""공개 상품 목록"","""","""","""","""","""",""공개 상품 목록 페이지"",""RF-02-05-03"","""",""channel/product_public.html"",""Page"",""http://me9main.185143.easel.asia/channel/sub02/product_public.php"","""",""파일검수중"",""미체크"",""미체크"","""","""","""","""","""","""","""","""",""""]","RF-02-05-03","123","관련 RF 검수표 참조; 개별 원문행 인수 미완료"
"Me9_FileMap.xlsx","FileMap","80","["""",""79.0"","""","""","""",""보기"","""","""","""","""",""공개 상품 상세 페이지 "",""RF-02-05-03-1"","""",""channel/pop.product_public_view.html"",""Layer"",""http://me9main.185143.easel.asia/channel/sub02/pop.product_own_view.php"",""css 적용되지 않음"",""파일검수중"",""미체크"",""미체크"","""","""","""","""","""","""","""","""",""""]","RF-02-05-03-1","124","관련 RF 검수표 참조; 개별 원문행 인수 미완료"
"Me9_FileMap.xlsx","FileMap","81","["""",""80.0"","""","""",""부분 공개 상품 목록"","""","""","""","""","""",""부분 공개 상품 목록 페이지"",""RF-02-05-04"","""",""channel/product_partial.html"",""Page"",""http://me9main.185143.easel.asia/channel/sub02/product_partial.php"","""",""파일검수중"",""미체크"",""미체크"","""","""","""","""","""","""","""","""",""""]","RF-02-05-04","125","관련 RF 검수표 참조; 개별 원문행 인수 미완료"
"Me9_FileMap.xlsx","FileMap","82","["""",""81.0"","""","""","""",""보기"","""","""","""","""",""부분 공개 상품 상세 페이지"",""RF-02-05-05"","""",""channel/pop.product_partial.html"",""Layer"",""http://me9main.185143.easel.asia/channel/sub02/pop.product_own_view.php"",""css 적용되지 않음"",""파일검수중"",""미체크"",""미체크"","""","""","""","""","""","""","""","""",""""]","RF-02-05-05","126","관련 RF 검수표 참조; 개별 원문행 인수 미완료"
"Me9_FileMap.xlsx","FileMap","83","["""",""82.0"","""","""",""상품 등록"","""","""","""","""","""",""상품 등록 페이지"",""RF-02-05-02"","""",""channel/product_register.html"",""Page"",""http://me9main.185143.easel.asia/channel/sub02/product_request.php"","""",""파일검수중"",""미체크"",""미체크"","""","""","""","""","""","""","""","""",""""]","RF-02-05-02","116","관련 RF 검수표 참조; 개별 원문행 인수 미완료"
"Me9_FileMap.xlsx","FileMap","84","["""",""83.0"","""",""공동구매 관리"",""공동구매 상품 목록"","""","""","""","""","""",""공동구매상품 목록 페이지"",""RF-02-06-01"","""","""",""Page"","""","""",""파일요청중"",""미체크"",""미체크"","""","""","""","""","""","""","""","""",""""]","RF-02-06-01","128","관련 RF 검수표 참조; 개별 원문행 인수 미완료"
"Me9_FileMap.xlsx","FileMap","85","["""",""84.0"","""","""",""공동구매 상품 등록"","""","""","""","""","""",""공동구매상품 등록 페이지"",""RF-02-06-02"","""","""",""Page"","""","""",""파일요청중"",""미체크"",""미체크"","""","""","""","""","""","""","""","""",""""]","RF-02-06-02","130","관련 RF 검수표 참조; 개별 원문행 인수 미완료"
"Me9_FileMap.xlsx","FileMap","86","["""",""85.0"","""","""","""",""발주 담당자 찾기"","""","""","""","""",""발주 담당자 찾기 페이지"",""RF-02-06-02-5"","""","""",""Popup"","""","""","""","""","""","""","""","""","""","""","""","""","""",""""]","RF-02-06-02-5","135","관련 RF 검수표 참조; 개별 원문행 인수 미완료"
"Me9_FileMap.xlsx","FileMap","87","["""",""86.0"","""","""",""공동구매 상품 수정"","""","""","""","""","""",""공동구매상품 수정 페이지"",""RF-02-06-03"","""","""",""Page"","""","""","""","""","""","""","""","""","""","""","""","""","""",""""]","RF-02-06-03","136","관련 RF 검수표 참조; 개별 원문행 인수 미완료"
"Me9_FileMap.xlsx","FileMap","88","["""",""87.0"","""",""주문 관리"",""주문 목록"",""주문 목록"","""","""","""","""",""주문 목록 페이지"",""RF-02-07-01"","""",""channel/order_list.html"",""Page"",""http://me9main.185143.easel.asia/channel/sub04/order_list.php"","""",""파일검수중"",""미체크"",""미체크"","""","""","""","""","""","""","""","""",""""]","RF-02-07-01","138","관련 RF 검수표 참조; 개별 원문행 인수 미완료"
"Me9_FileMap.xlsx","FileMap","89","["""",""88.0"","""","""","""","""",""주문 정보"","""","""","""",""주문 정보 페이지"",""RF-02-07-02"","""",""channel/pop.order_info.html"",""Layer"",""http://me9main.185143.easel.asia/channel/sub04/pop.order_info.php"",""css 적용되지 않음"",""파일검수중"",""미체크"",""미체크"","""","""","""","""","""","""","""","""",""""]","RF-02-07-02","140","관련 RF 검수표 참조; 개별 원문행 인수 미완료"
"Me9_FileMap.xlsx","FileMap","90","["""",""89.0"","""","""","""","""","""",""연동 로그"","""","""",""카드결제 정보 페이지"",""RF-02-07-02-1"","""",""channel/pop.order_info_credit_card.html"",""Layer"",""http://me9main.185143.easel.asia/channel/sub04/pop.order_info.php"","""",""파일검수중"",""미체크"",""미체크"","""","""","""","""","""","""","""","""",""""]","RF-02-07-02-1","141","관련 RF 검수표 참조; 개별 원문행 인수 미완료"
"Me9_FileMap.xlsx","FileMap","91","["""",""90.0"","""","""","""","""",""정상 주문"","""","""","""",""정상 주문 페이지"",""RF-02-07-03"","""",""channel/pop.order_normal.html"",""Layer"",""http://me9main.185143.easel.asia/channel/sub04/pop.order_normal.php"",""css 적용되지 않음"",""파일검수중"",""미체크"",""미체크"","""","""","""","""","""","""","""","""",""""]","RF-02-07-03","142","관련 RF 검수표 참조; 개별 원문행 인수 미완료"
"Me9_FileMap.xlsx","FileMap","92","["""",""91.0"","""","""","""","""","""",""배송대기, 배송중"","""","""",""배송정보 관리 페이지"",""RF-02-07-03-2"","""",""channel/pop.order_normal_delivery.html"",""Layer"",""http://me9main.185143.easel.asia/channel/sub04/pop.order_normal.php"","""",""파일검수중"",""미체크"",""미체크"","""","""","""","""","""","""","""","""",""""]","RF-02-07-03-2","144","관련 RF 검수표 참조; 개별 원문행 인수 미완료"
"Me9_FileMap.xlsx","FileMap","93","["""",""92.0"","""","""","""","""","""",""반품 요청"","""","""",""반품 요청 페이지"",""RF-02-07-03-3"","""",""channel/pop.order_normal_return_request.html"",""Layer"",""http://me9main.185143.easel.asia/channel/sub04/pop.order_normal.php"","""",""파일검수중"",""미체크"",""미체크"","""","""","""","""","""","""","""","""",""""]","RF-02-07-03-3","145","관련 RF 검수표 참조; 개별 원문행 인수 미완료"
"Me9_FileMap.xlsx","FileMap","94","["""",""93.0"","""","""","""","""","""",""교환 요청"","""","""",""교환 요청 페이지"",""RF-02-07-03-4"","""",""channel/pop.order_normal_exchange_request.html"",""Layer"",""http://me9main.185143.easel.asia/channel/sub04/pop.order_normal.php"","""",""파일검수중"",""미체크"",""미체크"","""","""","""","""","""","""","""","""",""""]","RF-02-07-03-4","146","관련 RF 검수표 참조; 개별 원문행 인수 미완료"
"Me9_FileMap.xlsx","FileMap","95","["""",""94.0"","""","""","""","""","""",""취소 요청"","""","""",""취소 요청 페이지"",""RF-02-07-03-5"","""",""channel/pop.order_normal_cancel_request.html"",""Layer"",""http://me9main.185143.easel.asia/channel/sub04/pop.order_normal.php"","""",""파일검수중"",""미체크"",""미체크"","""","""","""","""","""","""","""","""",""""]","RF-02-07-03-5","147","관련 RF 검수표 참조; 개별 원문행 인수 미완료"
"Me9_FileMap.xlsx","FileMap","96","["""",""95.0"","""","""","""","""",""취소 주문"","""","""","""",""취소 주문 목록 페이지"",""RF-02-07-04"","""",""channel/pop.order_cancel.html"",""Layer"",""http://me9main.185143.easel.asia/channel/sub04/pop.order_cancel.php"",""css 적용되지 않음"",""파일검수중"",""미체크"",""미체크"","""","""","""","""","""","""","""","""",""""]","RF-02-07-04","148","관련 RF 검수표 참조; 개별 원문행 인수 미완료"
"Me9_FileMap.xlsx","FileMap","97","["""",""96.0"","""","""","""","""",""반품 주문"","""","""","""",""반품 주문 목록 페이지"",""RF-02-07-05"","""",""channel/pop.order_return_request.html"",""Layer"",""http://me9main.185143.easel.asia/channel/sub04/pop.order_return_request.php"",""css 적용되지 않음"",""파일검수중"",""미체크"",""미체크"","""","""","""","""","""","""","""","""",""""]","RF-02-07-05","150","관련 RF 검수표 참조; 개별 원문행 인수 미완료"
"Me9_FileMap.xlsx","FileMap","98","["""",""97.0"","""","""","""","""","""",""반품 보류"","""","""",""반품 보류 페이지"",""RF-02-07-05-2"","""",""channel/pop.order_return_request_pending.html"",""Layer"",""http://me9main.185143.easel.asia/channel/sub04/pop.order_return_request.php"","""",""파일검수중"",""미체크"",""미체크"","""","""","""","""","""","""","""","""",""""]","RF-02-07-05-2","152","관련 RF 검수표 참조; 개별 원문행 인수 미완료"
"Me9_FileMap.xlsx","FileMap","99","["""",""98.0"","""","""","""","""","""",""송장 수정"","""","""",""송장 수정 페이지"",""RF-02-07-05-3"","""",""channel/pop.order_return_request_invoice.html"",""Layer"",""http://me9main.185143.easel.asia/channel/sub04/pop.order_return_request.php"","""",""파일검수중"",""미체크"",""미체크"","""","""","""","""","""","""","""","""",""""]","RF-02-07-05-3","153","관련 RF 검수표 참조; 개별 원문행 인수 미완료"
"Me9_FileMap.xlsx","FileMap","100","["""",""99.0"","""","""","""","""",""교환 주문"","""","""","""",""교환 주문 페이지"",""RF-02-07-06"","""",""channel/pop.order_exchange_request.html"",""Layer"",""http://me9main.185143.easel.asia/channel/sub04/pop.order_exchange_request.php"",""css 적용되지 않음"",""파일검수중"",""미체크"",""미체크"","""","""","""","""","""","""","""","""",""""]","RF-02-07-06","154","관련 RF 검수표 참조; 개별 원문행 인수 미완료"
"Me9_FileMap.xlsx","FileMap","101","["""",""100.0"","""","""","""","""","""",""교환 회수 전 보류"","""","""",""교환 보류 페이지"",""RF-02-07-06-2"","""",""channel/pop.order_exchange_request_hold_before.html"",""Layer"",""http://me9main.185143.easel.asia/channel/sub04/pop.order_exchange_request.php"","""",""파일검수중"",""미체크"",""미체크"","""","""","""","""","""","""","""","""",""""]","RF-02-07-06-2","156","관련 RF 검수표 참조; 개별 원문행 인수 미완료"
"Me9_FileMap.xlsx","FileMap","102","["""",""101.0"","""","""","""","""","""",""교환 회수 후 보류"","""","""",""교환 보류 페이지"",""RF-02-07-06-6"","""",""channel/pop.order_exchange_request_hold_after.html"",""Layer"",""http://me9main.185143.easel.asia/channel/sub04/pop.order_exchange_request.php"","""",""파일검수중"",""미체크"",""미체크"","""","""","""","""","""","""","""","""",""""]","RF-02-07-06-6","160","관련 RF 검수표 참조; 개별 원문행 인수 미완료"
"Me9_FileMap.xlsx","FileMap","103","["""",""102.0"","""","""","""","""","""",""옵션 변경"","""","""",""옵션 병경 페이지"",""RF-02-07-06-8"","""",""channel/pop.order_exchange_request_option.html"",""Layer"",""http://me9main.185143.easel.asia/channel/sub04/pop.order_exchange_request.php"","""",""파일검수중"",""미체크"",""미체크"","""","""","""","""","""","""","""","""",""""]","RF-02-07-06-8","162","관련 RF 검수표 참조; 개별 원문행 인수 미완료"
"Me9_FileMap.xlsx","FileMap","104","["""",""103.0"","""","""","""","""","""",""송장 수정"","""","""",""송장 수정 페이지"",""RF-02-07-06-9"","""",""channel/pop.order_exchange_request_invoice.html"",""Layer"",""http://me9main.185143.easel.asia/channel/sub04/pop.order_exchange_request.php"","""",""파일검수중"",""미체크"",""미체크"","""","""","""","""","""","""","""","""",""""]","RF-02-07-06-9","163","관련 RF 검수표 참조; 개별 원문행 인수 미완료"
"Me9_FileMap.xlsx","FileMap","105","["""",""104.0"","""","""","""",""취소 목록"","""","""","""","""",""취소 목록 페이지"",""RF-02-07-07"","""",""channel/order_cancel_list.html"",""Page"",""http://me9main.185143.easel.asia/channel/sub04/order_cancel_list.php"","""",""파일검수중"",""미체크"",""미체크"","""","""","""","""","""","""","""","""",""""]","RF-02-07-07","164","관련 RF 검수표 참조; 개별 원문행 인수 미완료"
"Me9_FileMap.xlsx","FileMap","106","["""",""105.0"","""","""","""",""반품 목록"","""","""","""","""",""반품 목록 페이지"",""RF-02-07-08"","""",""channel/order_return_request_list.html"",""Page"",""http://me9main.185143.easel.asia/channel/sub04/order_return_request_list.php"","""",""파일검수중"",""미체크"",""미체크"","""","""","""","""","""","""","""","""",""""]","RF-02-07-08","165","관련 RF 검수표 참조; 개별 원문행 인수 미완료"
"Me9_FileMap.xlsx","FileMap","107","["""",""106.0"","""","""","""",""교환 목록"","""","""","""","""",""교환 목록 페이지"",""RF-02-07-09"","""",""channel/order_exchange_request_list.html"",""Page"",""http://me9main.185143.easel.asia/channel/sub04/order_exchange_request_list.php"","""",""파일검수중"",""미체크"",""미체크"","""","""","""","""","""","""","""","""",""""]","RF-02-07-09","166","관련 RF 검수표 참조; 개별 원문행 인수 미완료"
"Me9_FileMap.xlsx","FileMap","108","["""",""107.0"","""",""정산 관리"",""정산관리"","""","""","""","""","""",""정산 관리 페이지"",""RF-02-08-01"","""","""",""Page"","""","""",""파일요청중"",""미체크"",""미체크"","""","""","""","""","""","""","""","""",""""]","RF-02-08-01","168","관련 RF 검수표 참조; 개별 원문행 인수 미완료"
"Me9_FileMap.xlsx","FileMap","109","["""",""108.0"","""",""서브 관리자 관리"",""서브 관리자 목록"","""","""","""","""","""",""서브 관리자 목록 페이지"",""RF-02-09-01"","""",""channel/sub_list.html"",""Page"",""http://me9main.185143.easel.asia/channel/sub00/sub_list.php"","""",""파일검수중"",""미체크"",""미체크"","""","""","""","""","""","""","""","""",""""]","RF-02-09-01","178","관련 RF 검수표 참조; 개별 원문행 인수 미완료"
"Me9_FileMap.xlsx","FileMap","110","["""",""109.0"","""","""","""",""서브 관리자 등록"","""","""","""","""",""서브 관리자 등록 페이지"",""RF-02-09-01-1"","""",""channel/pop.sub_register.html"",""Layer"",""http://me9main.185143.easel.asia/channel/sub00/sub_list.php"","""",""파일검수중"",""미체크"",""미체크"","""","""","""","""","""","""","""","""",""""]","RF-02-09-01-1","179","관련 RF 검수표 참조; 개별 원문행 인수 미완료"
"Me9_FileMap.xlsx","FileMap","111","["""",""110.0"","""","""","""",""보기"","""","""","""","""",""서브 관리자 상세 페이지"",""RF-02-09-01-2"","""",""channel/pop.sub_view.html"",""Layer"",""http://me9main.185143.easel.asia/channel/sub00/sub_list.php"","""",""파일검수중"",""미체크"",""미체크"","""","""","""","""","""","""","""","""",""""]","RF-02-09-01-2","180","관련 RF 검수표 참조; 개별 원문행 인수 미완료"
"Me9_FileMap.xlsx","FileMap","112","["""",""111.0"","""","""","""",""수정"","""","""","""","""",""서브 관리자 수정 페이지"",""RF-02-09-01-3"","""",""channel/pop.sub_update.html"",""Layer"",""http://me9main.185143.easel.asia/channel/sub00/sub_list.php"","""",""파일검수중"",""미체크"",""미체크"","""","""","""","""","""","""","""","""",""""]","RF-02-09-01-3","181","관련 RF 검수표 참조; 개별 원문행 인수 미완료"
"Me9_FileMap.xlsx","FileMap","113","["""",""112.0"","""",""발주 담당 관리"",""발주 담당자 목록"","""","""","""","""","""",""발주 담당자 목록 페이지"",""RF-02-10-01"","""",""channel/order_manager_list.html"",""Page"",""http://me9main.185143.easel.asia/channel/sub00/order_manager_list.php"","""",""파일검수중"",""미체크"",""미체크"","""","""","""","""","""","""","""","""",""""]","RF-02-10-01","183","관련 RF 검수표 참조; 개별 원문행 인수 미완료"
"Me9_FileMap.xlsx","FileMap","114","["""",""113.0"","""","""","""",""발주 담당자 등록"","""","""","""","""",""발주 담당자 등록 페이지"",""RF-02-10-01-1"","""",""channel/order_manager_register.html"",""Layer"",""http://me9main.185143.easel.asia/channel/sub00/order_manager_list.php"","""",""파일검수중"",""미체크"",""미체크"","""","""","""","""","""","""","""","""",""""]","RF-02-10-01-1","184","관련 RF 검수표 참조; 개별 원문행 인수 미완료"
"Me9_FileMap.xlsx","FileMap","115","["""",""114.0"","""","""","""",""보기"","""","""","""","""",""발주 담당자 상세 페이지"",""RF-02-10-01-2"","""",""channel/order_manager_view.html"",""Layer"",""http://me9main.185143.easel.asia/channel/sub00/order_manager_list.php"","""",""파일검수중"",""미체크"",""미체크"","""","""","""","""","""","""","""","""",""""]","RF-02-10-01-2","185","관련 RF 검수표 참조; 개별 원문행 인수 미완료"
"Me9_FileMap.xlsx","FileMap","116","["""",""115.0"","""","""","""",""수정"","""","""","""","""",""발주 담당자 수정 페이지"",""RF-02-10-01-3"","""",""channel/order_manager_update.html"",""Layer"",""http://me9main.185143.easel.asia/channel/sub00/order_manager_list.php"","""",""파일검수중"",""미체크"",""미체크"","""","""","""","""","""","""","""","""",""""]","RF-02-10-01-3","186","관련 RF 검수표 참조; 개별 원문행 인수 미완료"
"Me9_FileMap.xlsx","FileMap","117","["""",""116.0"","""",""포인트 관리"",""채널 관리자 포인트"","""","""","""","""","""",""포인트 관리 페이지"",""RF-02-11-01"","""","""",""Page"",""http://me9main.185143.easel.asia/channel/sub00/point_list.php"","""",""파일검수중"",""미체크"",""미체크"","""","""","""","""","""","""","""","""",""""]","RF-02-11-01","188;189","관련 RF 검수표 참조; 개별 원문행 인수 미완료"
"Me9_FileMap.xlsx","FileMap","118","["""",""117.0"","""","""","""",""환급 요청"","""","""","""","""",""환급 요청 페이지"",""RF-02-11-01-1"","""","""",""Layer"","""","""",""파일요청중"",""미체크"",""미체크"","""","""","""","""","""","""","""","""",""""]","RF-02-11-01-1","190","관련 RF 검수표 참조; 개별 원문행 인수 미완료"
"Me9_FileMap.xlsx","FileMap","119","["""",""118.0"","""","""","""",""포인트 구매"","""","""","""","""",""포인트 구매 페이지"",""RF-02-11-01-2"","""","""",""Layer"","""","""",""파일요청중"",""미체크"",""미체크"","""","""","""","""","""","""","""","""",""""]","RF-02-11-01-2","191","관련 RF 검수표 참조; 개별 원문행 인수 미완료"
"Me9_FileMap.xlsx","FileMap","120","["""",""119.0"","""",""배송비 설정"",""배송비 설정 목록"","""","""","""","""","""",""배송비 설정 목록 페이지"",""RF-02-12-01"","""",""channel/delivery_charge_list.html"",""Page"",""http://me9main.185143.easel.asia/channel/sub00/delivery_charge_list.php"","""",""파일검수중"",""미체크"",""미체크"","""","""","""","""","""","""","""","""",""""]","RF-02-12-01","193","관련 RF 검수표 참조; 개별 원문행 인수 미완료"
"Me9_FileMap.xlsx","FileMap","121","["""",""120.0"","""","""","""",""배송비 등록"","""","""","""","""",""배송비 등록 페이지"",""RF-02-12-01-1"","""",""channel/pop.delivery_charge_register.html"",""Layer"",""http://me9main.185143.easel.asia/channel/sub00/delivery_charge_list.php"","""",""파일검수중"",""미체크"",""미체크"","""","""","""","""","""","""","""","""",""""]","RF-02-12-01-1","194","관련 RF 검수표 참조; 개별 원문행 인수 미완료"
"Me9_FileMap.xlsx","FileMap","122","["""",""121.0"","""","""","""",""보기"","""","""","""","""",""배송비 상세 페이지"",""RF-02-12-01-9"","""",""channel/pop.delivery_charge_view.html"",""Layer"",""http://me9main.185143.easel.asia/channel/sub00/delivery_charge_list.php"","""",""파일검수중"",""미체크"",""미체크"","""","""","""","""","""","""","""","""",""""]","RF-02-12-01-9","202","관련 RF 검수표 참조; 개별 원문행 인수 미완료"
"Me9_FileMap.xlsx","FileMap","123","["""",""122.0"","""","""","""",""수정"","""","""","""","""",""배송비 수정 페이지"",""RF-02-12-01-10"","""",""channel/pop.delivery_charge_update.html"",""Layer"",""http://me9main.185143.easel.asia/channel/sub00/delivery_charge_list.php"","""",""파일검수중"",""미체크"",""미체크"","""","""","""","""","""","""","""","""",""""]","RF-02-12-01-10","203","관련 RF 검수표 참조; 개별 원문행 인수 미완료"
"Me9_FileMap.xlsx","FileMap","124","["""",""123.0"","""",""취소/환불 안내"",""취소/환불 안내 목록"","""","""","""","""","""",""취소/환불 안내 목록 페이지"",""RF-02-13-01"","""",""channel/cancel_refund_list.html"",""Page"",""http://me9main.185143.easel.asia/channel/sub00/cancel_refund_list.php"","""",""파일검수중"",""미체크"",""미체크"","""","""","""","""","""","""","""","""",""""]","RF-02-13-01","205","관련 RF 검수표 참조; 개별 원문행 인수 미완료"
"Me9_FileMap.xlsx","FileMap","125","["""",""124.0"","""","""","""",""취소 환불 안내 등록"","""","""","""","""",""취소/환불 안내 등록 페이지"",""RF-02-13-01-1"","""",""channel/pop.cancel_refund_register.html"",""Layer"",""http://me9main.185143.easel.asia/channel/sub00/cancel_refund_list.php"","""",""파일검수중"",""미체크"",""미체크"","""","""","""","""","""","""","""","""",""""]","RF-02-13-01-1","206","관련 RF 검수표 참조; 개별 원문행 인수 미완료"
"Me9_FileMap.xlsx","FileMap","126","["""",""125.0"","""","""","""",""보기"","""","""","""","""",""취소/환불 안내 상세 페이지"",""RF-02-13-01-3"","""",""channel/pop.cancel_refund_view.html"",""Layer"",""http://me9main.185143.easel.asia/channel/sub00/cancel_refund_list.php"","""",""파일검수중"",""미체크"",""미체크"","""","""","""","""","""","""","""","""",""""]","RF-02-13-01-3","208","관련 RF 검수표 참조; 개별 원문행 인수 미완료"
"Me9_FileMap.xlsx","FileMap","127","["""",""126.0"","""","""","""",""수정"","""","""","""","""",""취소/환불 안내 수정 페이지"",""RF-02-13-01-2"","""",""channel/pop.cancel_refund_update.html"",""Layer"",""http://me9main.185143.easel.asia/channel/sub00/cancel_refund_list.php"","""",""파일검수중"",""미체크"",""미체크"","""","""","""","""","""","""","""","""",""""]","RF-02-13-01-2","207","관련 RF 검수표 참조; 개별 원문행 인수 미완료"
"Me9_FileMap.xlsx","FileMap","128","["""",""127.0"",""Shop 채널"",""입장 코드 확인"","""","""","""","""","""","""",""입장 코드 확인 페이지"",""RF-03-01-01"",""25.11.07 Shop채널_img.zip / 디자인 이미지 제공"",""shop/code_confirm.html"",""Page"","""","""",""파일요청중"",""미체크"",""미체크"","""","""","""","""","""","""","""","""",""""]","RF-03-01-01","211;212","관련 RF 검수표 참조; 개별 원문행 인수 미완료"
"Me9_FileMap.xlsx","FileMap","129","["""",""128.0"","""",""로그인"","""","""","""","""","""","""",""로그인 페이지"",""RF-03-01-02"",""25.11.07 Shop채널_img.zip / 디자인 이미지 제공"",""shop/login.html"",""Page"","""","""",""파일요청중"",""미체크"",""미체크"","""","""","""","""","""","""","""","""",""""]","RF-03-01-02","213","관련 RF 검수표 참조; 개별 원문행 인수 미완료"
"Me9_FileMap.xlsx","FileMap","130","["""",""129.0"","""",""간편 회원 가입"","""","""","""","""","""","""",""간편 회원 가입 페이지"",""RF-03-02-01"",""25.11.07 Shop채널_img.zip / 디자인 이미지 제공"",""shop/social_join.html"",""Page"","""","""",""파일요청중"",""미체크"",""미체크"","""","""","""","""","""","""","""","""",""""]","RF-03-02-01","215","관련 RF 검수표 참조; 개별 원문행 인수 미완료"
"Me9_FileMap.xlsx","FileMap","131","["""",""130.0"","""",""메인"","""","""","""","""","""","""",""메인 페이지"",""RF-03-03-01"",""25.11.07 Shop채널_img.zip / 디자인 이미지 제공"",""shop/main.html"",""Page"","""","""",""파일요청중"",""미체크"",""미체크"","""","""","""","""","""","""","""","""",""""]","RF-03-03-01","217","관련 RF 검수표 참조; 개별 원문행 인수 미완료"
"Me9_FileMap.xlsx","FileMap","132","["""",""131.0"","""",""상품 영역"",""일반 상품"","""","""","""","""","""",""일반상품 영역 페이지"",""RF-03-04-01"",""25.11.07 Shop채널_img.zip / 디자인 이미지 제공"",""shop/product_list.html"",""Page"","""","""",""파일요청중"",""미체크"",""미체크"","""","""","""","""","""","""","""","""",""""]","RF-03-04-01","219","관련 RF 검수표 참조; 개별 원문행 인수 미완료"
"Me9_FileMap.xlsx","FileMap","133","["""",""132.0"","""","""",""공동 구매"","""","""","""","""","""",""공동구매 상품 영역 페이지"",""RF-03-04-02-6"","""","""",""Page"","""","""","""","""","""","""","""","""","""","""","""","""","""",""""]","RF-03-04-02-6","226","관련 RF 검수표 참조; 개별 원문행 인수 미완료"
"Me9_FileMap.xlsx","FileMap","134","["""",""133.0"","""",""상품영역 상세"",""일반상품 상세"","""","""","""","""","""",""일반상품 영역 상세 페이지"",""RF-03-04-02"",""25.11.07 Shop채널_img.zip / 디자인 이미지 제공"",""shop/product_view.html"",""Page"","""","""",""파일요청중"",""미체크"",""미체크"","""","""","""","""","""","""","""","""",""""]","RF-03-04-02","220","관련 RF 검수표 참조; 개별 원문행 인수 미완료"
"Me9_FileMap.xlsx","FileMap","135","["""",""134.0"","""","""","""",""상품 문의하기"","""","""","""","""",""상품 문의하기 페이지"",""RF-03-04-02-4"",""25.11.07 Shop채널_img.zip / 디자인 이미지 제공"",""shop/pop.product_view_contact_us.html"",""Popup"","""","""",""파일요청중"",""미체크"",""미체크"","""","""","""","""","""","""","""","""",""""]","RF-03-04-02-4","224","관련 RF 검수표 참조; 개별 원문행 인수 미완료"
"Me9_FileMap.xlsx","FileMap","136","["""",""135.0"","""","""",""공동구매 상세"","""","""","""","""","""",""공동구매 상품 상세 페이지"",""RF-03-04-02-7"","""","""",""Page"","""","""","""","""","""","""","""","""","""","""","""","""","""",""""]","RF-03-04-02-7","227","관련 RF 검수표 참조; 개별 원문행 인수 미완료"
"Me9_FileMap.xlsx","FileMap","137","["""",""136.0"","""",""장바구니"","""","""","""","""","""","""",""장바구니 페이지"",""RF-03-04-03"",""25.11.07 Shop채널_img.zip / 디자인 이미지 제공"",""shop/shopping_basket.html"",""Page"","""","""",""파일요청중"",""미체크"",""미체크"","""","""","""","""","""","""","""","""",""""]","RF-03-04-03","228","관련 RF 검수표 참조; 개별 원문행 인수 미완료"
"Me9_FileMap.xlsx","FileMap","138","["""",""137.0"","""","""",""옵션 변경"","""","""","""","""","""",""옵션 변경 페이지"",""RF-03-04-03"",""25.11.07 Shop채널_img.zip / 디자인 이미지 제공"",""shop/pop.shopping_basket_option.html"",""Popup"","""","""",""파일요청중"",""미체크"",""미체크"","""","""","""","""","""","""","""","""",""""]","RF-03-04-03","228","관련 RF 검수표 참조; 개별 원문행 인수 미완료"
"Me9_FileMap.xlsx","FileMap","139","["""",""138.0"","""",""주문서 작성"","""","""","""","""","""","""",""주문서 작성 페이지"",""RF-03-04-04"",""25.11.07 Shop채널_img.zip / 디자인 이미지 제공"",""shop/order_form.html"",""Page"","""","""",""파일요청중"",""미체크"",""미체크"","""","""","""","""","""","""","""","""",""""]","RF-03-04-04","229","관련 RF 검수표 참조; 개별 원문행 인수 미완료"
"Me9_FileMap.xlsx","FileMap","140","["""",""139.0"","""",""주문 완료"","""","""","""","""","""","""",""주문 완료 페이지"",""RF-03-04-05"",""25.11.07 Shop채널_img.zip / 디자인 이미지 제공"",""shop/order_completed.html"",""Page"","""","""",""파일요청중"",""미체크"",""미체크"","""","""","""","""","""","""","""","""",""""]","RF-03-04-05","230","관련 RF 검수표 참조; 개별 원문행 인수 미완료"
"Me9_FileMap.xlsx","FileMap","141","["""",""140.0"","""",""구매내역 확인"","""","""","""","""","""","""",""주문 내역 페이지"",""RF-03-04-06"",""25.11.07 Shop채널_img.zip / 디자인 이미지 제공"",""shop/purchase_history.html"",""Page"","""","""",""파일요청중"",""미체크"",""미체크"","""","""","""","""","""","""","""","""",""""]","RF-03-04-06","231","관련 RF 검수표 참조; 개별 원문행 인수 미완료"
"Me9_FileMap.xlsx","FileMap","142","["""",""141.0"","""",""주문 영역"","""","""","""","""","""","""",""주문 조회 페이지"",""RF-03-05-01"",""25.11.07 Shop채널_img.zip / 디자인 이미지 제공"",""shop/order_confirm.html"",""Page"","""","""",""파일요청중"",""미체크"",""미체크"","""","""","""","""","""","""","""","""",""""]","RF-03-05-01","233","관련 RF 검수표 참조; 개별 원문행 인수 미완료"
"Me9_FileMap.xlsx","FileMap","143","["""",""142.0"","""",""주문 관리"",""주문"","""","""","""","""","""",""주문 관리 페이지"",""RF-03-05-02"",""25.11.07 Shop채널_img.zip / 디자인 이미지 제공"",""shop/order_details.html"",""Page"","""","""",""파일요청중"",""미체크"",""미체크"","""","""","""","""","""","""","""","""",""""]","RF-03-05-02","234","관련 RF 검수표 참조; 개별 원문행 인수 미완료"
"Me9_FileMap.xlsx","FileMap","144","["""",""143.0"","""","""","""",""판매자 문의하기"","""","""","""","""",""판매자 문의하기 페이지"",""RF-03-05-02-1"",""25.11.07 Shop채널_img.zip / 디자인 이미지 제공"",""shop/pop.order_details_contact_us.html"",""Popup"","""","""",""파일요청중"",""미체크"",""미체크"","""","""","""","""","""","""","""","""",""""]","RF-03-05-02-1","235","관련 RF 검수표 참조; 개별 원문행 인수 미완료"
"Me9_FileMap.xlsx","FileMap","145","["""",""144.0"","""","""","""",""취소 신청"","""","""","""","""",""취소 신청 페이지"",""RF-03-05-02-2"",""25.11.07 Shop채널_img.zip / 디자인 이미지 제공"",""shop/pop.order_details_cancel_request.html"",""Popup"","""","""",""파일요청중"",""미체크"",""미체크"","""","""","""","""","""","""","""","""",""""]","RF-03-05-02-2","236","관련 RF 검수표 참조; 개별 원문행 인수 미완료"
"Me9_FileMap.xlsx","FileMap","146","["""",""145.0"","""","""","""",""반품 신청"","""","""","""","""",""반품 신청 페이지"",""RF-03-05-02-3"",""25.11.07 Shop채널_img.zip / 디자인 이미지 제공"",""shop/pop.order_details_return_request.html"",""Popup"","""","""",""파일요청중"",""미체크"",""미체크"","""","""","""","""","""","""","""","""",""""]","RF-03-05-02-3","237","관련 RF 검수표 참조; 개별 원문행 인수 미완료"
"Me9_FileMap.xlsx","FileMap","147","["""",""146.0"","""","""","""",""교환 신청"","""","""","""","""",""교환 신청 페이지"",""RF-03-05-02-4"",""25.11.07 Shop채널_img.zip / 디자인 이미지 제공"",""shop/pop.order_details_exchange_request.html"",""Popup"","""","""",""파일요청중"",""미체크"",""미체크"","""","""","""","""","""","""","""","""",""""]","RF-03-05-02-4","238","관련 RF 검수표 참조; 개별 원문행 인수 미완료"
"Me9_FileMap.xlsx","FileMap","148","["""",""147.0"","""","""","""",""구매 확정"","""","""","""","""",""구매 확정 페이지"",""RF-03-05-02-5"",""25.11.07 Shop채널_img.zip / 디자인 이미지 제공"",""shop/pop.order_details_purchase_confirm.html"",""Popup"","""","""",""파일요청중"",""미체크"",""미체크"","""","""","""","""","""","""","""","""",""""]","RF-03-05-02-5","239","관련 RF 검수표 참조; 개별 원문행 인수 미완료"
"Me9_FileMap.xlsx","FileMap","149","["""",""148.0"","""","""","""",""주문 상세"","""","""","""","""",""주문 상세 페이지"",""RF-03-05-06"",""25.11.07 Shop채널_img.zip / 디자인 이미지 제공"",""shop/order_details_view.html"",""Page"","""","""",""파일요청중"",""미체크"",""미체크"","""","""","""","""","""","""","""","""",""""]","RF-03-05-06","243","관련 RF 검수표 참조; 개별 원문행 인수 미완료"
"Me9_FileMap.xlsx","FileMap","150","["""",""149.0"","""","""",""취소"","""","""","""","""","""",""취소 주문 목록 페이지"",""RF-03-05-03"",""25.11.07 Shop채널_img.zip / 디자인 이미지 제공"",""shop/cancel_details.html"",""Page"","""","""",""파일요청중"",""미체크"",""미체크"","""","""","""","""","""","""","""","""",""""]","RF-03-05-03","240","관련 RF 검수표 참조; 개별 원문행 인수 미완료"
"Me9_FileMap.xlsx","FileMap","151","["""",""150.0"","""","""",""반품"","""","""","""","""","""",""반품 주문 목록 페이지"",""RF-03-05-04"",""25.11.07 Shop채널_img.zip / 디자인 이미지 제공"",""shop/return_details.html"",""Page"","""","""",""파일요청중"",""미체크"",""미체크"","""","""","""","""","""","""","""","""",""""]","RF-03-05-04","241","관련 RF 검수표 참조; 개별 원문행 인수 미완료"
"Me9_FileMap.xlsx","FileMap","152","["""",""151.0"","""","""",""교환"","""","""","""","""","""",""교환 주문 목록 페이지"",""RF-03-05-05"",""25.11.07 Shop채널_img.zip / 디자인 이미지 제공"",""shop/exchange_details.html"",""Page"","""","""",""파일요청중"",""미체크"",""미체크"","""","""","""","""","""","""","""","""",""""]","RF-03-05-05","242","관련 RF 검수표 참조; 개별 원문행 인수 미완료"
"Me9_FileMap.xlsx","FileMap","153","["""",""152.0"","""",""공지사항"",""공지사항 목록"","""","""","""","""","""",""공지사항 목록 페이지"",""RF-03-06-01"",""25.11.07 Shop채널_img.zip / 디자인 이미지 제공"",""shop/notice_list.html"",""Page"","""","""",""파일요청중"",""미체크"",""미체크"","""","""","""","""","""","""","""","""",""""]","RF-03-06-01","245","관련 RF 검수표 참조; 개별 원문행 인수 미완료"
"Me9_FileMap.xlsx","FileMap","154","["""",""153.0"","""","""",""공지사항 상세"","""","""","""","""","""",""공지사항 상세 페이지"",""RF-03-06-02"",""25.11.07 Shop채널_img.zip / 디자인 이미지 제공"",""shop/notice_view.html"",""Page"","""","""",""파일요청중"",""미체크"",""미체크"","""","""","""","""","""","""","""","""",""""]","RF-03-06-02","246","관련 RF 검수표 참조; 개별 원문행 인수 미완료"
"Me9_FileMap.xlsx","FileMap","155","["""",""154.0"",""발주사 페이지"",""로그인"","""","""","""","""","""","""",""로그인 페이지"",""RF-04-01-01"","""",""purchase/login.html"",""Page"","""","""",""파일요청중"",""미체크"",""미체크"","""","""","""","""","""","""","""","""",""""]","RF-04-01-01","249","관련 RF 검수표 참조; 개별 원문행 인수 미완료"
"Me9_FileMap.xlsx","FileMap","156","["""",""155.0"","""",""발주 관리"",""발주 대기"","""","""","""","""","""",""발주 대기 목록 페이지"",""RF-04-02-01"","""",""purchase/waiting_list.html"",""Page"","""","""",""파일요청중"",""미체크"",""미체크"","""","""","""","""","""","""","""","""",""""]","RF-04-02-01","251","관련 RF 검수표 참조; 개별 원문행 인수 미완료"
"Me9_FileMap.xlsx","FileMap","157","["""",""156.0"","""","""","""",""발주 처리"","""","""","""","""",""발주 처리 페이지"",""RF-04-02-01-1"","""",""purchase/pop.process.html"",""Popup"","""","""",""파일요청중"",""미체크"",""미체크"","""","""","""","""","""","""","""","""",""""]","RF-04-02-01-1","252","관련 RF 검수표 참조; 개별 원문행 인수 미완료"
"Me9_FileMap.xlsx","FileMap","158","["""",""157.0"","""","""","""",""보기"","""","""","""","""",""발주 대기 상세 페이지"",""RF-04-02-01-2"","""",""purchase/pop.waiting_view.html"",""Popup"","""","""",""파일요청중"",""미체크"",""미체크"","""","""","""","""","""","""","""","""",""""]","RF-04-02-01-2","253","관련 RF 검수표 참조; 개별 원문행 인수 미완료"
"Me9_FileMap.xlsx","FileMap","159","["""",""158.0"","""","""","""",""수정"","""","""","""","""",""발주 대기 수정 페이지"",""RF-04-02-01-2"","""",""purchase/pop.waiting_update.html"",""Popup"","""","""",""파일요청중"",""미체크"",""미체크"","""","""","""","""","""","""","""","""",""""]","RF-04-02-01-2","253","관련 RF 검수표 참조; 개별 원문행 인수 미완료"
"Me9_FileMap.xlsx","FileMap","160","["""",""159.0"","""","""",""발주 완료"","""","""","""","""","""",""발주 완료 목록 페이지"",""RF-04-02-02"","""",""purchase/completed_list.html"",""Page"","""","""",""파일요청중"",""미체크"",""미체크"","""","""","""","""","""","""","""","""",""""]","RF-04-02-02","254","관련 RF 검수표 참조; 개별 원문행 인수 미완료"
"Me9_FileMap.xlsx","FileMap","161","["""",""160.0"","""","""","""",""보기"","""","""","""","""",""발주 완료 상세 페이지"",""RF-04-02-02-1"","""",""purchase/pop.completed_view.html"",""Popup"","""","""",""파일요청중"",""미체크"",""미체크"","""","""","""","""","""","""","""","""",""""]","RF-04-02-02-1","255","관련 RF 검수표 참조; 개별 원문행 인수 미완료"
"Me9_FileMap.xlsx","FileMap","162","["""",""161.0"","""","""","""",""수정"","""","""","""","""",""발주 완료 수정 페이지"",""RF-04-02-02-1"","""",""purchase/pop.completed_update.html"",""Popup"","""","""",""파일요청중"",""미체크"",""미체크"","""","""","""","""","""","""","""","""",""""]","RF-04-02-02-1","255","관련 RF 검수표 참조; 개별 원문행 인수 미완료"
"Me9_FileMap.xlsx","FileMap","163","["""",""162.0"",""전체관리자"",""로그인"","""","""","""","""","""","""",""전체관리자 로그인 페이지"",""RF-05-01"","""","""",""Page"",""http://me9main.185143.easel.asia/master/member/login.php"","""",""파일검수중"",""미체크"",""미체크"","""","""","""","""","""","""","""","""",""""]","RF-05-01","258","관련 RF 검수표 참조; 개별 원문행 인수 미완료"
"Me9_FileMap.xlsx","FileMap","164","["""",""163.0"","""",""대시보드"","""","""","""","""","""","""",""전체관리자 대시보드"",""RF-05-02-01"","""","""",""Page"",""http://me9main.185143.easel.asia/master/main/"","""",""파일검수중"",""미체크"",""미체크"","""","""","""","""","""","""","""","""",""""]","RF-05-02-01","260","관련 RF 검수표 참조; 개별 원문행 인수 미완료"
"Me9_FileMap.xlsx","FileMap","165","["""",""164.0"","""",""디자인 패턴"",""일반 리스트"","""","""","""","""","""",""일반 리스트 프레임"",""RF-05-02-02"","""","""",""Page"",""http://me9main.185143.easel.asia/master/sub/sub03.php"",""아이티컴)\n일반 게시판과 갤러리 게시판이 코딩되어 있음"",""파일검수중"",""미체크"",""미체크"","""","""","""","""","""","""","""","""",""""]","RF-05-02-02","261","관련 RF 검수표 참조; 개별 원문행 인수 미완료"
"Me9_FileMap.xlsx","FileMap","166","["""",""165.0"","""","""",""갤러리 리스트"","""","""","""","""","""",""갤러리 리스트 프레임"",""RF-05-02-03"","""","""",""Page"",""http://me9main.185143.easel.asia/master/sub/sub03.php"",""아이티컴)\n일반 게시판과 갤러리 게시판이 코딩되어 있음"",""파일검수중"",""미체크"",""미체크"","""","""","""","""","""","""","""","""",""""]","RF-05-02-03","262","관련 RF 검수표 참조; 개별 원문행 인수 미완료"
"Me9_FileMap.xlsx","FileMap","167","["""",""166.0"","""","""",""보기 화면"",""웹화면 보기폼"","""","""","""","""",""게시물 보기 프레임"",""RF-05-02-04"","""","""",""Page"",""http://me9main.185143.easel.asia/master/sub/view.php"","""",""파일검수중"",""미체크"",""미체크"","""","""","""","""","""","""","""","""",""""]","RF-05-02-04","263","관련 RF 검수표 참조; 개별 원문행 인수 미완료"
"Me9_FileMap.xlsx","FileMap","168","["""",""167.0"","""","""","""",""웹화면 보기폼\n-댓글 수정창"","""","""","""","""",""보기화면에서 \n댓글 수정화면 프레임"",""RF-05-02-05"","""","""",""Layer"",""http://me9main.185143.easel.asia/master/sub/view.php"",""아이티컴)\n메모의 펜을 클릭시 수정창 출력"",""파일검수중"",""미체크"",""미체크"","""","""","""","""","""","""","""","""",""""]","RF-05-02-05","264","관련 RF 검수표 참조; 개별 원문행 인수 미완료"
"Me9_FileMap.xlsx","FileMap","169","["""",""168.0"","""","""","""",""웹화면 보기폼\n-내부 탭 메뉴 존재"","""","""","""","""",""보기화면에서\n하단 탭메뉴 보기 프레임"",""RF-05-02-06"","""","""",""Page"",""http://me9main.185143.easel.asia/master/sub/sub01.php"",""아이티컴)\n새창 / 레이어팝업이 하단에 코딩되어 있음"",""파일검수중"",""미체크"",""미체크"","""","""","""","""","""","""","""","""",""""]","RF-05-02-06","265","관련 RF 검수표 참조; 개별 원문행 인수 미완료"
"Me9_FileMap.xlsx","FileMap","170","["""",""169.0"","""","""","""",""레이어 팝업 보기\n-적은 내용"","""","""","""","""",""레이어 보기 화면"",""RF-05-02-07"","""","""",""Popup"",""http://me9main.185143.easel.asia/master/sub/view.php"",""아이티컴)\n새창 / 레이어팝업이 하단에 코딩되어 있음"",""파일검수중"",""미체크"",""미체크"","""","""","""","""","""","""","""","""",""""]","RF-05-02-07","266","관련 RF 검수표 참조; 개별 원문행 인수 미완료"
"Me9_FileMap.xlsx","FileMap","171","["""",""170.0"","""","""",""입력 화면"",""화면 입력폼\n(웹페이지형태)"","""","""","""","""",""게시물 입력 웹페이지 화면"",""RF-05-02-08"","""","""",""Page"",""http://me9main.185143.easel.asia/master/sub/view.php"","""",""파일검수중"",""미체크"",""미체크"","""","""","""","""","""","""","""","""",""""]","RF-05-02-08","267","관련 RF 검수표 참조; 개별 원문행 인수 미완료"
"Me9_FileMap.xlsx","FileMap","172","["""",""171.0"","""","""","""",""화면 입력폼\n(팝업형태)"","""","""","""","""",""게시물 입력 팝업 화면"",""RF-05-02-09"","""","""",""Popup"",""http://me9main.185143.easel.asia/master/sub/sub02.php"",""아이티컴)\n새창 / 레이어팝업이 하단에 코딩되어 있음"",""파일검수중"",""미체크"",""미체크"","""","""","""","""","""","""","""","""",""""]","RF-05-02-09","268","관련 RF 검수표 참조; 개별 원문행 인수 미완료"
"Me9_FileMap.xlsx","FileMap","173","["""",""172.0"","""","""","""",""화면 입력폼\n(레이어형태)"","""","""","""","""",""게시물 입력 레이어 화면"",""RF-05-02-10"","""","""",""Layer"",""http://me9main.185143.easel.asia/master/sub/sub02.php"",""아이티컴)\n새창 / 레이어팝업이 하단에 코딩되어 있음"",""파일검수중"",""미체크"",""미체크"","""","""","""","""","""","""","""","""",""""]","RF-05-02-10","269","관련 RF 검수표 참조; 개별 원문행 인수 미완료"
"Me9_FileMap.xlsx","FileMap","174","["""",""173.0"","""","""",""처리중 페이지"","""","""","""","""","""",""처리중 화면"",""RF-05-02-11"","""","""",""Layer"",""http://me9main.185143.easel.asia/master/sub/loading.php"","""",""파일검수중"",""미체크"",""미체크"","""","""","""","""","""","""","""","""",""""]","RF-05-02-11","270","관련 RF 검수표 참조; 개별 원문행 인수 미완료"
"Me9_FileMap.xlsx","Comment","1","["""",""요청사항"","""","""","""","""","""","""","""","""","""","""","""","""","""","""","""","""","""","""","""","""","""","""","""",""""]","","","자료/수식/목록 행: 개별 검증 미완료"
"Me9_FileMap.xlsx","Comment","2","["""",""Datae"",""작성자"",""글분류"",""내용"","""","""","""","""","""","""","""","""","""","""","""","""","""","""","""","""","""","""","""","""",""""]","","","자료/수식/목록 행: 개별 검증 미완료"
"Me9_FileMap.xlsx","Comment","3","["""",""2025.10.24"",""아이티컴"",""요청"",""@이젤 << 스토리보드를 참고하여 퍼블리싱 파일을 순서대로 작업해주시기 바랍니다. 작업이 된 파일을 FileMap 에 업로드 해주시면 해당 파일을 @미구마켓, @아이티컴 에서 검토하여 의견을 남겨놓겠습니다.""]","","","자료/수식/목록 행: 개별 검증 미완료"
"Me9_FileMap.xlsx","Comment","4","["""",""2025.10.27"",""아이티컴"",""요청"",""@미구마켓 << 퍼블리싱 된 파일을 확인하여 내용과 맞는 지 보시고 화면검토의 분류를 변경해 주세요. \n분류후 필요한 내용은 처리현황 및 기타에 남겨주세요. \n그리고 필요한 더 필요한 내용은 이곳을 이용해 주시기 바랍니다.""]","","","자료/수식/목록 행: 개별 검증 미완료"
"Me9_플랫폼_웹페이지_작업요청서_20260728.xlsx","Sheet1","1","["""",""Me9 e-커머스 플랫폼 웹페이지 요청"","""","""","""","""","""","""","""","""","""",""""]","","","자료/수식/목록 행: 개별 검증 미완료"
"Me9_플랫폼_웹페이지_작업요청서_20260728.xlsx","Sheet1","2","["""",""StoryBoard Ver 3.0.0 기준"","""","""","""","""","""","""","""","""","""",""""]","","","자료/수식/목록 행: 개별 검증 미완료"
"Me9_플랫폼_웹페이지_작업요청서_20260728.xlsx","Sheet1","3","["""",""No"",""스토리보드 No"",""웹 영역"",""스토리보드 영역"",""스토리보드 상세명"",""페이지 종류"",""추가설명"",""요청일자"",""처리상태"",""처리일자"",""의견""]","","","자료/수식/목록 행: 개별 검증 미완료"
"Me9_플랫폼_웹페이지_작업요청서_20260728.xlsx","Sheet1","4","["""",""1"",""RF-01-06-01"",""홈페이지"",""주문조회"",""입력페이지"",""Web Page"","""",""2026-07-28 00:00:00"",""요청중"","""",""""]","RF-01-06-01","20","관련 RF 검수표 참조; 개별 원문행 인수 미완료"
"Me9_플랫폼_웹페이지_작업요청서_20260728.xlsx","Sheet1","5","["""",""2"",""RF-01-06-02"",""홈페이지"",""주문조회"",""주문 상세 페이지"",""Web Page"","""",""2026-07-28 00:00:00"",""요청중"","""",""""]","RF-01-06-02","21","관련 RF 검수표 참조; 개별 원문행 인수 미완료"
"Me9_플랫폼_웹페이지_작업요청서_20260728.xlsx","Sheet1","6","["""",""3"",""RF-01-06-02-1"",""홈페이지"",""주문조회"",""취소신청"",""Layer popup"","""",""2026-07-28 00:00:00"",""요청중"","""",""""]","RF-01-06-02-1","22","관련 RF 검수표 참조; 개별 원문행 인수 미완료"
"Me9_플랫폼_웹페이지_작업요청서_20260728.xlsx","Sheet1","7","["""",""4"",""RF-01-06-02-2"",""홈페이지"",""주문조회"",""반품신청"",""Layer popup"","""",""2026-07-28 00:00:00"",""요청중"","""",""""]","RF-01-06-02-2","23","관련 RF 검수표 참조; 개별 원문행 인수 미완료"
"Me9_플랫폼_웹페이지_작업요청서_20260728.xlsx","Sheet1","8","["""",""5"",""RF-01-06-02-3"",""홈페이지"",""주문조회"",""교환신청"",""Layer popup"","""",""2026-07-28 00:00:00"",""요청중"","""",""""]","RF-01-06-02-3","24","관련 RF 검수표 참조; 개별 원문행 인수 미완료"
"Me9_플랫폼_웹페이지_작업요청서_20260728.xlsx","Sheet1","9","["""",""6"",""RF-01-06-02-4"",""홈페이지"",""주문조회"",""구매확정하기"",""Layer popup"","""",""2026-07-28 00:00:00"",""요청중"","""",""""]","RF-01-06-02-4","25","관련 RF 검수표 참조; 개별 원문행 인수 미완료"
"Me9_플랫폼_웹페이지_작업요청서_20260728.xlsx","Sheet1","10","["""",""7"",""RF-01-06-02-5"",""홈페이지"",""주문조회"",""상품 문의하기"",""Layer popup"","""",""2026-07-28 00:00:00"",""요청중"","""",""""]","RF-01-06-02-5","26","관련 RF 검수표 참조; 개별 원문행 인수 미완료"
"Me9_플랫폼_웹페이지_작업요청서_20260728.xlsx","Sheet1","11","["""",""8"",""RF-01-07-02"",""홈페이지"",""회원영역"",""간편 회원 약관 동의 페이지"",""Web Page"","""",""2026-07-28 00:00:00"",""요청중"","""",""""]","RF-01-07-02","29","관련 RF 검수표 참조; 개별 원문행 인수 미완료"
"Me9_플랫폼_웹페이지_작업요청서_20260728.xlsx","Sheet1","12","["""",""9"",""RF-01-07-11-1"",""홈페이지"",""회원영역"",""배송지 설정"",""Layer popup"","""",""2026-07-28 00:00:00"",""요청중"","""",""""]","RF-01-07-11-1","41","관련 RF 검수표 참조; 개별 원문행 인수 미완료"
"Me9_플랫폼_웹페이지_작업요청서_20260728.xlsx","Sheet1","13","["""",""10"",""RF-01-07-11-3"",""홈페이지"",""회원영역"",""배송지 수정"",""Layer popup"","""",""2026-07-28 00:00:00"",""요청중"","""",""""]","RF-01-07-11-3","43","관련 RF 검수표 참조; 개별 원문행 인수 미완료"
"Me9_플랫폼_웹페이지_작업요청서_20260728.xlsx","Sheet1","14","["""",""11"",""RF-01-07-14-1"",""홈페이지"",""회원영역"",""방문한 채널 화면에서 QR확대 보기"",""Layer popup"",""방문한 채널 목록에서 QR코드 부분을 클릭했을 때 확대되는 QR 창이 표시되는 페이지 요청"",""2026-07-28 00:00:00"",""요청중"","""",""""]","RF-01-07-14-1","48","관련 RF 검수표 참조; 개별 원문행 인수 미완료"
"Me9_플랫폼_웹페이지_작업요청서_20260728.xlsx","Sheet1","15","["""",""12"",""RF-01-07-15-1"",""홈페이지"",""회원영역"",""사용가능한 shop채널 보기"",""Layer popup"",""보기를 클릭했을 때 표시되는 Shop 채널목록과 QR을 클릭했을 때 확대되는 QR 창 표시하는 페이지 요청"",""2026-07-28 00:00:00"",""요청중"","""",""""]","RF-01-07-15-1","50","관련 RF 검수표 참조; 개별 원문행 인수 미완료"
"Me9_플랫폼_웹페이지_작업요청서_20260728.xlsx","Sheet1","16","["""",""13"",""RF-01-07-16-1"",""홈페이지"",""회원영역"",""장바구니 목록에서 QR확대 보기"",""Layer popup"",""장바구니 목록에서 QR코드 부분을 클릭했을 때 확대되는 QR 창이 표시되는 페이지 요청"",""2026-07-28 00:00:00"",""요청중"","""",""""]","RF-01-07-16-1","53","관련 RF 검수표 참조; 개별 원문행 인수 미완료"
"Me9_플랫폼_웹페이지_작업요청서_20260728.xlsx","Sheet1","17","["""",""14"",""RF-02-04-02-1"",""채널관리자"",""Shop채널관리"",""공개여부가 비공개시 인원관리 페이지"",""Layer popup"",""Shop 채널을 비공개로 전환했을 때, 접속가능한 인원 관리페이지"",""2026-07-28 00:00:00"",""요청중"","""",""""]","RF-02-04-02-1","79","관련 RF 검수표 참조; 개별 원문행 인수 미완료"
"Me9_플랫폼_웹페이지_작업요청서_20260728.xlsx","Sheet1","18","["""",""15"",""RF-02-04-02-2"",""채널관리자"",""Shop채널관리"",""그룹 keyword 추가할 때의 화면 페이지"",""Web Page"",""그룹keyword 등록시 추가되는 keyword 가  보이는 페이지 요청"",""2026-07-28 00:00:00"",""요청중"","""",""""]","RF-02-04-02-2","80","관련 RF 검수표 참조; 개별 원문행 인수 미완료"
"Me9_플랫폼_웹페이지_작업요청서_20260728.xlsx","Sheet1","19","["""",""16"",""RF-02-04-02-3"",""채널관리자"",""Shop채널관리"",""사용기간 여부를 기간제로 했을 때 화면 페이지"",""Web Page"",""Shop채널 사용주기에서 사용기간 여부가 기간제일 경우 사용기간이 표시되는 페이지 요청"",""2026-07-28 00:00:00"",""요청중"","""",""""]","RF-02-04-02-3","82","관련 RF 검수표 참조; 개별 원문행 인수 미완료"
"Me9_플랫폼_웹페이지_작업요청서_20260728.xlsx","Sheet1","20","["""",""17"",""RF-02-04-02-5-2"",""채널관리자"",""Shop채널관리"",""구매현황 문자알림을 사용할 때 화면 페이지"",""Web Page"",""구매현황 문자알림에서 사용할 때 알림문자설정이 표시되는 페이지 요청"",""2026-07-28 00:00:00"",""요청중"","""",""""]","RF-02-04-02-5-2","85","관련 RF 검수표 참조; 개별 원문행 인수 미완료"
"Me9_플랫폼_웹페이지_작업요청서_20260728.xlsx","Sheet1","21","["""",""18"",""RF-02-04-02-6"",""채널관리자"",""Shop채널관리"",""OG 태그 사용여부가  사용할 때 화면 페이지"",""Web Page"",""사용시 표시되는 화면 요청"",""2026-07-28 00:00:00"",""요청중"","""",""""]","RF-02-04-02-6","86","관련 RF 검수표 참조; 개별 원문행 인수 미완료"
"Me9_플랫폼_웹페이지_작업요청서_20260728.xlsx","Sheet1","22","["""",""19"",""RF-02-04-02-6-1"",""채널관리자"",""Shop채널관리"",""Shop 채널 PG 정보를 사용할 때 화면 페이지"",""Web Page"",""사용시 표시되는 화면 요청"",""2026-07-28 00:00:00"",""요청중"","""",""""]","RF-02-04-02-6-1","87","관련 RF 검수표 참조; 개별 원문행 인수 미완료"
"Me9_플랫폼_웹페이지_작업요청서_20260728.xlsx","Sheet1","23","["""",""20"",""RF-02-04-02-7"",""채널관리자"",""Shop채널관리"",""Shop 채널 (모니터링) 관리자 정보를 사용할 때 화면 페이지"",""Web Page"",""사용시 표시되는 화면 요청"",""2026-07-28 00:00:00"",""요청중"","""",""""]","RF-02-04-02-7","88","관련 RF 검수표 참조; 개별 원문행 인수 미완료"
"Me9_플랫폼_웹페이지_작업요청서_20260728.xlsx","Sheet1","24","["""",""21"",""RF-02-04-05-3"",""채널관리자"",""Shop채널관리"",""Shop 채널의 상세페이지에서 판매상품 추가시 "",""Layer popup"",""Shop 채널의 상세페이지내에 판매상품 추가화면에서 추가하기 버튼을 클릭했을 때 표시되는 팝업창 \n\n이 팝업창은 부모창에서 판매상품 추가 버튼을 클릭했을 때 뜨는 상품표시 팝업창에 추가하는 두번째의 팝업창으로 팝업창에서 팝업창이 뜨는 퍼포먼스 구현이 된 페이지를 요청"",""2026-07-28 00:00:00"",""요청중"","""",""""]","RF-02-04-05-3","95","관련 RF 검수표 참조; 개별 원문행 인수 미완료"
"Me9_플랫폼_웹페이지_작업요청서_20260728.xlsx","Sheet1","25","["""",""22"",""RF-02-04-05-5"",""채널관리자"",""Shop채널관리"",""상품 확인용 popup 페이지"",""Layer popup"",""Shop 채널의 상세페이지에서 판매상품 추가를 클릭하면 상품목록창이 popup 되는 데, 해당 페이지의 두번째 탭메뉴를 클릭했을 때 보이는 상세보기를 클릭할 때 나오는 상품페이지"",""2026-07-28 00:00:00"",""요청중"","""",""""]","RF-02-04-05-5","97","관련 RF 검수표 참조; 개별 원문행 인수 미완료"
"Me9_플랫폼_웹페이지_작업요청서_20260728.xlsx","Sheet1","26","["""",""23"",""RF-02-04-05-6"",""채널관리자"",""Shop채널관리"",""상품 추가용 popup 페이지"",""Layer popup"",""공유상품을 등록할 때 화면패턴이 2개입니다. 위탁판매 화면을 요청합니다."",""2026-07-28 00:00:00"",""요청중"","""",""""]","RF-02-04-05-6","98","관련 RF 검수표 참조; 개별 원문행 인수 미완료"
"Me9_플랫폼_웹페이지_작업요청서_20260728.xlsx","Sheet1","27","["""",""24"",""RF-02-04-05-8"",""채널관리자"",""Shop채널관리"",""상품 판매 신청용 popup 페이지 "",""Layer popup"","""",""2026-07-28 00:00:00"",""요청중"","""",""""]","RF-02-04-05-8","100","관련 RF 검수표 참조; 개별 원문행 인수 미완료"
"Me9_플랫폼_웹페이지_작업요청서_20260728.xlsx","Sheet1","28","["""",""25"",""RF-02-05-02-1"",""채널관리자"",""상품관리"",""상품 대분류 선택시 표시되는 상품 유형별 필수 표시 사항 화면 페이지"",""Web Page"",""상품 대분류 선택 시 필수표시 등록표가 변경되는 화면요청"",""2026-07-28 00:00:00"",""요청중"","""",""""]","RF-02-05-02-1","117","관련 RF 검수표 참조; 개별 원문행 인수 미완료"
"Me9_플랫폼_웹페이지_작업요청서_20260728.xlsx","Sheet1","29","["""",""26"",""RF-02-05-02-2"",""채널관리자"",""상품관리"",""상품정보 등록타입별 변화되는 화면 페이지"",""Web Page"","""",""2026-07-28 00:00:00"",""요청중"","""",""""]","RF-02-05-02-2","118","관련 RF 검수표 참조; 개별 원문행 인수 미완료"
"Me9_플랫폼_웹페이지_작업요청서_20260728.xlsx","Sheet1","30","["""",""27"",""RF-02-05-02-4"",""채널관리자"",""상품관리"",""상품 옵션 사용에 따라 변화되는 화면 페이지"",""Web Page"",""옵션의 추가와 삭제에 따라 생성되고 사라지는 화면 퍼포먼스가 필요합니다"",""2026-07-28 00:00:00"",""요청중"","""",""""]","RF-02-05-02-4","120","관련 RF 검수표 참조; 개별 원문행 인수 미완료"
"Me9_플랫폼_웹페이지_작업요청서_20260728.xlsx","Sheet1","31","["""",""28"",""RF-02-05-02-5"",""채널관리자"",""상품관리"",""상품 제약 조건에 따라 변화되는 화면 페이지"",""Web Page"","""",""2026-07-28 00:00:00"",""요청중"","""",""""]","RF-02-05-02-5","121","관련 RF 검수표 참조; 개별 원문행 인수 미완료"
"Me9_플랫폼_웹페이지_작업요청서_20260728.xlsx","Sheet1","32","["""",""29"",""RF-02-06-01"",""채널관리자"",""공동구매"",""공동구매상품 목록 페이지"",""Web Page"","""",""2026-07-28 00:00:00"",""요청중"","""",""""]","RF-02-06-01","128","관련 RF 검수표 참조; 개별 원문행 인수 미완료"
"Me9_플랫폼_웹페이지_작업요청서_20260728.xlsx","Sheet1","33","["""",""30"",""RF-02-06-02"",""채널관리자"",""공동구매"",""공동구매상품 등록화면 페이지"",""Web Page"","""",""2026-07-28 00:00:00"",""요청중"","""",""""]","RF-02-06-02","130","관련 RF 검수표 참조; 개별 원문행 인수 미완료"
"Me9_플랫폼_웹페이지_작업요청서_20260728.xlsx","Sheet1","34","["""",""31"",""~ RF-02-06-03"",""채널관리자"",""공동구매"",""상품 대분류 선택시 표시되는 상품 유형별 필수 표시 사항 화면 페이지"",""Web Page"",""상품등록에서 요청한 내용처럼 공동구매 상품도 동일한 퍼포먼스가 적용된 화면이 필요합니다."",""2026-07-28 00:00:00"",""요청중"","""",""""]","RF-02-06-03","136","관련 RF 검수표 참조; 개별 원문행 인수 미완료"
"Me9_플랫폼_웹페이지_작업요청서_20260728.xlsx","Sheet1","35","["""",""32"",""RF-02-07-03-2"",""채널관리자"",""주문관리"",""주문 배송정보를 popup 으로 출력되는 화면 페이지"",""Layer popup"","""",""2026-07-28 00:00:00"",""요청중"","""",""""]","RF-02-07-03-2","144","관련 RF 검수표 참조; 개별 원문행 인수 미완료"
"Me9_플랫폼_웹페이지_작업요청서_20260728.xlsx","Sheet1","36","["""",""33"",""RF-02-07-03-3"",""채널관리자"",""주문관리"",""반품요청을 처리하는 popup 으로 출력되는 화면 페이지"",""Layer popup"",""반품요청을 처리 하기 위한 화면 폼으로 회수 방법을 선택 후에 폼이 변경하는 퍼포먼스가 적용된 화면이 필요합니다."",""2026-07-28 00:00:00"",""요청중"","""",""""]","RF-02-07-03-3","145","관련 RF 검수표 참조; 개별 원문행 인수 미완료"
"Me9_플랫폼_웹페이지_작업요청서_20260728.xlsx","Sheet1","37","["""",""34"",""RF-02-07-03-4"",""채널관리자"",""주문관리"",""교환요청을 처리하는 popup 으로 출력되는 화면 페이지"",""Layer popup"",""교환요청을 처리 하기 위한 화면 폼으로 회수 방법을 선택 후에 폼이 변경하는 퍼포먼스가 적용된 화면이 필요합니다."",""2026-07-28 00:00:00"",""요청중"","""",""""]","RF-02-07-03-4","146","관련 RF 검수표 참조; 개별 원문행 인수 미완료"
"Me9_플랫폼_웹페이지_작업요청서_20260728.xlsx","Sheet1","38","["""",""35"",""RF-02-07-03-5"",""채널관리자"",""주문관리"",""취소요청을 처리하는 popup 으로 출력되는 화면 페이지"",""Layer popup"","""",""2026-07-28 00:00:00"",""요청중"","""",""""]","RF-02-07-03-5","147","관련 RF 검수표 참조; 개별 원문행 인수 미완료"
"Me9_플랫폼_웹페이지_작업요청서_20260728.xlsx","Sheet1","39","["""",""36"",""RF-02-07-05-2"",""채널관리자"",""주문관리"",""반품보류를 처리하는 popup 으로 출력되는 화면 페이지"",""Layer popup"","""",""2026-07-28 00:00:00"",""요청중"","""",""""]","RF-02-07-05-2","152","관련 RF 검수표 참조; 개별 원문행 인수 미완료"
"Me9_플랫폼_웹페이지_작업요청서_20260728.xlsx","Sheet1","40","["""",""37"",""RF-02-07-05-3"",""채널관리자"",""주문관리"",""송장정보 변경을 처리하는 popup 으로 출력되는 화면 페이지"",""Layer popup"","""",""2026-07-28 00:00:00"",""요청중"","""",""""]","RF-02-07-05-3","153","관련 RF 검수표 참조; 개별 원문행 인수 미완료"
"Me9_플랫폼_웹페이지_작업요청서_20260728.xlsx","Sheet1","41","["""",""38"",""RF-02-07-06-2"",""채널관리자"",""주문관리"",""교환회수 전 보류 처리하는 popup 으로 출력되는 화면 페이지"",""Layer popup"","""",""2026-07-28 00:00:00"",""요청중"","""",""""]","RF-02-07-06-2","156","관련 RF 검수표 참조; 개별 원문행 인수 미완료"
"Me9_플랫폼_웹페이지_작업요청서_20260728.xlsx","Sheet1","42","["""",""39"",""RF-02-07-06-6"",""채널관리자"",""주문관리"",""교환회수 후 보류 처리하는 popup 으로 출력되는 화면 페이지"",""Layer popup"","""",""2026-07-28 00:00:00"",""요청중"","""",""""]","RF-02-07-06-6","160","관련 RF 검수표 참조; 개별 원문행 인수 미완료"
"Me9_플랫폼_웹페이지_작업요청서_20260728.xlsx","Sheet1","43","["""",""40"",""RF-02-07-06-8"",""채널관리자"",""주문관리"",""교환 옵션 변경을 처리하는 popup 으로 출력되는 화면 페이지"",""Layer popup"","""",""2026-07-28 00:00:00"",""요청중"","""",""""]","RF-02-07-06-8","162","관련 RF 검수표 참조; 개별 원문행 인수 미완료"
"Me9_플랫폼_웹페이지_작업요청서_20260728.xlsx","Sheet1","44","["""",""41"",""RF-02-07-06-9"",""채널관리자"",""주문관리"",""송장수정을 처리하는 popup 으로 출력되는 화면 페이지"",""Layer popup"","""",""2026-07-28 00:00:00"",""요청중"","""",""""]","RF-02-07-06-9","163","관련 RF 검수표 참조; 개별 원문행 인수 미완료"
"Me9_플랫폼_웹페이지_작업요청서_20260728.xlsx","Sheet1","45","["""",""42"",""RF-02-08-01"",""채널관리자"",""정산관리"",""정산월 선택 전 정산 기본화면 페이지"",""Web Page"","""",""2026-07-28 00:00:00"",""요청중"","""",""""]","RF-02-08-01","168","관련 RF 검수표 참조; 개별 원문행 인수 미완료"
"Me9_플랫폼_웹페이지_작업요청서_20260728.xlsx","Sheet1","46","["""",""43"",""RF-02-08-01-2"",""채널관리자"",""정산관리"",""정산월 선택 후 정산 기본화면 페이지"",""Web Page"","""",""2026-07-28 00:00:00"",""요청중"","""",""""]","RF-02-08-01-2","170","관련 RF 검수표 참조; 개별 원문행 인수 미완료"
"Me9_플랫폼_웹페이지_작업요청서_20260728.xlsx","Sheet1","47","["""",""44"",""RF-03-01-01\n~ RF-03-06-02"",""Shop 채널"",""전체"",""Shop채널 웹페이지 요청"",""Web Page"",""Shop채널 전체 웹페이지 요청"",""2026-07-28 00:00:00"",""요청중"","""",""""]","RF-03-01-01;RF-03-06-02","211;212;246","관련 RF 검수표 참조; 개별 원문행 인수 미완료"
"Me9_플랫폼_웹페이지_작업요청서_20260728.xlsx","Sheet1","48","["""",""45"",""RF-04-01-01\n~ RF-04-02-02-1"",""발주사"",""전체"",""발주사 웹페이지 요청"",""Web Page"",""발주사 전체 웹페이지 요청"",""2026-07-28 00:00:00"",""요청중"","""",""""]","RF-04-01-01;RF-04-02-02-1","249;255","관련 RF 검수표 참조; 개별 원문행 인수 미완료"
"Me9_작업진척률_260211.xlsx","표지","1","["""","""","""","""","""",""문서번호"",""CMS-01-0001"",""""]","","","자료/수식/목록 행: 개별 검증 미완료"
"Me9_작업진척률_260211.xlsx","표지","2","["""","""","""","""","""",""Version"",""0.0.1"",""""]","","","자료/수식/목록 행: 개별 검증 미완료"
"Me9_작업진척률_260211.xlsx","표지","3","["""","""","""","""","""",""개정일자"",""2026.02.01"",""""]","","","자료/수식/목록 행: 개별 검증 미완료"
"Me9_작업진척률_260211.xlsx","표지","4","["""","""","""","""","""",""작성자"",""최영길"",""""]","","","자료/수식/목록 행: 개별 검증 미완료"
"Me9_작업진척률_260211.xlsx","프로젝트 공정관리","1","["""",""   분양형 공동구매 쇼핑몰 사이트 개발 프로젝트 ( Work BreakDown Structure )"","""","""","""","""","""","""","""","""","""","""","""","""","""","""","""","""","""","""","""","""","""","""","""","""","""","""","""","""","""","""","""","""","""","""","""","""","""","""","""","""","""","""","""","""","""","""","""","""","""","""","""","""","""","""","""","""","""","""","""","""","""","""","""","""","""","""","""","""","""","""","""","""","""","""","""","""","""","""","""","""","""","""","""","""","""","""","""","""","""","""","""","""","""","""","""","""","""","""","""","""","""","""","""","""","""","""","""","""","""","""","""","""","""","""","""","""","""","""","""","""","""","""","""","""","""","""","""","""","""","""","""","""","""","""","""","""","""","""","""","""","""","""","""","""","""","""","""","""","""","""","""","""","""","""","""","""","""","""","""","""","""","""","""","""","""","""","""","""","""","""","""","""","""","""","""","""","""","""","""","""","""","""","""","""","""","""","""","""","""","""","""","""","""","""","""","""","""","""","""","""","""","""","""","""","""","""","""","""","""","""","""","""","""","""","""","""","""","""","""","""","""","""","""","""","""","""","""","""","""","""","""","""","""","""","""","""","""","""","""","""","""","""","""","""","""","""","""","""","""","""","""","""","""","""","""","""","""","""","""","""","""","""","""","""","""","""","""","""","""","""","""","""","""","""","""","""","""","""","""","""","""","""","""","""","""","""","""","""","""","""","""","""","""","""","""","""","""","""","""","""","""","""","""","""","""","""","""","""","""","""","""","""","""","""","""","""","""","""","""","""","""","""","""","""","""","""",""""]","","","자료/수식/목록 행: 개별 검증 미완료"
"Me9_작업진척률_260211.xlsx","프로젝트 공정관리","2","["""",""No"",""구분"","""","""",""상태"",""구현\n(%)"",""2월"","""","""","""","""","""","""","""","""","""","""","""","""","""","""","""","""","""","""","""","""","""","""","""","""","""","""","""",""3월"","""","""","""","""","""","""","""","""","""","""","""","""","""","""","""","""","""","""","""","""","""","""","""","""","""","""","""","""","""","""",""4월"","""","""","""","""","""","""","""","""","""","""","""","""","""","""","""","""","""","""","""","""","""","""","""","""","""","""","""","""","""",""5월"","""","""","""","""","""","""","""","""","""","""","""","""","""","""","""","""","""","""","""","""","""","""","""","""","""","""","""","""","""","""",""6월"","""","""","""","""","""","""","""","""","""","""","""","""","""","""","""","""","""","""","""","""","""","""","""","""","""","""","""","""","""",""7월"","""","""","""","""","""","""","""","""","""","""","""","""","""","""","""","""","""","""","""","""","""","""","""","""","""","""","""","""","""","""",""8월"","""","""","""","""","""","""","""","""","""","""","""","""","""","""","""","""","""","""","""","""","""","""","""","""","""","""","""","""","""","""",""9월"","""","""","""","""","""","""","""","""","""","""","""","""","""","""","""","""","""","""","""","""","""","""","""","""","""","""","""","""","""",""10월"","""","""","""","""","""","""","""","""","""","""","""","""","""","""","""","""","""","""","""","""","""","""","""","""","""","""","""","""","""","""","""","""","""","""","""","""","""","""","""","""","""","""","""","""","""","""","""","""","""","""","""","""","""","""","""","""","""","""","""","""","""","""","""","""","""","""","""","""","""","""","""","""","""","""","""","""","""","""",""""]","","","자료/수식/목록 행: 개별 검증 미완료"
"Me9_작업진척률_260211.xlsx","프로젝트 공정관리","3","["""","""",""분류"",""항목"",""세부내용"","""","""",""1"",""2"",""3"",""4"",""5"",""6"",""7"",""8"",""9"",""10"",""11"",""12"",""13"",""14"",""15"",""16"",""17"",""18"",""19"",""20"",""21"",""22"",""23"",""24"",""25"",""26"",""27"",""28"",""1"",""2"",""3"",""4"",""5"",""6"",""7"",""8"",""9"",""10"",""11"",""12"",""13"",""14"",""15"",""16"",""17"",""18"",""19"",""20"",""21"",""22"",""23"",""24"",""25"",""26"",""27"",""28"",""29"",""30"",""31"",""1"",""2"",""3"",""4"",""5"",""6"",""7"",""8"",""9"",""10"",""11"",""12"",""13"",""14"",""15"",""16"",""17"",""18"",""19"",""20"",""21"",""22"",""23"",""24"",""25"",""26"",""27"",""28"",""29"",""30"",""1"",""2"",""3"",""4"",""5"",""6"",""7"",""8"",""9"",""10"",""11"",""12"",""13"",""14"",""15"",""16"",""17"",""18"",""19"",""20"",""21"",""22"",""23"",""24"",""25"",""26"",""27"",""28"",""29"",""30"",""31"",""1"",""2"",""3"",""4"",""5"",""6"",""7"",""8"",""9"",""10"",""11"",""12"",""13"",""14"",""15"",""16"",""17"",""18"",""19"",""20"",""21"",""22"",""23"",""24"",""25"",""26"",""27"",""28"",""29"",""30"",""1"",""2"",""3"",""4"",""5"",""6"",""7"",""8"",""9"",""10"",""11"",""12"",""13"",""14"",""15"",""16"",""17"",""18"",""19"",""20"",""21"",""22"",""23"",""24"",""25"",""26"",""27"",""28"",""29"",""30"",""31"",""1"",""2"",""3"",""4"",""5"",""6"",""7"",""8"",""9"",""10"",""11"",""12"",""13"",""14"",""15"",""16"",""17"",""18"",""19"",""20"",""21"",""22"",""23"",""24"",""25"",""26"",""27"",""28"",""29"",""30"",""31"",""1"",""2"",""3"",""4"",""5"",""6"",""7"",""8"",""9"",""10"",""11"",""12"",""13"",""14"",""15"",""16"",""17"",""18"",""19"",""20"",""21"",""22"",""23"",""24"",""25"",""26"",""27"",""28"",""29"",""30"",""1"",""2"",""3"",""4"",""5"",""6"",""7"",""8"",""9"",""10"",""11"",""12"",""13"",""14"",""15"",""16"",""17"",""18"",""19"",""20"",""21"",""22"",""23"",""24"",""25"",""26"",""27"",""28"",""29"",""30"",""31"","""","""","""","""","""","""","""","""","""","""","""","""","""","""","""","""","""","""","""","""","""","""","""","""","""","""","""","""","""","""","""","""","""","""","""","""","""","""","""","""","""","""","""","""","""","""","""","""",""""]","","","자료/수식/목록 행: 개별 검증 미완료"
"Me9_작업진척률_260211.xlsx","프로젝트 공정관리","4","["""",""1"",""분석설계"",""개발환경구축"",""프레임웍(라라벨) SW구성 설치"",""=IF(G7 = 0%, \""대기\"", IF(G7 >= 100%, \""완료\"", \""진행중\""))"",""1"","""","""","""","""","""","""","""","""","""","""","""","""","""","""","""","""","""","""","""","""","""","""","""","""","""","""","""","""","""","""","""","""","""","""","""","""","""","""","""","""","""","""","""","""","""","""","""","""","""","""","""","""","""","""","""","""","""","""","""","""","""","""","""","""","""","""","""","""","""","""","""","""","""","""","""","""","""","""","""","""","""","""","""","""","""","""","""","""","""","""","""","""","""","""","""","""","""","""","""","""","""","""","""","""","""","""","""","""","""","""","""","""","""","""","""","""","""","""","""","""","""","""","""","""","""","""","""","""","""","""","""","""","""","""","""","""","""","""","""","""","""","""","""","""","""","""","""","""","""","""","""","""","""","""","""","""","""","""","""","""","""","""","""","""","""","""","""","""","""","""","""","""","""","""","""","""","""","""","""","""","""","""","""","""","""","""","""","""","""","""","""","""","""","""","""","""","""","""","""","""","""","""","""","""","""","""","""","""","""","""","""","""","""","""","""","""","""","""","""","""","""","""","""","""","""","""","""","""","""","""","""","""","""","""","""","""","""","""","""","""","""","""","""","""","""","""","""","""","""","""","""","""","""","""","""","""","""","""","""","""","""","""","""","""","""","""","""","""","""","""","""","""","""","""","""","""","""","""","""","""","""","""","""","""","""","""","""","""","""","""","""","""","""","""","""","""","""","""","""","""","""","""","""","""","""","""","""","""","""","""","""","""","""","""","""","""","""","""","""","""","""",""""]","","","자료/수식/목록 행: 개별 검증 미완료"
"Me9_작업진척률_260211.xlsx","프로젝트 공정관리","5","["""",""2"","""",""DB설계"",""DB설계, SQL검증"",""=IF(G8 = 0%, \""대기\"", IF(G8 >= 100%, \""완료\"", \""진행중\""))"",""0"","""","""","""","""","""","""","""","""","""","""","""","""","""","""","""","""","""","""","""","""","""","""","""","""","""","""","""","""","""","""","""","""","""","""","""","""","""","""","""","""","""","""","""","""","""","""","""","""","""","""","""","""","""","""","""","""","""","""","""","""","""","""","""","""","""","""","""","""","""","""","""","""","""","""","""","""","""","""","""","""","""","""","""","""","""","""","""","""","""","""","""","""","""","""","""","""","""","""","""","""","""","""","""","""","""","""","""","""","""","""","""","""","""","""","""","""","""","""","""","""","""","""","""","""","""","""","""","""","""","""","""","""","""","""","""","""","""","""","""","""","""","""","""","""","""","""","""","""","""","""","""","""","""","""","""","""","""","""","""","""","""","""","""","""","""","""","""","""","""","""","""","""","""","""","""","""","""","""","""","""","""","""","""","""","""","""","""","""","""","""","""","""","""","""","""","""","""","""","""","""","""","""","""","""","""","""","""","""","""","""","""","""","""","""","""","""","""","""","""","""","""","""","""","""","""","""","""","""","""","""","""","""","""","""","""","""","""","""","""","""","""","""","""","""","""","""","""","""","""","""","""","""","""","""","""","""","""","""","""","""","""","""","""","""","""","""","""","""","""","""","""","""","""","""","""","""","""","""","""","""","""","""","""","""","""","""","""","""","""","""","""","""","""","""","""","""","""","""","""","""","""","""","""","""","""","""","""","""","""","""","""","""","""","""","""","""","""","""","""","""","""",""""]","","","자료/수식/목록 행: 개별 검증 미완료"
"Me9_작업진척률_260211.xlsx","프로젝트 공정관리","6","["""",""3"",""화면설계"",""UI/UX"",""Wiseframe (StoryBoard)"",""=IF(G9 = 0%, \""대기\"", IF(G9 >= 100%, \""완료\"", \""진행중\""))"",""1"","""","""","""","""","""","""","""","""","""","""","""","""","""","""","""","""","""","""","""","""","""","""","""","""","""","""","""","""","""","""","""","""","""","""","""","""","""","""","""","""","""","""","""","""","""","""","""","""","""","""","""","""","""","""","""","""","""","""","""","""","""","""","""","""","""","""","""","""","""","""","""","""","""","""","""","""","""","""","""","""","""","""","""","""","""","""","""","""","""","""","""","""","""","""","""","""","""","""","""","""","""","""","""","""","""","""","""","""","""","""","""","""","""","""","""","""","""","""","""","""","""","""","""","""","""","""","""","""","""","""","""","""","""","""","""","""","""","""","""","""","""","""","""","""","""","""","""","""","""","""","""","""","""","""","""","""","""","""","""","""","""","""","""","""","""","""","""","""","""","""","""","""","""","""","""","""","""","""","""","""","""","""","""","""","""","""","""","""","""","""","""","""","""","""","""","""","""","""","""","""","""","""","""","""","""","""","""","""","""","""","""","""","""","""","""","""","""","""","""","""","""","""","""","""","""","""","""","""","""","""","""","""","""","""","""","""","""","""","""","""","""","""","""","""","""","""","""","""","""","""","""","""","""","""","""","""","""","""","""","""","""","""","""","""","""","""","""","""","""","""","""","""","""","""","""","""","""","""","""","""","""","""","""","""","""","""","""","""","""","""","""","""","""","""","""","""","""","""","""","""","""","""","""","""","""","""","""","""","""","""","""","""","""","""","""","""","""","""","""","""","""",""""]","","","자료/수식/목록 행: 개별 검증 미완료"
"Me9_작업진척률_260211.xlsx","프로젝트 공정관리","7","["""",""4"",""업무개발"",""구조설계"",""프로그램 구조 설계, 패턴 설계"",""=IF(G10 = 0%, \""대기\"", IF(G10 >= 100%, \""완료\"", \""진행중\""))"",""0.9"","""","""","""","""","""","""","""","""","""","""","""","""","""","""","""","""","""","""","""","""","""","""","""","""","""","""","""","""","""","""","""","""","""","""","""","""","""","""","""","""","""","""","""","""","""","""","""","""","""","""","""","""","""","""","""","""","""","""","""","""","""","""","""","""","""","""","""","""","""","""","""","""","""","""","""","""","""","""","""","""","""","""","""","""","""","""","""","""","""","""","""","""","""","""","""","""","""","""","""","""","""","""","""","""","""","""","""","""","""","""","""","""","""","""","""","""","""","""","""","""","""","""","""","""","""","""","""","""","""","""","""","""","""","""","""","""","""","""","""","""","""","""","""","""","""","""","""","""","""","""","""","""","""","""","""","""","""","""","""","""","""","""","""","""","""","""","""","""","""","""","""","""","""","""","""","""","""","""","""","""","""","""","""","""","""","""","""","""","""","""","""","""","""","""","""","""","""","""","""","""","""","""","""","""","""","""","""","""","""","""","""","""","""","""","""","""","""","""","""","""","""","""","""","""","""","""","""","""","""","""","""","""","""","""","""","""","""","""","""","""","""","""","""","""","""","""","""","""","""","""","""","""","""","""","""","""","""","""","""","""","""","""","""","""","""","""","""","""","""","""","""","""","""","""","""","""","""","""","""","""","""","""","""","""","""","""","""","""","""","""","""","""","""","""","""","""","""","""","""","""","""","""","""","""","""","""","""","""","""","""","""","""","""","""","""","""","""","""","""","""","""",""""]","","","자료/수식/목록 행: 개별 검증 미완료"
"Me9_작업진척률_260211.xlsx","프로젝트 공정관리","8","["""",""5"","""",""공통로직\n+ 총관리자로직"",""공통메뉴 비즈니스 로직 개발"",""=IF(G11 = 0%, \""대기\"", IF(G11 >= 100%, \""완료\"", \""진행중\""))"",""0"","""","""","""","""","""","""","""","""","""","""","""","""","""","""","""","""","""","""","""","""","""","""","""","""","""","""","""","""","""","""","""","""","""","""","""","""","""","""","""","""","""","""","""","""","""","""","""","""","""","""","""","""","""","""","""","""","""","""","""","""","""","""","""","""","""","""","""","""","""","""","""","""","""","""","""","""","""","""","""","""","""","""","""","""","""","""","""","""","""","""","""","""","""","""","""","""","""","""","""","""","""","""","""","""","""","""","""","""","""","""","""","""","""","""","""","""","""","""","""","""","""","""","""","""","""","""","""","""","""","""","""","""","""","""","""","""","""","""","""","""","""","""","""","""","""","""","""","""","""","""","""","""","""","""","""","""","""","""","""","""","""","""","""","""","""","""","""","""","""","""","""","""","""","""","""","""","""","""","""","""","""","""","""","""","""","""","""","""","""","""","""","""","""","""","""","""","""","""","""","""","""","""","""","""","""","""","""","""","""","""","""","""","""","""","""","""","""","""","""","""","""","""","""","""","""","""","""","""","""","""","""","""","""","""","""","""","""","""","""","""","""","""","""","""","""","""","""","""","""","""","""","""","""","""","""","""","""","""","""","""","""","""","""","""","""","""","""","""","""","""","""","""","""","""","""","""","""","""","""","""","""","""","""","""","""","""","""","""","""","""","""","""","""","""","""","""","""","""","""","""","""","""","""","""","""","""","""","""","""","""","""","""","""","""","""","""","""","""","""","""","""",""""]","","","자료/수식/목록 행: 개별 검증 미완료"
"Me9_작업진척률_260211.xlsx","프로젝트 공정관리","9","["""",""6"","""","""",""공통메뉴 화면로직 연동 개발"",""=IF(G12 = 0%, \""대기\"", IF(G12 >= 100%, \""완료\"", \""진행중\""))"",""0"","""","""","""","""","""","""","""","""","""","""","""","""","""","""","""","""","""","""","""","""","""","""","""","""","""","""","""","""","""","""","""","""","""","""","""","""","""","""","""","""","""","""","""","""","""","""","""","""","""","""","""","""","""","""","""","""","""","""","""","""","""","""","""","""","""","""","""","""","""","""","""","""","""","""","""","""","""","""","""","""","""","""","""","""","""","""","""","""","""","""","""","""","""","""","""","""","""","""","""","""","""","""","""","""","""","""","""","""","""","""","""","""","""","""","""","""","""","""","""","""","""","""","""","""","""","""","""","""","""","""","""","""","""","""","""","""","""","""","""","""","""","""","""","""","""","""","""","""","""","""","""","""","""","""","""","""","""","""","""","""","""","""","""","""","""","""","""","""","""","""","""","""","""","""","""","""","""","""","""","""","""","""","""","""","""","""","""","""","""","""","""","""","""","""","""","""","""","""","""","""","""","""","""","""","""","""","""","""","""","""","""","""","""","""","""","""","""","""","""","""","""","""","""","""","""","""","""","""","""","""","""","""","""","""","""","""","""","""","""","""","""","""","""","""","""","""","""","""","""","""","""","""","""","""","""","""","""","""","""","""","""","""","""","""","""","""","""","""","""","""","""","""","""","""","""","""","""","""","""","""","""","""","""","""","""","""","""","""","""","""","""","""","""","""","""","""","""","""","""","""","""","""","""","""","""","""","""","""","""","""","""","""","""","""","""","""","""","""","""","""","""",""""]","","","자료/수식/목록 행: 개별 검증 미완료"
"Me9_작업진척률_260211.xlsx","프로젝트 공정관리","10","["""",""7"","""","""",""홈페이지 메인 비즈니스 로직 개발"",""=IF(G13 = 0%, \""대기\"", IF(G13 >= 100%, \""완료\"", \""진행중\""))"",""0"","""","""","""","""","""","""","""","""","""","""","""","""","""","""","""","""","""","""","""","""","""","""","""","""","""","""","""","""","""","""","""","""","""","""","""","""","""","""","""","""","""","""","""","""","""","""","""","""","""","""","""","""","""","""","""","""","""","""","""","""","""","""","""","""","""","""","""","""","""","""","""","""","""","""","""","""","""","""","""","""","""","""","""","""","""","""","""","""","""","""","""","""","""","""","""","""","""","""","""","""","""","""","""","""","""","""","""","""","""","""","""","""","""","""","""","""","""","""","""","""","""","""","""","""","""","""","""","""","""","""","""","""","""","""","""","""","""","""","""","""","""","""","""","""","""","""","""","""","""","""","""","""","""","""","""","""","""","""","""","""","""","""","""","""","""","""","""","""","""","""","""","""","""","""","""","""","""","""","""","""","""","""","""","""","""","""","""","""","""","""","""","""","""","""","""","""","""","""","""","""","""","""","""","""","""","""","""","""","""","""","""","""","""","""","""","""","""","""","""","""","""","""","""","""","""","""","""","""","""","""","""","""","""","""","""","""","""","""","""","""","""","""","""","""","""","""","""","""","""","""","""","""","""","""","""","""","""","""","""","""","""","""","""","""","""","""","""","""","""","""","""","""","""","""","""","""","""","""","""","""","""","""","""","""","""","""","""","""","""","""","""","""","""","""","""","""","""","""","""","""","""","""","""","""","""","""","""","""","""","""","""","""","""","""","""","""","""","""","""","""","""",""""]","","","자료/수식/목록 행: 개별 검증 미완료"
"Me9_작업진척률_260211.xlsx","프로젝트 공정관리","11","["""",""8"","""","""",""홈페이지 메인 화면로직 연동 개발"",""=IF(G14 = 0%, \""대기\"", IF(G14 >= 100%, \""완료\"", \""진행중\""))"",""0"","""","""","""","""","""","""","""","""","""","""","""","""","""","""","""","""","""","""","""","""","""","""","""","""","""","""","""","""","""","""","""","""","""","""","""","""","""","""","""","""","""","""","""","""","""","""","""","""","""","""","""","""","""","""","""","""","""","""","""","""","""","""","""","""","""","""","""","""","""","""","""","""","""","""","""","""","""","""","""","""","""","""","""","""","""","""","""","""","""","""","""","""","""","""","""","""","""","""","""","""","""","""","""","""","""","""","""","""","""","""","""","""","""","""","""","""","""","""","""","""","""","""","""","""","""","""","""","""","""","""","""","""","""","""","""","""","""","""","""","""","""","""","""","""","""","""","""","""","""","""","""","""","""","""","""","""","""","""","""","""","""","""","""","""","""","""","""","""","""","""","""","""","""","""","""","""","""","""","""","""","""","""","""","""","""","""","""","""","""","""","""","""","""","""","""","""","""","""","""","""","""","""","""","""","""","""","""","""","""","""","""","""","""","""","""","""","""","""","""","""","""","""","""","""","""","""","""","""","""","""","""","""","""","""","""","""","""","""","""","""","""","""","""","""","""","""","""","""","""","""","""","""","""","""","""","""","""","""","""","""","""","""","""","""","""","""","""","""","""","""","""","""","""","""","""","""","""","""","""","""","""","""","""","""","""","""","""","""","""","""","""","""","""","""","""","""","""","""","""","""","""","""","""","""","""","""","""","""","""","""","""","""","""","""","""","""","""","""","""","""","""",""""]","","","자료/수식/목록 행: 개별 검증 미완료"
"Me9_작업진척률_260211.xlsx","프로젝트 공정관리","12","["""",""9"","""","""",""홈페이지 서브 비즈니스 로직 개발"",""=IF(G15 = 0%, \""대기\"", IF(G15 >= 100%, \""완료\"", \""진행중\""))"",""0"","""","""","""","""","""","""","""","""","""","""","""","""","""","""","""","""","""","""","""","""","""","""","""","""","""","""","""","""","""","""","""","""","""","""","""","""","""","""","""","""","""","""","""","""","""","""","""","""","""","""","""","""","""","""","""","""","""","""","""","""","""","""","""","""","""","""","""","""","""","""","""","""","""","""","""","""","""","""","""","""","""","""","""","""","""","""","""","""","""","""","""","""","""","""","""","""","""","""","""","""","""","""","""","""","""","""","""","""","""","""","""","""","""","""","""","""","""","""","""","""","""","""","""","""","""","""","""","""","""","""","""","""","""","""","""","""","""","""","""","""","""","""","""","""","""","""","""","""","""","""","""","""","""","""","""","""","""","""","""","""","""","""","""","""","""","""","""","""","""","""","""","""","""","""","""","""","""","""","""","""","""","""","""","""","""","""","""","""","""","""","""","""","""","""","""","""","""","""","""","""","""","""","""","""","""","""","""","""","""","""","""","""","""","""","""","""","""","""","""","""","""","""","""","""","""","""","""","""","""","""","""","""","""","""","""","""","""","""","""","""","""","""","""","""","""","""","""","""","""","""","""","""","""","""","""","""","""","""","""","""","""","""","""","""","""","""","""","""","""","""","""","""","""","""","""","""","""","""","""","""","""","""","""","""","""","""","""","""","""","""","""","""","""","""","""","""","""","""","""","""","""","""","""","""","""","""","""","""","""","""","""","""","""","""","""","""","""","""","""","""","""",""""]","","","자료/수식/목록 행: 개별 검증 미완료"
"Me9_작업진척률_260211.xlsx","프로젝트 공정관리","13","["""",""10"","""","""",""홈페이지 서브 화면로직 연동 개발"",""=IF(G16 = 0%, \""대기\"", IF(G16 >= 100%, \""완료\"", \""진행중\""))"",""0"","""","""","""","""","""","""","""","""","""","""","""","""","""","""","""","""","""","""","""","""","""","""","""","""","""","""","""","""","""","""","""","""","""","""","""","""","""","""","""","""","""","""","""","""","""","""","""","""","""","""","""","""","""","""","""","""","""","""","""","""","""","""","""","""","""","""","""","""","""","""","""","""","""","""","""","""","""","""","""","""","""","""","""","""","""","""","""","""","""","""","""","""","""","""","""","""","""","""","""","""","""","""","""","""","""","""","""","""","""","""","""","""","""","""","""","""","""","""","""","""","""","""","""","""","""","""","""","""","""","""","""","""","""","""","""","""","""","""","""","""","""","""","""","""","""","""","""","""","""","""","""","""","""","""","""","""","""","""","""","""","""","""","""","""","""","""","""","""","""","""","""","""","""","""","""","""","""","""","""","""","""","""","""","""","""","""","""","""","""","""","""","""","""","""","""","""","""","""","""","""","""","""","""","""","""","""","""","""","""","""","""","""","""","""","""","""","""","""","""","""","""","""","""","""","""","""","""","""","""","""","""","""","""","""","""","""","""","""","""","""","""","""","""","""","""","""","""","""","""","""","""","""","""","""","""","""","""","""","""","""","""","""","""","""","""","""","""","""","""","""","""","""","""","""","""","""","""","""","""","""","""","""","""","""","""","""","""","""","""","""","""","""","""","""","""","""","""","""","""","""","""","""","""","""","""","""","""","""","""","""","""","""","""","""","""","""","""","""","""","""","""",""""]","","","자료/수식/목록 행: 개별 검증 미완료"
"Me9_작업진척률_260211.xlsx","프로젝트 공정관리","14","["""",""11"","""","""",""채널관리자 공통영역 비즈니스 로직 개발"",""=IF(G17 = 0%, \""대기\"", IF(G17 >= 100%, \""완료\"", \""진행중\""))"",""0"","""","""","""","""","""","""","""","""","""","""","""","""","""","""","""","""","""","""","""","""","""","""","""","""","""","""","""","""","""","""","""","""","""","""","""","""","""","""","""","""","""","""","""","""","""","""","""","""","""","""","""","""","""","""","""","""","""","""","""","""","""","""","""","""","""","""","""","""","""","""","""","""","""","""","""","""","""","""","""","""","""","""","""","""","""","""","""","""","""","""","""","""","""","""","""","""","""","""","""","""","""","""","""","""","""","""","""","""","""","""","""","""","""","""","""","""","""","""","""","""","""","""","""","""","""","""","""","""","""","""","""","""","""","""","""","""","""","""","""","""","""","""","""","""","""","""","""","""","""","""","""","""","""","""","""","""","""","""","""","""","""","""","""","""","""","""","""","""","""","""","""","""","""","""","""","""","""","""","""","""","""","""","""","""","""","""","""","""","""","""","""","""","""","""","""","""","""","""","""","""","""","""","""","""","""","""","""","""","""","""","""","""","""","""","""","""","""","""","""","""","""","""","""","""","""","""","""","""","""","""","""","""","""","""","""","""","""","""","""","""","""","""","""","""","""","""","""","""","""","""","""","""","""","""","""","""","""","""","""","""","""","""","""","""","""","""","""","""","""","""","""","""","""","""","""","""","""","""","""","""","""","""","""","""","""","""","""","""","""","""","""","""","""","""","""","""","""","""","""","""","""","""","""","""","""","""","""","""","""","""","""","""","""","""","""","""","""","""","""","""","""",""""]","","","자료/수식/목록 행: 개별 검증 미완료"
"Me9_작업진척률_260211.xlsx","프로젝트 공정관리","15","["""",""12"","""","""",""채널관리자 공통영역 화면로직 연동 개발"",""=IF(G18 = 0%, \""대기\"", IF(G18 >= 100%, \""완료\"", \""진행중\""))"",""0"","""","""","""","""","""","""","""","""","""","""","""","""","""","""","""","""","""","""","""","""","""","""","""","""","""","""","""","""","""","""","""","""","""","""","""","""","""","""","""","""","""","""","""","""","""","""","""","""","""","""","""","""","""","""","""","""","""","""","""","""","""","""","""","""","""","""","""","""","""","""","""","""","""","""","""","""","""","""","""","""","""","""","""","""","""","""","""","""","""","""","""","""","""","""","""","""","""","""","""","""","""","""","""","""","""","""","""","""","""","""","""","""","""","""","""","""","""","""","""","""","""","""","""","""","""","""","""","""","""","""","""","""","""","""","""","""","""","""","""","""","""","""","""","""","""","""","""","""","""","""","""","""","""","""","""","""","""","""","""","""","""","""","""","""","""","""","""","""","""","""","""","""","""","""","""","""","""","""","""","""","""","""","""","""","""","""","""","""","""","""","""","""","""","""","""","""","""","""","""","""","""","""","""","""","""","""","""","""","""","""","""","""","""","""","""","""","""","""","""","""","""","""","""","""","""","""","""","""","""","""","""","""","""","""","""","""","""","""","""","""","""","""","""","""","""","""","""","""","""","""","""","""","""","""","""","""","""","""","""","""","""","""","""","""","""","""","""","""","""","""","""","""","""","""","""","""","""","""","""","""","""","""","""","""","""","""","""","""","""","""","""","""","""","""","""","""","""","""","""","""","""","""","""","""","""","""","""","""","""","""","""","""","""","""","""","""","""","""","""","""","""",""""]","","","자료/수식/목록 행: 개별 검증 미완료"
"Me9_작업진척률_260211.xlsx","프로젝트 공정관리","16","["""",""13"","""","""",""Shop 공통영역 비즈니스 로직 개발"",""=IF(G19 = 0%, \""대기\"", IF(G19 >= 100%, \""완료\"", \""진행중\""))"",""0"","""","""","""","""","""","""","""","""","""","""","""","""","""","""","""","""","""","""","""","""","""","""","""","""","""","""","""","""","""","""","""","""","""","""","""","""","""","""","""","""","""","""","""","""","""","""","""","""","""","""","""","""","""","""","""","""","""","""","""","""","""","""","""","""","""","""","""","""","""","""","""","""","""","""","""","""","""","""","""","""","""","""","""","""","""","""","""","""","""","""","""","""","""","""","""","""","""","""","""","""","""","""","""","""","""","""","""","""","""","""","""","""","""","""","""","""","""","""","""","""","""","""","""","""","""","""","""","""","""","""","""","""","""","""","""","""","""","""","""","""","""","""","""","""","""","""","""","""","""","""","""","""","""","""","""","""","""","""","""","""","""","""","""","""","""","""","""","""","""","""","""","""","""","""","""","""","""","""","""","""","""","""","""","""","""","""","""","""","""","""","""","""","""","""","""","""","""","""","""","""","""","""","""","""","""","""","""","""","""","""","""","""","""","""","""","""","""","""","""","""","""","""","""","""","""","""","""","""","""","""","""","""","""","""","""","""","""","""","""","""","""","""","""","""","""","""","""","""","""","""","""","""","""","""","""","""","""","""","""","""","""","""","""","""","""","""","""","""","""","""","""","""","""","""","""","""","""","""","""","""","""","""","""","""","""","""","""","""","""","""","""","""","""","""","""","""","""","""","""","""","""","""","""","""","""","""","""","""","""","""","""","""","""","""","""","""","""","""","""","""","""",""""]","","","자료/수식/목록 행: 개별 검증 미완료"
"Me9_작업진척률_260211.xlsx","프로젝트 공정관리","17","["""",""14"","""","""",""Shop 공통영역 화면로직 연동 개발"",""=IF(G20 = 0%, \""대기\"", IF(G20 >= 100%, \""완료\"", \""진행중\""))"",""0"","""","""","""","""","""","""","""","""","""","""","""","""","""","""","""","""","""","""","""","""","""","""","""","""","""","""","""","""","""","""","""","""","""","""","""","""","""","""","""","""","""","""","""","""","""","""","""","""","""","""","""","""","""","""","""","""","""","""","""","""","""","""","""","""","""","""","""","""","""","""","""","""","""","""","""","""","""","""","""","""","""","""","""","""","""","""","""","""","""","""","""","""","""","""","""","""","""","""","""","""","""","""","""","""","""","""","""","""","""","""","""","""","""","""","""","""","""","""","""","""","""","""","""","""","""","""","""","""","""","""","""","""","""","""","""","""","""","""","""","""","""","""","""","""","""","""","""","""","""","""","""","""","""","""","""","""","""","""","""","""","""","""","""","""","""","""","""","""","""","""","""","""","""","""","""","""","""","""","""","""","""","""","""","""","""","""","""","""","""","""","""","""","""","""","""","""","""","""","""","""","""","""","""","""","""","""","""","""","""","""","""","""","""","""","""","""","""","""","""","""","""","""","""","""","""","""","""","""","""","""","""","""","""","""","""","""","""","""","""","""","""","""","""","""","""","""","""","""","""","""","""","""","""","""","""","""","""","""","""","""","""","""","""","""","""","""","""","""","""","""","""","""","""","""","""","""","""","""","""","""","""","""","""","""","""","""","""","""","""","""","""","""","""","""","""","""","""","""","""","""","""","""","""","""","""","""","""","""","""","""","""","""","""","""","""","""","""","""","""","""","""",""""]","","","자료/수식/목록 행: 개별 검증 미완료"
"Me9_작업진척률_260211.xlsx","프로젝트 공정관리","18","["""",""15"","""","""",""총관리자 공통영역 비즈니스 로직 개발"",""=IF(G21 = 0%, \""대기\"", IF(G21 >= 100%, \""완료\"", \""진행중\""))"",""0"","""","""","""","""","""","""","""","""","""","""","""","""","""","""","""","""","""","""","""","""","""","""","""","""","""","""","""","""","""","""","""","""","""","""","""","""","""","""","""","""","""","""","""","""","""","""","""","""","""","""","""","""","""","""","""","""","""","""","""","""","""","""","""","""","""","""","""","""","""","""","""","""","""","""","""","""","""","""","""","""","""","""","""","""","""","""","""","""","""","""","""","""","""","""","""","""","""","""","""","""","""","""","""","""","""","""","""","""","""","""","""","""","""","""","""","""","""","""","""","""","""","""","""","""","""","""","""","""","""","""","""","""","""","""","""","""","""","""","""","""","""","""","""","""","""","""","""","""","""","""","""","""","""","""","""","""","""","""","""","""","""","""","""","""","""","""","""","""","""","""","""","""","""","""","""","""","""","""","""","""","""","""","""","""","""","""","""","""","""","""","""","""","""","""","""","""","""","""","""","""","""","""","""","""","""","""","""","""","""","""","""","""","""","""","""","""","""","""","""","""","""","""","""","""","""","""","""","""","""","""","""","""","""","""","""","""","""","""","""","""","""","""","""","""","""","""","""","""","""","""","""","""","""","""","""","""","""","""","""","""","""","""","""","""","""","""","""","""","""","""","""","""","""","""","""","""","""","""","""","""","""","""","""","""","""","""","""","""","""","""","""","""","""","""","""","""","""","""","""","""","""","""","""","""","""","""","""","""","""","""","""","""","""","""","""","""","""","""","""","""","""",""""]","","","자료/수식/목록 행: 개별 검증 미완료"
"Me9_작업진척률_260211.xlsx","프로젝트 공정관리","19","["""",""16"","""","""",""총관리자 공통영역 화면로직 연동 개발"",""=IF(G22 = 0%, \""대기\"", IF(G22 >= 100%, \""완료\"", \""진행중\""))"",""0"","""","""","""","""","""","""","""","""","""","""","""","""","""","""","""","""","""","""","""","""","""","""","""","""","""","""","""","""","""","""","""","""","""","""","""","""","""","""","""","""","""","""","""","""","""","""","""","""","""","""","""","""","""","""","""","""","""","""","""","""","""","""","""","""","""","""","""","""","""","""","""","""","""","""","""","""","""","""","""","""","""","""","""","""","""","""","""","""","""","""","""","""","""","""","""","""","""","""","""","""","""","""","""","""","""","""","""","""","""","""","""","""","""","""","""","""","""","""","""","""","""","""","""","""","""","""","""","""","""","""","""","""","""","""","""","""","""","""","""","""","""","""","""","""","""","""","""","""","""","""","""","""","""","""","""","""","""","""","""","""","""","""","""","""","""","""","""","""","""","""","""","""","""","""","""","""","""","""","""","""","""","""","""","""","""","""","""","""","""","""","""","""","""","""","""","""","""","""","""","""","""","""","""","""","""","""","""","""","""","""","""","""","""","""","""","""","""","""","""","""","""","""","""","""","""","""","""","""","""","""","""","""","""","""","""","""","""","""","""","""","""","""","""","""","""","""","""","""","""","""","""","""","""","""","""","""","""","""","""","""","""","""","""","""","""","""","""","""","""","""","""","""","""","""","""","""","""","""","""","""","""","""","""","""","""","""","""","""","""","""","""","""","""","""","""","""","""","""","""","""","""","""","""","""","""","""","""","""","""","""","""","""","""","""","""","""","""","""","""","""","""",""""]","","","자료/수식/목록 행: 개별 검증 미완료"
"Me9_작업진척률_260211.xlsx","프로젝트 공정관리","20","["""",""17"","""",""회원영역\n+ 총관리자로직"",""회원 비즈니스 로직 개발"",""=IF(G23 = 0%, \""대기\"", IF(G23 >= 100%, \""완료\"", \""진행중\""))"",""0"","""","""","""","""","""","""","""","""","""","""","""","""","""","""","""","""","""","""","""","""","""","""","""","""","""","""","""","""","""","""","""","""","""","""","""","""","""","""","""","""","""","""","""","""","""","""","""","""","""","""","""","""","""","""","""","""","""","""","""","""","""","""","""","""","""","""","""","""","""","""","""","""","""","""","""","""","""","""","""","""","""","""","""","""","""","""","""","""","""","""","""","""","""","""","""","""","""","""","""","""","""","""","""","""","""","""","""","""","""","""","""","""","""","""","""","""","""","""","""","""","""","""","""","""","""","""","""","""","""","""","""","""","""","""","""","""","""","""","""","""","""","""","""","""","""","""","""","""","""","""","""","""","""","""","""","""","""","""","""","""","""","""","""","""","""","""","""","""","""","""","""","""","""","""","""","""","""","""","""","""","""","""","""","""","""","""","""","""","""","""","""","""","""","""","""","""","""","""","""","""","""","""","""","""","""","""","""","""","""","""","""","""","""","""","""","""","""","""","""","""","""","""","""","""","""","""","""","""","""","""","""","""","""","""","""","""","""","""","""","""","""","""","""","""","""","""","""","""","""","""","""","""","""","""","""","""","""","""","""","""","""","""","""","""","""","""","""","""","""","""","""","""","""","""","""","""","""","""","""","""","""","""","""","""","""","""","""","""","""","""","""","""","""","""","""","""","""","""","""","""","""","""","""","""","""","""","""","""","""","""","""","""","""","""","""","""","""","""","""","""","""",""""]","","","자료/수식/목록 행: 개별 검증 미완료"
"Me9_작업진척률_260211.xlsx","프로젝트 공정관리","21","["""",""18"","""","""",""회원 화면로직 연동 개발"",""=IF(G24 = 0%, \""대기\"", IF(G24 >= 100%, \""완료\"", \""진행중\""))"",""0"","""","""","""","""","""","""","""","""","""","""","""","""","""","""","""","""","""","""","""","""","""","""","""","""","""","""","""","""","""","""","""","""","""","""","""","""","""","""","""","""","""","""","""","""","""","""","""","""","""","""","""","""","""","""","""","""","""","""","""","""","""","""","""","""","""","""","""","""","""","""","""","""","""","""","""","""","""","""","""","""","""","""","""","""","""","""","""","""","""","""","""","""","""","""","""","""","""","""","""","""","""","""","""","""","""","""","""","""","""","""","""","""","""","""","""","""","""","""","""","""","""","""","""","""","""","""","""","""","""","""","""","""","""","""","""","""","""","""","""","""","""","""","""","""","""","""","""","""","""","""","""","""","""","""","""","""","""","""","""","""","""","""","""","""","""","""","""","""","""","""","""","""","""","""","""","""","""","""","""","""","""","""","""","""","""","""","""","""","""","""","""","""","""","""","""","""","""","""","""","""","""","""","""","""","""","""","""","""","""","""","""","""","""","""","""","""","""","""","""","""","""","""","""","""","""","""","""","""","""","""","""","""","""","""","""","""","""","""","""","""","""","""","""","""","""","""","""","""","""","""","""","""","""","""","""","""","""","""","""","""","""","""","""","""","""","""","""","""","""","""","""","""","""","""","""","""","""","""","""","""","""","""","""","""","""","""","""","""","""","""","""","""","""","""","""","""","""","""","""","""","""","""","""","""","""","""","""","""","""","""","""","""","""","""","""","""","""","""","""","""","""",""""]","","","자료/수식/목록 행: 개별 검증 미완료"
"Me9_작업진척률_260211.xlsx","프로젝트 공정관리","22","["""",""19"","""",""판매자영역\n+ 총관리자로직"",""판매자 비즈니스 로직 개발"",""=IF(G25 = 0%, \""대기\"", IF(G25 >= 100%, \""완료\"", \""진행중\""))"",""0"","""","""","""","""","""","""","""","""","""","""","""","""","""","""","""","""","""","""","""","""","""","""","""","""","""","""","""","""","""","""","""","""","""","""","""","""","""","""","""","""","""","""","""","""","""","""","""","""","""","""","""","""","""","""","""","""","""","""","""","""","""","""","""","""","""","""","""","""","""","""","""","""","""","""","""","""","""","""","""","""","""","""","""","""","""","""","""","""","""","""","""","""","""","""","""","""","""","""","""","""","""","""","""","""","""","""","""","""","""","""","""","""","""","""","""","""","""","""","""","""","""","""","""","""","""","""","""","""","""","""","""","""","""","""","""","""","""","""","""","""","""","""","""","""","""","""","""","""","""","""","""","""","""","""","""","""","""","""","""","""","""","""","""","""","""","""","""","""","""","""","""","""","""","""","""","""","""","""","""","""","""","""","""","""","""","""","""","""","""","""","""","""","""","""","""","""","""","""","""","""","""","""","""","""","""","""","""","""","""","""","""","""","""","""","""","""","""","""","""","""","""","""","""","""","""","""","""","""","""","""","""","""","""","""","""","""","""","""","""","""","""","""","""","""","""","""","""","""","""","""","""","""","""","""","""","""","""","""","""","""","""","""","""","""","""","""","""","""","""","""","""","""","""","""","""","""","""","""","""","""","""","""","""","""","""","""","""","""","""","""","""","""","""","""","""","""","""","""","""","""","""","""","""","""","""","""","""","""","""","""","""","""","""","""","""","""","""","""","""","""","""",""""]","","","자료/수식/목록 행: 개별 검증 미완료"
"Me9_작업진척률_260211.xlsx","프로젝트 공정관리","23","["""",""20"","""","""",""판매자 화면로직 연동 개발"",""=IF(G26 = 0%, \""대기\"", IF(G26 >= 100%, \""완료\"", \""진행중\""))"",""0"","""","""","""","""","""","""","""","""","""","""","""","""","""","""","""","""","""","""","""","""","""","""","""","""","""","""","""","""","""","""","""","""","""","""","""","""","""","""","""","""","""","""","""","""","""","""","""","""","""","""","""","""","""","""","""","""","""","""","""","""","""","""","""","""","""","""","""","""","""","""","""","""","""","""","""","""","""","""","""","""","""","""","""","""","""","""","""","""","""","""","""","""","""","""","""","""","""","""","""","""","""","""","""","""","""","""","""","""","""","""","""","""","""","""","""","""","""","""","""","""","""","""","""","""","""","""","""","""","""","""","""","""","""","""","""","""","""","""","""","""","""","""","""","""","""","""","""","""","""","""","""","""","""","""","""","""","""","""","""","""","""","""","""","""","""","""","""","""","""","""","""","""","""","""","""","""","""","""","""","""","""","""","""","""","""","""","""","""","""","""","""","""","""","""","""","""","""","""","""","""","""","""","""","""","""","""","""","""","""","""","""","""","""","""","""","""","""","""","""","""","""","""","""","""","""","""","""","""","""","""","""","""","""","""","""","""","""","""","""","""","""","""","""","""","""","""","""","""","""","""","""","""","""","""","""","""","""","""","""","""","""","""","""","""","""","""","""","""","""","""","""","""","""","""","""","""","""","""","""","""","""","""","""","""","""","""","""","""","""","""","""","""","""","""","""","""","""","""","""","""","""","""","""","""","""","""","""","""","""","""","""","""","""","""","""","""","""","""","""","""","""",""""]","","","자료/수식/목록 행: 개별 검증 미완료"
"Me9_작업진척률_260211.xlsx","프로젝트 공정관리","24","["""",""21"","""",""마이페이지영역\n+ 총관리자로직"",""마이페이지 비즈니스 로직 개발"",""=IF(G27 = 0%, \""대기\"", IF(G27 >= 100%, \""완료\"", \""진행중\""))"",""0"","""","""","""","""","""","""","""","""","""","""","""","""","""","""","""","""","""","""","""","""","""","""","""","""","""","""","""","""","""","""","""","""","""","""","""","""","""","""","""","""","""","""","""","""","""","""","""","""","""","""","""","""","""","""","""","""","""","""","""","""","""","""","""","""","""","""","""","""","""","""","""","""","""","""","""","""","""","""","""","""","""","""","""","""","""","""","""","""","""","""","""","""","""","""","""","""","""","""","""","""","""","""","""","""","""","""","""","""","""","""","""","""","""","""","""","""","""","""","""","""","""","""","""","""","""","""","""","""","""","""","""","""","""","""","""","""","""","""","""","""","""","""","""","""","""","""","""","""","""","""","""","""","""","""","""","""","""","""","""","""","""","""","""","""","""","""","""","""","""","""","""","""","""","""","""","""","""","""","""","""","""","""","""","""","""","""","""","""","""","""","""","""","""","""","""","""","""","""","""","""","""","""","""","""","""","""","""","""","""","""","""","""","""","""","""","""","""","""","""","""","""","""","""","""","""","""","""","""","""","""","""","""","""","""","""","""","""","""","""","""","""","""","""","""","""","""","""","""","""","""","""","""","""","""","""","""","""","""","""","""","""","""","""","""","""","""","""","""","""","""","""","""","""","""","""","""","""","""","""","""","""","""","""","""","""","""","""","""","""","""","""","""","""","""","""","""","""","""","""","""","""","""","""","""","""","""","""","""","""","""","""","""","""","""","""","""","""","""","""","""","""",""""]","","","자료/수식/목록 행: 개별 검증 미완료"
"Me9_작업진척률_260211.xlsx","프로젝트 공정관리","25","["""",""22"","""","""",""마이페이지 화면로직 연동 개발"",""=IF(G28 = 0%, \""대기\"", IF(G28 >= 100%, \""완료\"", \""진행중\""))"",""0"","""","""","""","""","""","""","""","""","""","""","""","""","""","""","""","""","""","""","""","""","""","""","""","""","""","""","""","""","""","""","""","""","""","""","""","""","""","""","""","""","""","""","""","""","""","""","""","""","""","""","""","""","""","""","""","""","""","""","""","""","""","""","""","""","""","""","""","""","""","""","""","""","""","""","""","""","""","""","""","""","""","""","""","""","""","""","""","""","""","""","""","""","""","""","""","""","""","""","""","""","""","""","""","""","""","""","""","""","""","""","""","""","""","""","""","""","""","""","""","""","""","""","""","""","""","""","""","""","""","""","""","""","""","""","""","""","""","""","""","""","""","""","""","""","""","""","""","""","""","""","""","""","""","""","""","""","""","""","""","""","""","""","""","""","""","""","""","""","""","""","""","""","""","""","""","""","""","""","""","""","""","""","""","""","""","""","""","""","""","""","""","""","""","""","""","""","""","""","""","""","""","""","""","""","""","""","""","""","""","""","""","""","""","""","""","""","""","""","""","""","""","""","""","""","""","""","""","""","""","""","""","""","""","""","""","""","""","""","""","""","""","""","""","""","""","""","""","""","""","""","""","""","""","""","""","""","""","""","""","""","""","""","""","""","""","""","""","""","""","""","""","""","""","""","""","""","""","""","""","""","""","""","""","""","""","""","""","""","""","""","""","""","""","""","""","""","""","""","""","""","""","""","""","""","""","""","""","""","""","""","""","""","""","""","""","""","""","""","""","""","""",""""]","","","자료/수식/목록 행: 개별 검증 미완료"
"Me9_작업진척률_260211.xlsx","프로젝트 공정관리","26","["""",""23"","""",""채널관리자영역\n+ 총관리자로직"",""Shop채널 비즈니스 로직 개발"",""=IF(G29 = 0%, \""대기\"", IF(G29 >= 100%, \""완료\"", \""진행중\""))"",""0"","""","""","""","""","""","""","""","""","""","""","""","""","""","""","""","""","""","""","""","""","""","""","""","""","""","""","""","""","""","""","""","""","""","""","""","""","""","""","""","""","""","""","""","""","""","""","""","""","""","""","""","""","""","""","""","""","""","""","""","""","""","""","""","""","""","""","""","""","""","""","""","""","""","""","""","""","""","""","""","""","""","""","""","""","""","""","""","""","""","""","""","""","""","""","""","""","""","""","""","""","""","""","""","""","""","""","""","""","""","""","""","""","""","""","""","""","""","""","""","""","""","""","""","""","""","""","""","""","""","""","""","""","""","""","""","""","""","""","""","""","""","""","""","""","""","""","""","""","""","""","""","""","""","""","""","""","""","""","""","""","""","""","""","""","""","""","""","""","""","""","""","""","""","""","""","""","""","""","""","""","""","""","""","""","""","""","""","""","""","""","""","""","""","""","""","""","""","""","""","""","""","""","""","""","""","""","""","""","""","""","""","""","""","""","""","""","""","""","""","""","""","""","""","""","""","""","""","""","""","""","""","""","""","""","""","""","""","""","""","""","""","""","""","""","""","""","""","""","""","""","""","""","""","""","""","""","""","""","""","""","""","""","""","""","""","""","""","""","""","""","""","""","""","""","""","""","""","""","""","""","""","""","""","""","""","""","""","""","""","""","""","""","""","""","""","""","""","""","""","""","""","""","""","""","""","""","""","""","""","""","""","""","""","""","""","""","""","""","""","""","""",""""]","","","자료/수식/목록 행: 개별 검증 미완료"
"Me9_작업진척률_260211.xlsx","프로젝트 공정관리","27","["""",""24"","""","""",""Shop채널 화면로직 연동 개발"",""=IF(G30 = 0%, \""대기\"", IF(G30 >= 100%, \""완료\"", \""진행중\""))"",""0"","""","""","""","""","""","""","""","""","""","""","""","""","""","""","""","""","""","""","""","""","""","""","""","""","""","""","""","""","""","""","""","""","""","""","""","""","""","""","""","""","""","""","""","""","""","""","""","""","""","""","""","""","""","""","""","""","""","""","""","""","""","""","""","""","""","""","""","""","""","""","""","""","""","""","""","""","""","""","""","""","""","""","""","""","""","""","""","""","""","""","""","""","""","""","""","""","""","""","""","""","""","""","""","""","""","""","""","""","""","""","""","""","""","""","""","""","""","""","""","""","""","""","""","""","""","""","""","""","""","""","""","""","""","""","""","""","""","""","""","""","""","""","""","""","""","""","""","""","""","""","""","""","""","""","""","""","""","""","""","""","""","""","""","""","""","""","""","""","""","""","""","""","""","""","""","""","""","""","""","""","""","""","""","""","""","""","""","""","""","""","""","""","""","""","""","""","""","""","""","""","""","""","""","""","""","""","""","""","""","""","""","""","""","""","""","""","""","""","""","""","""","""","""","""","""","""","""","""","""","""","""","""","""","""","""","""","""","""","""","""","""","""","""","""","""","""","""","""","""","""","""","""","""","""","""","""","""","""","""","""","""","""","""","""","""","""","""","""","""","""","""","""","""","""","""","""","""","""","""","""","""","""","""","""","""","""","""","""","""","""","""","""","""","""","""","""","""","""","""","""","""","""","""","""","""","""","""","""","""","""","""","""","""","""","""","""","""","""","""","""","""",""""]","","","자료/수식/목록 행: 개별 검증 미완료"
"Me9_작업진척률_260211.xlsx","프로젝트 공정관리","28","["""",""25"","""","""",""상품 비즈니스 로직 개발"",""=IF(G31 = 0%, \""대기\"", IF(G31 >= 100%, \""완료\"", \""진행중\""))"",""0"","""","""","""","""","""","""","""","""","""","""","""","""","""","""","""","""","""","""","""","""","""","""","""","""","""","""","""","""","""","""","""","""","""","""","""","""","""","""","""","""","""","""","""","""","""","""","""","""","""","""","""","""","""","""","""","""","""","""","""","""","""","""","""","""","""","""","""","""","""","""","""","""","""","""","""","""","""","""","""","""","""","""","""","""","""","""","""","""","""","""","""","""","""","""","""","""","""","""","""","""","""","""","""","""","""","""","""","""","""","""","""","""","""","""","""","""","""","""","""","""","""","""","""","""","""","""","""","""","""","""","""","""","""","""","""","""","""","""","""","""","""","""","""","""","""","""","""","""","""","""","""","""","""","""","""","""","""","""","""","""","""","""","""","""","""","""","""","""","""","""","""","""","""","""","""","""","""","""","""","""","""","""","""","""","""","""","""","""","""","""","""","""","""","""","""","""","""","""","""","""","""","""","""","""","""","""","""","""","""","""","""","""","""","""","""","""","""","""","""","""","""","""","""","""","""","""","""","""","""","""","""","""","""","""","""","""","""","""","""","""","""","""","""","""","""","""","""","""","""","""","""","""","""","""","""","""","""","""","""","""","""","""","""","""","""","""","""","""","""","""","""","""","""","""","""","""","""","""","""","""","""","""","""","""","""","""","""","""","""","""","""","""","""","""","""","""","""","""","""","""","""","""","""","""","""","""","""","""","""","""","""","""","""","""","""","""","""","""","""","""","""",""""]","","","자료/수식/목록 행: 개별 검증 미완료"
"Me9_작업진척률_260211.xlsx","프로젝트 공정관리","29","["""",""26"","""","""",""상품 화면로직 연동 개발"",""=IF(G32 = 0%, \""대기\"", IF(G32 >= 100%, \""완료\"", \""진행중\""))"",""0"","""","""","""","""","""","""","""","""","""","""","""","""","""","""","""","""","""","""","""","""","""","""","""","""","""","""","""","""","""","""","""","""","""","""","""","""","""","""","""","""","""","""","""","""","""","""","""","""","""","""","""","""","""","""","""","""","""","""","""","""","""","""","""","""","""","""","""","""","""","""","""","""","""","""","""","""","""","""","""","""","""","""","""","""","""","""","""","""","""","""","""","""","""","""","""","""","""","""","""","""","""","""","""","""","""","""","""","""","""","""","""","""","""","""","""","""","""","""","""","""","""","""","""","""","""","""","""","""","""","""","""","""","""","""","""","""","""","""","""","""","""","""","""","""","""","""","""","""","""","""","""","""","""","""","""","""","""","""","""","""","""","""","""","""","""","""","""","""","""","""","""","""","""","""","""","""","""","""","""","""","""","""","""","""","""","""","""","""","""","""","""","""","""","""","""","""","""","""","""","""","""","""","""","""","""","""","""","""","""","""","""","""","""","""","""","""","""","""","""","""","""","""","""","""","""","""","""","""","""","""","""","""","""","""","""","""","""","""","""","""","""","""","""","""","""","""","""","""","""","""","""","""","""","""","""","""","""","""","""","""","""","""","""","""","""","""","""","""","""","""","""","""","""","""","""","""","""","""","""","""","""","""","""","""","""","""","""","""","""","""","""","""","""","""","""","""","""","""","""","""","""","""","""","""","""","""","""","""","""","""","""","""","""","""","""","""","""","""","""","""","""",""""]","","","자료/수식/목록 행: 개별 검증 미완료"
"Me9_작업진척률_260211.xlsx","프로젝트 공정관리","30","["""",""27"","""","""",""공동구매 비즈니스 로직 개발"",""=IF(G33 = 0%, \""대기\"", IF(G33 >= 100%, \""완료\"", \""진행중\""))"",""0"","""","""","""","""","""","""","""","""","""","""","""","""","""","""","""","""","""","""","""","""","""","""","""","""","""","""","""","""","""","""","""","""","""","""","""","""","""","""","""","""","""","""","""","""","""","""","""","""","""","""","""","""","""","""","""","""","""","""","""","""","""","""","""","""","""","""","""","""","""","""","""","""","""","""","""","""","""","""","""","""","""","""","""","""","""","""","""","""","""","""","""","""","""","""","""","""","""","""","""","""","""","""","""","""","""","""","""","""","""","""","""","""","""","""","""","""","""","""","""","""","""","""","""","""","""","""","""","""","""","""","""","""","""","""","""","""","""","""","""","""","""","""","""","""","""","""","""","""","""","""","""","""","""","""","""","""","""","""","""","""","""","""","""","""","""","""","""","""","""","""","""","""","""","""","""","""","""","""","""","""","""","""","""","""","""","""","""","""","""","""","""","""","""","""","""","""","""","""","""","""","""","""","""","""","""","""","""","""","""","""","""","""","""","""","""","""","""","""","""","""","""","""","""","""","""","""","""","""","""","""","""","""","""","""","""","""","""","""","""","""","""","""","""","""","""","""","""","""","""","""","""","""","""","""","""","""","""","""","""","""","""","""","""","""","""","""","""","""","""","""","""","""","""","""","""","""","""","""","""","""","""","""","""","""","""","""","""","""","""","""","""","""","""","""","""","""","""","""","""","""","""","""","""","""","""","""","""","""","""","""","""","""","""","""","""","""","""","""","""","""","""",""""]","","","자료/수식/목록 행: 개별 검증 미완료"
"Me9_작업진척률_260211.xlsx","프로젝트 공정관리","31","["""",""28"","""","""",""공동구매 화면로직 연동 개발"",""=IF(G34 = 0%, \""대기\"", IF(G34 >= 100%, \""완료\"", \""진행중\""))"",""0"","""","""","""","""","""","""","""","""","""","""","""","""","""","""","""","""","""","""","""","""","""","""","""","""","""","""","""","""","""","""","""","""","""","""","""","""","""","""","""","""","""","""","""","""","""","""","""","""","""","""","""","""","""","""","""","""","""","""","""","""","""","""","""","""","""","""","""","""","""","""","""","""","""","""","""","""","""","""","""","""","""","""","""","""","""","""","""","""","""","""","""","""","""","""","""","""","""","""","""","""","""","""","""","""","""","""","""","""","""","""","""","""","""","""","""","""","""","""","""","""","""","""","""","""","""","""","""","""","""","""","""","""","""","""","""","""","""","""","""","""","""","""","""","""","""","""","""","""","""","""","""","""","""","""","""","""","""","""","""","""","""","""","""","""","""","""","""","""","""","""","""","""","""","""","""","""","""","""","""","""","""","""","""","""","""","""","""","""","""","""","""","""","""","""","""","""","""","""","""","""","""","""","""","""","""","""","""","""","""","""","""","""","""","""","""","""","""","""","""","""","""","""","""","""","""","""","""","""","""","""","""","""","""","""","""","""","""","""","""","""","""","""","""","""","""","""","""","""","""","""","""","""","""","""","""","""","""","""","""","""","""","""","""","""","""","""","""","""","""","""","""","""","""","""","""","""","""","""","""","""","""","""","""","""","""","""","""","""","""","""","""","""","""","""","""","""","""","""","""","""","""","""","""","""","""","""","""","""","""","""","""","""","""","""","""","""","""","""","""","""","""",""""]","","","자료/수식/목록 행: 개별 검증 미완료"
"Me9_작업진척률_260211.xlsx","프로젝트 공정관리","32","["""",""29"","""","""",""주문 비즈니스 로직 개발"",""=IF(G35 = 0%, \""대기\"", IF(G35 >= 100%, \""완료\"", \""진행중\""))"",""0"","""","""","""","""","""","""","""","""","""","""","""","""","""","""","""","""","""","""","""","""","""","""","""","""","""","""","""","""","""","""","""","""","""","""","""","""","""","""","""","""","""","""","""","""","""","""","""","""","""","""","""","""","""","""","""","""","""","""","""","""","""","""","""","""","""","""","""","""","""","""","""","""","""","""","""","""","""","""","""","""","""","""","""","""","""","""","""","""","""","""","""","""","""","""","""","""","""","""","""","""","""","""","""","""","""","""","""","""","""","""","""","""","""","""","""","""","""","""","""","""","""","""","""","""","""","""","""","""","""","""","""","""","""","""","""","""","""","""","""","""","""","""","""","""","""","""","""","""","""","""","""","""","""","""","""","""","""","""","""","""","""","""","""","""","""","""","""","""","""","""","""","""","""","""","""","""","""","""","""","""","""","""","""","""","""","""","""","""","""","""","""","""","""","""","""","""","""","""","""","""","""","""","""","""","""","""","""","""","""","""","""","""","""","""","""","""","""","""","""","""","""","""","""","""","""","""","""","""","""","""","""","""","""","""","""","""","""","""","""","""","""","""","""","""","""","""","""","""","""","""","""","""","""","""","""","""","""","""","""","""","""","""","""","""","""","""","""","""","""","""","""","""","""","""","""","""","""","""","""","""","""","""","""","""","""","""","""","""","""","""","""","""","""","""","""","""","""","""","""","""","""","""","""","""","""","""","""","""","""","""","""","""","""","""","""","""","""","""","""","""","""",""""]","","","자료/수식/목록 행: 개별 검증 미완료"
"Me9_작업진척률_260211.xlsx","프로젝트 공정관리","33","["""",""30"","""","""",""주문 화면로직 연동 개발"",""=IF(G36 = 0%, \""대기\"", IF(G36 >= 100%, \""완료\"", \""진행중\""))"",""0"","""","""","""","""","""","""","""","""","""","""","""","""","""","""","""","""","""","""","""","""","""","""","""","""","""","""","""","""","""","""","""","""","""","""","""","""","""","""","""","""","""","""","""","""","""","""","""","""","""","""","""","""","""","""","""","""","""","""","""","""","""","""","""","""","""","""","""","""","""","""","""","""","""","""","""","""","""","""","""","""","""","""","""","""","""","""","""","""","""","""","""","""","""","""","""","""","""","""","""","""","""","""","""","""","""","""","""","""","""","""","""","""","""","""","""","""","""","""","""","""","""","""","""","""","""","""","""","""","""","""","""","""","""","""","""","""","""","""","""","""","""","""","""","""","""","""","""","""","""","""","""","""","""","""","""","""","""","""","""","""","""","""","""","""","""","""","""","""","""","""","""","""","""","""","""","""","""","""","""","""","""","""","""","""","""","""","""","""","""","""","""","""","""","""","""","""","""","""","""","""","""","""","""","""","""","""","""","""","""","""","""","""","""","""","""","""","""","""","""","""","""","""","""","""","""","""","""","""","""","""","""","""","""","""","""","""","""","""","""","""","""","""","""","""","""","""","""","""","""","""","""","""","""","""","""","""","""","""","""","""","""","""","""","""","""","""","""","""","""","""","""","""","""","""","""","""","""","""","""","""","""","""","""","""","""","""","""","""","""","""","""","""","""","""","""","""","""","""","""","""","""","""","""","""","""","""","""","""","""","""","""","""","""","""","""","""","""","""","""","""","""",""""]","","","자료/수식/목록 행: 개별 검증 미완료"
"Me9_작업진척률_260211.xlsx","프로젝트 공정관리","34","["""",""31"","""","""",""정산 비즈니스 로직 개발"",""=IF(G37 = 0%, \""대기\"", IF(G37 >= 100%, \""완료\"", \""진행중\""))"",""0"","""","""","""","""","""","""","""","""","""","""","""","""","""","""","""","""","""","""","""","""","""","""","""","""","""","""","""","""","""","""","""","""","""","""","""","""","""","""","""","""","""","""","""","""","""","""","""","""","""","""","""","""","""","""","""","""","""","""","""","""","""","""","""","""","""","""","""","""","""","""","""","""","""","""","""","""","""","""","""","""","""","""","""","""","""","""","""","""","""","""","""","""","""","""","""","""","""","""","""","""","""","""","""","""","""","""","""","""","""","""","""","""","""","""","""","""","""","""","""","""","""","""","""","""","""","""","""","""","""","""","""","""","""","""","""","""","""","""","""","""","""","""","""","""","""","""","""","""","""","""","""","""","""","""","""","""","""","""","""","""","""","""","""","""","""","""","""","""","""","""","""","""","""","""","""","""","""","""","""","""","""","""","""","""","""","""","""","""","""","""","""","""","""","""","""","""","""","""","""","""","""","""","""","""","""","""","""","""","""","""","""","""","""","""","""","""","""","""","""","""","""","""","""","""","""","""","""","""","""","""","""","""","""","""","""","""","""","""","""","""","""","""","""","""","""","""","""","""","""","""","""","""","""","""","""","""","""","""","""","""","""","""","""","""","""","""","""","""","""","""","""","""","""","""","""","""","""","""","""","""","""","""","""","""","""","""","""","""","""","""","""","""","""","""","""","""","""","""","""","""","""","""","""","""","""","""","""","""","""","""","""","""","""","""","""","""","""","""","""","""","""",""""]","","","자료/수식/목록 행: 개별 검증 미완료"
"Me9_작업진척률_260211.xlsx","프로젝트 공정관리","35","["""",""32"","""","""",""정산 화면로직 연동 개발"",""=IF(G38 = 0%, \""대기\"", IF(G38 >= 100%, \""완료\"", \""진행중\""))"",""0"","""","""","""","""","""","""","""","""","""","""","""","""","""","""","""","""","""","""","""","""","""","""","""","""","""","""","""","""","""","""","""","""","""","""","""","""","""","""","""","""","""","""","""","""","""","""","""","""","""","""","""","""","""","""","""","""","""","""","""","""","""","""","""","""","""","""","""","""","""","""","""","""","""","""","""","""","""","""","""","""","""","""","""","""","""","""","""","""","""","""","""","""","""","""","""","""","""","""","""","""","""","""","""","""","""","""","""","""","""","""","""","""","""","""","""","""","""","""","""","""","""","""","""","""","""","""","""","""","""","""","""","""","""","""","""","""","""","""","""","""","""","""","""","""","""","""","""","""","""","""","""","""","""","""","""","""","""","""","""","""","""","""","""","""","""","""","""","""","""","""","""","""","""","""","""","""","""","""","""","""","""","""","""","""","""","""","""","""","""","""","""","""","""","""","""","""","""","""","""","""","""","""","""","""","""","""","""","""","""","""","""","""","""","""","""","""","""","""","""","""","""","""","""","""","""","""","""","""","""","""","""","""","""","""","""","""","""","""","""","""","""","""","""","""","""","""","""","""","""","""","""","""","""","""","""","""","""","""","""","""","""","""","""","""","""","""","""","""","""","""","""","""","""","""","""","""","""","""","""","""","""","""","""","""","""","""","""","""","""","""","""","""","""","""","""","""","""","""","""","""","""","""","""","""","""","""","""","""","""","""","""","""","""","""","""","""","""","""","""","""","""",""""]","","","자료/수식/목록 행: 개별 검증 미완료"
"Me9_작업진척률_260211.xlsx","프로젝트 공정관리","36","["""",""33"","""","""",""서브관리자 비즈니스 로직 개발"",""=IF(G39 = 0%, \""대기\"", IF(G39 >= 100%, \""완료\"", \""진행중\""))"",""0"","""","""","""","""","""","""","""","""","""","""","""","""","""","""","""","""","""","""","""","""","""","""","""","""","""","""","""","""","""","""","""","""","""","""","""","""","""","""","""","""","""","""","""","""","""","""","""","""","""","""","""","""","""","""","""","""","""","""","""","""","""","""","""","""","""","""","""","""","""","""","""","""","""","""","""","""","""","""","""","""","""","""","""","""","""","""","""","""","""","""","""","""","""","""","""","""","""","""","""","""","""","""","""","""","""","""","""","""","""","""","""","""","""","""","""","""","""","""","""","""","""","""","""","""","""","""","""","""","""","""","""","""","""","""","""","""","""","""","""","""","""","""","""","""","""","""","""","""","""","""","""","""","""","""","""","""","""","""","""","""","""","""","""","""","""","""","""","""","""","""","""","""","""","""","""","""","""","""","""","""","""","""","""","""","""","""","""","""","""","""","""","""","""","""","""","""","""","""","""","""","""","""","""","""","""","""","""","""","""","""","""","""","""","""","""","""","""","""","""","""","""","""","""","""","""","""","""","""","""","""","""","""","""","""","""","""","""","""","""","""","""","""","""","""","""","""","""","""","""","""","""","""","""","""","""","""","""","""","""","""","""","""","""","""","""","""","""","""","""","""","""","""","""","""","""","""","""","""","""","""","""","""","""","""","""","""","""","""","""","""","""","""","""","""","""","""","""","""","""","""","""","""","""","""","""","""","""","""","""","""","""","""","""","""","""","""","""","""","""","""","""",""""]","","","자료/수식/목록 행: 개별 검증 미완료"
"Me9_작업진척률_260211.xlsx","프로젝트 공정관리","37","["""",""34"","""","""",""서브관리자 화면로직 연동 개발"",""=IF(G40 = 0%, \""대기\"", IF(G40 >= 100%, \""완료\"", \""진행중\""))"",""0"","""","""","""","""","""","""","""","""","""","""","""","""","""","""","""","""","""","""","""","""","""","""","""","""","""","""","""","""","""","""","""","""","""","""","""","""","""","""","""","""","""","""","""","""","""","""","""","""","""","""","""","""","""","""","""","""","""","""","""","""","""","""","""","""","""","""","""","""","""","""","""","""","""","""","""","""","""","""","""","""","""","""","""","""","""","""","""","""","""","""","""","""","""","""","""","""","""","""","""","""","""","""","""","""","""","""","""","""","""","""","""","""","""","""","""","""","""","""","""","""","""","""","""","""","""","""","""","""","""","""","""","""","""","""","""","""","""","""","""","""","""","""","""","""","""","""","""","""","""","""","""","""","""","""","""","""","""","""","""","""","""","""","""","""","""","""","""","""","""","""","""","""","""","""","""","""","""","""","""","""","""","""","""","""","""","""","""","""","""","""","""","""","""","""","""","""","""","""","""","""","""","""","""","""","""","""","""","""","""","""","""","""","""","""","""","""","""","""","""","""","""","""","""","""","""","""","""","""","""","""","""","""","""","""","""","""","""","""","""","""","""","""","""","""","""","""","""","""","""","""","""","""","""","""","""","""","""","""","""","""","""","""","""","""","""","""","""","""","""","""","""","""","""","""","""","""","""","""","""","""","""","""","""","""","""","""","""","""","""","""","""","""","""","""","""","""","""","""","""","""","""","""","""","""","""","""","""","""","""","""","""","""","""","""","""","""","""","""","""","""","""",""""]","","","자료/수식/목록 행: 개별 검증 미완료"
"Me9_작업진척률_260211.xlsx","프로젝트 공정관리","38","["""",""35"","""","""",""발주담당 비즈니스 로직 개발"",""=IF(G41 = 0%, \""대기\"", IF(G41 >= 100%, \""완료\"", \""진행중\""))"",""0"","""","""","""","""","""","""","""","""","""","""","""","""","""","""","""","""","""","""","""","""","""","""","""","""","""","""","""","""","""","""","""","""","""","""","""","""","""","""","""","""","""","""","""","""","""","""","""","""","""","""","""","""","""","""","""","""","""","""","""","""","""","""","""","""","""","""","""","""","""","""","""","""","""","""","""","""","""","""","""","""","""","""","""","""","""","""","""","""","""","""","""","""","""","""","""","""","""","""","""","""","""","""","""","""","""","""","""","""","""","""","""","""","""","""","""","""","""","""","""","""","""","""","""","""","""","""","""","""","""","""","""","""","""","""","""","""","""","""","""","""","""","""","""","""","""","""","""","""","""","""","""","""","""","""","""","""","""","""","""","""","""","""","""","""","""","""","""","""","""","""","""","""","""","""","""","""","""","""","""","""","""","""","""","""","""","""","""","""","""","""","""","""","""","""","""","""","""","""","""","""","""","""","""","""","""","""","""","""","""","""","""","""","""","""","""","""","""","""","""","""","""","""","""","""","""","""","""","""","""","""","""","""","""","""","""","""","""","""","""","""","""","""","""","""","""","""","""","""","""","""","""","""","""","""","""","""","""","""","""","""","""","""","""","""","""","""","""","""","""","""","""","""","""","""","""","""","""","""","""","""","""","""","""","""","""","""","""","""","""","""","""","""","""","""","""","""","""","""","""","""","""","""","""","""","""","""","""","""","""","""","""","""","""","""","""","""","""","""","""","""","""",""""]","","","자료/수식/목록 행: 개별 검증 미완료"
"Me9_작업진척률_260211.xlsx","프로젝트 공정관리","39","["""",""36"","""","""",""발주담당 화면로직 연동 개발"",""=IF(G42 = 0%, \""대기\"", IF(G42 >= 100%, \""완료\"", \""진행중\""))"",""0"","""","""","""","""","""","""","""","""","""","""","""","""","""","""","""","""","""","""","""","""","""","""","""","""","""","""","""","""","""","""","""","""","""","""","""","""","""","""","""","""","""","""","""","""","""","""","""","""","""","""","""","""","""","""","""","""","""","""","""","""","""","""","""","""","""","""","""","""","""","""","""","""","""","""","""","""","""","""","""","""","""","""","""","""","""","""","""","""","""","""","""","""","""","""","""","""","""","""","""","""","""","""","""","""","""","""","""","""","""","""","""","""","""","""","""","""","""","""","""","""","""","""","""","""","""","""","""","""","""","""","""","""","""","""","""","""","""","""","""","""","""","""","""","""","""","""","""","""","""","""","""","""","""","""","""","""","""","""","""","""","""","""","""","""","""","""","""","""","""","""","""","""","""","""","""","""","""","""","""","""","""","""","""","""","""","""","""","""","""","""","""","""","""","""","""","""","""","""","""","""","""","""","""","""","""","""","""","""","""","""","""","""","""","""","""","""","""","""","""","""","""","""","""","""","""","""","""","""","""","""","""","""","""","""","""","""","""","""","""","""","""","""","""","""","""","""","""","""","""","""","""","""","""","""","""","""","""","""","""","""","""","""","""","""","""","""","""","""","""","""","""","""","""","""","""","""","""","""","""","""","""","""","""","""","""","""","""","""","""","""","""","""","""","""","""","""","""","""","""","""","""","""","""","""","""","""","""","""","""","""","""","""","""","""","""","""","""","""","""","""","""",""""]","","","자료/수식/목록 행: 개별 검증 미완료"
"Me9_작업진척률_260211.xlsx","프로젝트 공정관리","40","["""",""37"","""","""",""포인트 비즈니스 로직 개발"",""=IF(G43 = 0%, \""대기\"", IF(G43 >= 100%, \""완료\"", \""진행중\""))"",""0"","""","""","""","""","""","""","""","""","""","""","""","""","""","""","""","""","""","""","""","""","""","""","""","""","""","""","""","""","""","""","""","""","""","""","""","""","""","""","""","""","""","""","""","""","""","""","""","""","""","""","""","""","""","""","""","""","""","""","""","""","""","""","""","""","""","""","""","""","""","""","""","""","""","""","""","""","""","""","""","""","""","""","""","""","""","""","""","""","""","""","""","""","""","""","""","""","""","""","""","""","""","""","""","""","""","""","""","""","""","""","""","""","""","""","""","""","""","""","""","""","""","""","""","""","""","""","""","""","""","""","""","""","""","""","""","""","""","""","""","""","""","""","""","""","""","""","""","""","""","""","""","""","""","""","""","""","""","""","""","""","""","""","""","""","""","""","""","""","""","""","""","""","""","""","""","""","""","""","""","""","""","""","""","""","""","""","""","""","""","""","""","""","""","""","""","""","""","""","""","""","""","""","""","""","""","""","""","""","""","""","""","""","""","""","""","""","""","""","""","""","""","""","""","""","""","""","""","""","""","""","""","""","""","""","""","""","""","""","""","""","""","""","""","""","""","""","""","""","""","""","""","""","""","""","""","""","""","""","""","""","""","""","""","""","""","""","""","""","""","""","""","""","""","""","""","""","""","""","""","""","""","""","""","""","""","""","""","""","""","""","""","""","""","""","""","""","""","""","""","""","""","""","""","""","""","""","""","""","""","""","""","""","""","""","""","""","""","""","""","""","""",""""]","","","자료/수식/목록 행: 개별 검증 미완료"
"Me9_작업진척률_260211.xlsx","프로젝트 공정관리","41","["""",""38"","""","""",""포인트 화면로직 연동 개발"",""=IF(G44 = 0%, \""대기\"", IF(G44 >= 100%, \""완료\"", \""진행중\""))"",""0"","""","""","""","""","""","""","""","""","""","""","""","""","""","""","""","""","""","""","""","""","""","""","""","""","""","""","""","""","""","""","""","""","""","""","""","""","""","""","""","""","""","""","""","""","""","""","""","""","""","""","""","""","""","""","""","""","""","""","""","""","""","""","""","""","""","""","""","""","""","""","""","""","""","""","""","""","""","""","""","""","""","""","""","""","""","""","""","""","""","""","""","""","""","""","""","""","""","""","""","""","""","""","""","""","""","""","""","""","""","""","""","""","""","""","""","""","""","""","""","""","""","""","""","""","""","""","""","""","""","""","""","""","""","""","""","""","""","""","""","""","""","""","""","""","""","""","""","""","""","""","""","""","""","""","""","""","""","""","""","""","""","""","""","""","""","""","""","""","""","""","""","""","""","""","""","""","""","""","""","""","""","""","""","""","""","""","""","""","""","""","""","""","""","""","""","""","""","""","""","""","""","""","""","""","""","""","""","""","""","""","""","""","""","""","""","""","""","""","""","""","""","""","""","""","""","""","""","""","""","""","""","""","""","""","""","""","""","""","""","""","""","""","""","""","""","""","""","""","""","""","""","""","""","""","""","""","""","""","""","""","""","""","""","""","""","""","""","""","""","""","""","""","""","""","""","""","""","""","""","""","""","""","""","""","""","""","""","""","""","""","""","""","""","""","""","""","""","""","""","""","""","""","""","""","""","""","""","""","""","""","""","""","""","""","""","""","""","""","""","""","""",""""]","","","자료/수식/목록 행: 개별 검증 미완료"
"Me9_작업진척률_260211.xlsx","프로젝트 공정관리","42","["""",""39"","""","""",""배송비설정 비즈니스 로직 개발"",""=IF(G45 = 0%, \""대기\"", IF(G45 >= 100%, \""완료\"", \""진행중\""))"",""0"","""","""","""","""","""","""","""","""","""","""","""","""","""","""","""","""","""","""","""","""","""","""","""","""","""","""","""","""","""","""","""","""","""","""","""","""","""","""","""","""","""","""","""","""","""","""","""","""","""","""","""","""","""","""","""","""","""","""","""","""","""","""","""","""","""","""","""","""","""","""","""","""","""","""","""","""","""","""","""","""","""","""","""","""","""","""","""","""","""","""","""","""","""","""","""","""","""","""","""","""","""","""","""","""","""","""","""","""","""","""","""","""","""","""","""","""","""","""","""","""","""","""","""","""","""","""","""","""","""","""","""","""","""","""","""","""","""","""","""","""","""","""","""","""","""","""","""","""","""","""","""","""","""","""","""","""","""","""","""","""","""","""","""","""","""","""","""","""","""","""","""","""","""","""","""","""","""","""","""","""","""","""","""","""","""","""","""","""","""","""","""","""","""","""","""","""","""","""","""","""","""","""","""","""","""","""","""","""","""","""","""","""","""","""","""","""","""","""","""","""","""","""","""","""","""","""","""","""","""","""","""","""","""","""","""","""","""","""","""","""","""","""","""","""","""","""","""","""","""","""","""","""","""","""","""","""","""","""","""","""","""","""","""","""","""","""","""","""","""","""","""","""","""","""","""","""","""","""","""","""","""","""","""","""","""","""","""","""","""","""","""","""","""","""","""","""","""","""","""","""","""","""","""","""","""","""","""","""","""","""","""","""","""","""","""","""","""","""","""","""","""",""""]","","","자료/수식/목록 행: 개별 검증 미완료"
"Me9_작업진척률_260211.xlsx","프로젝트 공정관리","43","["""",""40"","""","""",""배송비설정 화면로직 연동 개발"",""=IF(G46 = 0%, \""대기\"", IF(G46 >= 100%, \""완료\"", \""진행중\""))"",""0"","""","""","""","""","""","""","""","""","""","""","""","""","""","""","""","""","""","""","""","""","""","""","""","""","""","""","""","""","""","""","""","""","""","""","""","""","""","""","""","""","""","""","""","""","""","""","""","""","""","""","""","""","""","""","""","""","""","""","""","""","""","""","""","""","""","""","""","""","""","""","""","""","""","""","""","""","""","""","""","""","""","""","""","""","""","""","""","""","""","""","""","""","""","""","""","""","""","""","""","""","""","""","""","""","""","""","""","""","""","""","""","""","""","""","""","""","""","""","""","""","""","""","""","""","""","""","""","""","""","""","""","""","""","""","""","""","""","""","""","""","""","""","""","""","""","""","""","""","""","""","""","""","""","""","""","""","""","""","""","""","""","""","""","""","""","""","""","""","""","""","""","""","""","""","""","""","""","""","""","""","""","""","""","""","""","""","""","""","""","""","""","""","""","""","""","""","""","""","""","""","""","""","""","""","""","""","""","""","""","""","""","""","""","""","""","""","""","""","""","""","""","""","""","""","""","""","""","""","""","""","""","""","""","""","""","""","""","""","""","""","""","""","""","""","""","""","""","""","""","""","""","""","""","""","""","""","""","""","""","""","""","""","""","""","""","""","""","""","""","""","""","""","""","""","""","""","""","""","""","""","""","""","""","""","""","""","""","""","""","""","""","""","""","""","""","""","""","""","""","""","""","""","""","""","""","""","""","""","""","""","""","""","""","""","""","""","""","""","""","""","""",""""]","","","자료/수식/목록 행: 개별 검증 미완료"
"Me9_작업진척률_260211.xlsx","프로젝트 공정관리","44","["""",""41"","""","""",""최소/환불안내 비즈니스 로직 개발"",""=IF(G47 = 0%, \""대기\"", IF(G47 >= 100%, \""완료\"", \""진행중\""))"",""0"","""","""","""","""","""","""","""","""","""","""","""","""","""","""","""","""","""","""","""","""","""","""","""","""","""","""","""","""","""","""","""","""","""","""","""","""","""","""","""","""","""","""","""","""","""","""","""","""","""","""","""","""","""","""","""","""","""","""","""","""","""","""","""","""","""","""","""","""","""","""","""","""","""","""","""","""","""","""","""","""","""","""","""","""","""","""","""","""","""","""","""","""","""","""","""","""","""","""","""","""","""","""","""","""","""","""","""","""","""","""","""","""","""","""","""","""","""","""","""","""","""","""","""","""","""","""","""","""","""","""","""","""","""","""","""","""","""","""","""","""","""","""","""","""","""","""","""","""","""","""","""","""","""","""","""","""","""","""","""","""","""","""","""","""","""","""","""","""","""","""","""","""","""","""","""","""","""","""","""","""","""","""","""","""","""","""","""","""","""","""","""","""","""","""","""","""","""","""","""","""","""","""","""","""","""","""","""","""","""","""","""","""","""","""","""","""","""","""","""","""","""","""","""","""","""","""","""","""","""","""","""","""","""","""","""","""","""","""","""","""","""","""","""","""","""","""","""","""","""","""","""","""","""","""","""","""","""","""","""","""","""","""","""","""","""","""","""","""","""","""","""","""","""","""","""","""","""","""","""","""","""","""","""","""","""","""","""","""","""","""","""","""","""","""","""","""","""","""","""","""","""","""","""","""","""","""","""","""","""","""","""","""","""","""","""","""","""","""","""","""","""",""""]","","","자료/수식/목록 행: 개별 검증 미완료"
"Me9_작업진척률_260211.xlsx","프로젝트 공정관리","45","["""",""42"","""","""",""최소/환불안내 화면로직 연동 개발"",""=IF(G48 = 0%, \""대기\"", IF(G48 >= 100%, \""완료\"", \""진행중\""))"",""0"","""","""","""","""","""","""","""","""","""","""","""","""","""","""","""","""","""","""","""","""","""","""","""","""","""","""","""","""","""","""","""","""","""","""","""","""","""","""","""","""","""","""","""","""","""","""","""","""","""","""","""","""","""","""","""","""","""","""","""","""","""","""","""","""","""","""","""","""","""","""","""","""","""","""","""","""","""","""","""","""","""","""","""","""","""","""","""","""","""","""","""","""","""","""","""","""","""","""","""","""","""","""","""","""","""","""","""","""","""","""","""","""","""","""","""","""","""","""","""","""","""","""","""","""","""","""","""","""","""","""","""","""","""","""","""","""","""","""","""","""","""","""","""","""","""","""","""","""","""","""","""","""","""","""","""","""","""","""","""","""","""","""","""","""","""","""","""","""","""","""","""","""","""","""","""","""","""","""","""","""","""","""","""","""","""","""","""","""","""","""","""","""","""","""","""","""","""","""","""","""","""","""","""","""","""","""","""","""","""","""","""","""","""","""","""","""","""","""","""","""","""","""","""","""","""","""","""","""","""","""","""","""","""","""","""","""","""","""","""","""","""","""","""","""","""","""","""","""","""","""","""","""","""","""","""","""","""","""","""","""","""","""","""","""","""","""","""","""","""","""","""","""","""","""","""","""","""","""","""","""","""","""","""","""","""","""","""","""","""","""","""","""","""","""","""","""","""","""","""","""","""","""","""","""","""","""","""","""","""","""","""","""","""","""","""","""","""","""","""","""","""",""""]","","","자료/수식/목록 행: 개별 검증 미완료"
"Me9_작업진척률_260211.xlsx","프로젝트 공정관리","46","["""",""43"","""","""",""대시보드 비즈니스 로직 개발"",""=IF(G49 = 0%, \""대기\"", IF(G49 >= 100%, \""완료\"", \""진행중\""))"",""0"","""","""","""","""","""","""","""","""","""","""","""","""","""","""","""","""","""","""","""","""","""","""","""","""","""","""","""","""","""","""","""","""","""","""","""","""","""","""","""","""","""","""","""","""","""","""","""","""","""","""","""","""","""","""","""","""","""","""","""","""","""","""","""","""","""","""","""","""","""","""","""","""","""","""","""","""","""","""","""","""","""","""","""","""","""","""","""","""","""","""","""","""","""","""","""","""","""","""","""","""","""","""","""","""","""","""","""","""","""","""","""","""","""","""","""","""","""","""","""","""","""","""","""","""","""","""","""","""","""","""","""","""","""","""","""","""","""","""","""","""","""","""","""","""","""","""","""","""","""","""","""","""","""","""","""","""","""","""","""","""","""","""","""","""","""","""","""","""","""","""","""","""","""","""","""","""","""","""","""","""","""","""","""","""","""","""","""","""","""","""","""","""","""","""","""","""","""","""","""","""","""","""","""","""","""","""","""","""","""","""","""","""","""","""","""","""","""","""","""","""","""","""","""","""","""","""","""","""","""","""","""","""","""","""","""","""","""","""","""","""","""","""","""","""","""","""","""","""","""","""","""","""","""","""","""","""","""","""","""","""","""","""","""","""","""","""","""","""","""","""","""","""","""","""","""","""","""","""","""","""","""","""","""","""","""","""","""","""","""","""","""","""","""","""","""","""","""","""","""","""","""","""","""","""","""","""","""","""","""","""","""","""","""","""","""","""","""","""","""","""","""",""""]","","","자료/수식/목록 행: 개별 검증 미완료"
"Me9_작업진척률_260211.xlsx","프로젝트 공정관리","47","["""",""44"","""","""",""대시보드 화면로직 연동 개발"",""=IF(G50 = 0%, \""대기\"", IF(G50 >= 100%, \""완료\"", \""진행중\""))"",""0"","""","""","""","""","""","""","""","""","""","""","""","""","""","""","""","""","""","""","""","""","""","""","""","""","""","""","""","""","""","""","""","""","""","""","""","""","""","""","""","""","""","""","""","""","""","""","""","""","""","""","""","""","""","""","""","""","""","""","""","""","""","""","""","""","""","""","""","""","""","""","""","""","""","""","""","""","""","""","""","""","""","""","""","""","""","""","""","""","""","""","""","""","""","""","""","""","""","""","""","""","""","""","""","""","""","""","""","""","""","""","""","""","""","""","""","""","""","""","""","""","""","""","""","""","""","""","""","""","""","""","""","""","""","""","""","""","""","""","""","""","""","""","""","""","""","""","""","""","""","""","""","""","""","""","""","""","""","""","""","""","""","""","""","""","""","""","""","""","""","""","""","""","""","""","""","""","""","""","""","""","""","""","""","""","""","""","""","""","""","""","""","""","""","""","""","""","""","""","""","""","""","""","""","""","""","""","""","""","""","""","""","""","""","""","""","""","""","""","""","""","""","""","""","""","""","""","""","""","""","""","""","""","""","""","""","""","""","""","""","""","""","""","""","""","""","""","""","""","""","""","""","""","""","""","""","""","""","""","""","""","""","""","""","""","""","""","""","""","""","""","""","""","""","""","""","""","""","""","""","""","""","""","""","""","""","""","""","""","""","""","""","""","""","""","""","""","""","""","""","""","""","""","""","""","""","""","""","""","""","""","""","""","""","""","""","""","""","""","""","""","""",""""]","","","자료/수식/목록 행: 개별 검증 미완료"
"Me9_작업진척률_260211.xlsx","프로젝트 공정관리","48","["""",""45"","""",""Shop 채널영역\n+ 총관리자로직"",""접속화면 비즈니스 로직 개발"",""=IF(G51 = 0%, \""대기\"", IF(G51 >= 100%, \""완료\"", \""진행중\""))"",""0"","""","""","""","""","""","""","""","""","""","""","""","""","""","""","""","""","""","""","""","""","""","""","""","""","""","""","""","""","""","""","""","""","""","""","""","""","""","""","""","""","""","""","""","""","""","""","""","""","""","""","""","""","""","""","""","""","""","""","""","""","""","""","""","""","""","""","""","""","""","""","""","""","""","""","""","""","""","""","""","""","""","""","""","""","""","""","""","""","""","""","""","""","""","""","""","""","""","""","""","""","""","""","""","""","""","""","""","""","""","""","""","""","""","""","""","""","""","""","""","""","""","""","""","""","""","""","""","""","""","""","""","""","""","""","""","""","""","""","""","""","""","""","""","""","""","""","""","""","""","""","""","""","""","""","""","""","""","""","""","""","""","""","""","""","""","""","""","""","""","""","""","""","""","""","""","""","""","""","""","""","""","""","""","""","""","""","""","""","""","""","""","""","""","""","""","""","""","""","""","""","""","""","""","""","""","""","""","""","""","""","""","""","""","""","""","""","""","""","""","""","""","""","""","""","""","""","""","""","""","""","""","""","""","""","""","""","""","""","""","""","""","""","""","""","""","""","""","""","""","""","""","""","""","""","""","""","""","""","""","""","""","""","""","""","""","""","""","""","""","""","""","""","""","""","""","""","""","""","""","""","""","""","""","""","""","""","""","""","""","""","""","""","""","""","""","""","""","""","""","""","""","""","""","""","""","""","""","""","""","""","""","""","""","""","""","""","""","""","""","""","""",""""]","","","자료/수식/목록 행: 개별 검증 미완료"
"Me9_작업진척률_260211.xlsx","프로젝트 공정관리","49","["""",""46"","""","""",""접속화면 화면로직 연동 개발"",""=IF(G52 = 0%, \""대기\"", IF(G52 >= 100%, \""완료\"", \""진행중\""))"",""0"","""","""","""","""","""","""","""","""","""","""","""","""","""","""","""","""","""","""","""","""","""","""","""","""","""","""","""","""","""","""","""","""","""","""","""","""","""","""","""","""","""","""","""","""","""","""","""","""","""","""","""","""","""","""","""","""","""","""","""","""","""","""","""","""","""","""","""","""","""","""","""","""","""","""","""","""","""","""","""","""","""","""","""","""","""","""","""","""","""","""","""","""","""","""","""","""","""","""","""","""","""","""","""","""","""","""","""","""","""","""","""","""","""","""","""","""","""","""","""","""","""","""","""","""","""","""","""","""","""","""","""","""","""","""","""","""","""","""","""","""","""","""","""","""","""","""","""","""","""","""","""","""","""","""","""","""","""","""","""","""","""","""","""","""","""","""","""","""","""","""","""","""","""","""","""","""","""","""","""","""","""","""","""","""","""","""","""","""","""","""","""","""","""","""","""","""","""","""","""","""","""","""","""","""","""","""","""","""","""","""","""","""","""","""","""","""","""","""","""","""","""","""","""","""","""","""","""","""","""","""","""","""","""","""","""","""","""","""","""","""","""","""","""","""","""","""","""","""","""","""","""","""","""","""","""","""","""","""","""","""","""","""","""","""","""","""","""","""","""","""","""","""","""","""","""","""","""","""","""","""","""","""","""","""","""","""","""","""","""","""","""","""","""","""","""","""","""","""","""","""","""","""","""","""","""","""","""","""","""","""","""","""","""","""","""","""","""","""","""","""","""",""""]","","","자료/수식/목록 행: 개별 검증 미완료"
"Me9_작업진척률_260211.xlsx","프로젝트 공정관리","50","["""",""47"","""","""",""간편회원 가입절차 비즈니스 로직 개발"",""=IF(G53 = 0%, \""대기\"", IF(G53 >= 100%, \""완료\"", \""진행중\""))"",""0"","""","""","""","""","""","""","""","""","""","""","""","""","""","""","""","""","""","""","""","""","""","""","""","""","""","""","""","""","""","""","""","""","""","""","""","""","""","""","""","""","""","""","""","""","""","""","""","""","""","""","""","""","""","""","""","""","""","""","""","""","""","""","""","""","""","""","""","""","""","""","""","""","""","""","""","""","""","""","""","""","""","""","""","""","""","""","""","""","""","""","""","""","""","""","""","""","""","""","""","""","""","""","""","""","""","""","""","""","""","""","""","""","""","""","""","""","""","""","""","""","""","""","""","""","""","""","""","""","""","""","""","""","""","""","""","""","""","""","""","""","""","""","""","""","""","""","""","""","""","""","""","""","""","""","""","""","""","""","""","""","""","""","""","""","""","""","""","""","""","""","""","""","""","""","""","""","""","""","""","""","""","""","""","""","""","""","""","""","""","""","""","""","""","""","""","""","""","""","""","""","""","""","""","""","""","""","""","""","""","""","""","""","""","""","""","""","""","""","""","""","""","""","""","""","""","""","""","""","""","""","""","""","""","""","""","""","""","""","""","""","""","""","""","""","""","""","""","""","""","""","""","""","""","""","""","""","""","""","""","""","""","""","""","""","""","""","""","""","""","""","""","""","""","""","""","""","""","""","""","""","""","""","""","""","""","""","""","""","""","""","""","""","""","""","""","""","""","""","""","""","""","""","""","""","""","""","""","""","""","""","""","""","""","""","""","""","""","""","""","""","""",""""]","","","자료/수식/목록 행: 개별 검증 미완료"
"Me9_작업진척률_260211.xlsx","프로젝트 공정관리","51","["""",""48"","""","""",""간편회원 가입절차 화면로직 연동 개발"",""=IF(G54 = 0%, \""대기\"", IF(G54 >= 100%, \""완료\"", \""진행중\""))"",""0"","""","""","""","""","""","""","""","""","""","""","""","""","""","""","""","""","""","""","""","""","""","""","""","""","""","""","""","""","""","""","""","""","""","""","""","""","""","""","""","""","""","""","""","""","""","""","""","""","""","""","""","""","""","""","""","""","""","""","""","""","""","""","""","""","""","""","""","""","""","""","""","""","""","""","""","""","""","""","""","""","""","""","""","""","""","""","""","""","""","""","""","""","""","""","""","""","""","""","""","""","""","""","""","""","""","""","""","""","""","""","""","""","""","""","""","""","""","""","""","""","""","""","""","""","""","""","""","""","""","""","""","""","""","""","""","""","""","""","""","""","""","""","""","""","""","""","""","""","""","""","""","""","""","""","""","""","""","""","""","""","""","""","""","""","""","""","""","""","""","""","""","""","""","""","""","""","""","""","""","""","""","""","""","""","""","""","""","""","""","""","""","""","""","""","""","""","""","""","""","""","""","""","""","""","""","""","""","""","""","""","""","""","""","""","""","""","""","""","""","""","""","""","""","""","""","""","""","""","""","""","""","""","""","""","""","""","""","""","""","""","""","""","""","""","""","""","""","""","""","""","""","""","""","""","""","""","""","""","""","""","""","""","""","""","""","""","""","""","""","""","""","""","""","""","""","""","""","""","""","""","""","""","""","""","""","""","""","""","""","""","""","""","""","""","""","""","""","""","""","""","""","""","""","""","""","""","""","""","""","""","""","""","""","""","""","""","""","""","""","""","""",""""]","","","자료/수식/목록 행: 개별 검증 미완료"
"Me9_작업진척률_260211.xlsx","프로젝트 공정관리","52","["""",""49"","""","""",""Shop채널 메인 비즈니스 로직 개발"",""=IF(G55 = 0%, \""대기\"", IF(G55 >= 100%, \""완료\"", \""진행중\""))"",""0"","""","""","""","""","""","""","""","""","""","""","""","""","""","""","""","""","""","""","""","""","""","""","""","""","""","""","""","""","""","""","""","""","""","""","""","""","""","""","""","""","""","""","""","""","""","""","""","""","""","""","""","""","""","""","""","""","""","""","""","""","""","""","""","""","""","""","""","""","""","""","""","""","""","""","""","""","""","""","""","""","""","""","""","""","""","""","""","""","""","""","""","""","""","""","""","""","""","""","""","""","""","""","""","""","""","""","""","""","""","""","""","""","""","""","""","""","""","""","""","""","""","""","""","""","""","""","""","""","""","""","""","""","""","""","""","""","""","""","""","""","""","""","""","""","""","""","""","""","""","""","""","""","""","""","""","""","""","""","""","""","""","""","""","""","""","""","""","""","""","""","""","""","""","""","""","""","""","""","""","""","""","""","""","""","""","""","""","""","""","""","""","""","""","""","""","""","""","""","""","""","""","""","""","""","""","""","""","""","""","""","""","""","""","""","""","""","""","""","""","""","""","""","""","""","""","""","""","""","""","""","""","""","""","""","""","""","""","""","""","""","""","""","""","""","""","""","""","""","""","""","""","""","""","""","""","""","""","""","""","""","""","""","""","""","""","""","""","""","""","""","""","""","""","""","""","""","""","""","""","""","""","""","""","""","""","""","""","""","""","""","""","""","""","""","""","""","""","""","""","""","""","""","""","""","""","""","""","""","""","""","""","""","""","""","""","""","""","""","""","""","""",""""]","","","자료/수식/목록 행: 개별 검증 미완료"
"Me9_작업진척률_260211.xlsx","프로젝트 공정관리","53","["""",""50"","""","""",""Shop채널 메인 화면로직 연동 개발"",""=IF(G56 = 0%, \""대기\"", IF(G56 >= 100%, \""완료\"", \""진행중\""))"",""0"","""","""","""","""","""","""","""","""","""","""","""","""","""","""","""","""","""","""","""","""","""","""","""","""","""","""","""","""","""","""","""","""","""","""","""","""","""","""","""","""","""","""","""","""","""","""","""","""","""","""","""","""","""","""","""","""","""","""","""","""","""","""","""","""","""","""","""","""","""","""","""","""","""","""","""","""","""","""","""","""","""","""","""","""","""","""","""","""","""","""","""","""","""","""","""","""","""","""","""","""","""","""","""","""","""","""","""","""","""","""","""","""","""","""","""","""","""","""","""","""","""","""","""","""","""","""","""","""","""","""","""","""","""","""","""","""","""","""","""","""","""","""","""","""","""","""","""","""","""","""","""","""","""","""","""","""","""","""","""","""","""","""","""","""","""","""","""","""","""","""","""","""","""","""","""","""","""","""","""","""","""","""","""","""","""","""","""","""","""","""","""","""","""","""","""","""","""","""","""","""","""","""","""","""","""","""","""","""","""","""","""","""","""","""","""","""","""","""","""","""","""","""","""","""","""","""","""","""","""","""","""","""","""","""","""","""","""","""","""","""","""","""","""","""","""","""","""","""","""","""","""","""","""","""","""","""","""","""","""","""","""","""","""","""","""","""","""","""","""","""","""","""","""","""","""","""","""","""","""","""","""","""","""","""","""","""","""","""","""","""","""","""","""","""","""","""","""","""","""","""","""","""","""","""","""","""","""","""","""","""","""","""","""","""","""","""","""","""","""","""","""",""""]","","","자료/수식/목록 행: 개별 검증 미완료"
"Me9_작업진척률_260211.xlsx","프로젝트 공정관리","54","["""",""51"","""","""",""상품영역 비즈니스 로직 개발"",""=IF(G57 = 0%, \""대기\"", IF(G57 >= 100%, \""완료\"", \""진행중\""))"",""0"","""","""","""","""","""","""","""","""","""","""","""","""","""","""","""","""","""","""","""","""","""","""","""","""","""","""","""","""","""","""","""","""","""","""","""","""","""","""","""","""","""","""","""","""","""","""","""","""","""","""","""","""","""","""","""","""","""","""","""","""","""","""","""","""","""","""","""","""","""","""","""","""","""","""","""","""","""","""","""","""","""","""","""","""","""","""","""","""","""","""","""","""","""","""","""","""","""","""","""","""","""","""","""","""","""","""","""","""","""","""","""","""","""","""","""","""","""","""","""","""","""","""","""","""","""","""","""","""","""","""","""","""","""","""","""","""","""","""","""","""","""","""","""","""","""","""","""","""","""","""","""","""","""","""","""","""","""","""","""","""","""","""","""","""","""","""","""","""","""","""","""","""","""","""","""","""","""","""","""","""","""","""","""","""","""","""","""","""","""","""","""","""","""","""","""","""","""","""","""","""","""","""","""","""","""","""","""","""","""","""","""","""","""","""","""","""","""","""","""","""","""","""","""","""","""","""","""","""","""","""","""","""","""","""","""","""","""","""","""","""","""","""","""","""","""","""","""","""","""","""","""","""","""","""","""","""","""","""","""","""","""","""","""","""","""","""","""","""","""","""","""","""","""","""","""","""","""","""","""","""","""","""","""","""","""","""","""","""","""","""","""","""","""","""","""","""","""","""","""","""","""","""","""","""","""","""","""","""","""","""","""","""","""","""","""","""","""","""","""","""","""",""""]","","","자료/수식/목록 행: 개별 검증 미완료"
"Me9_작업진척률_260211.xlsx","프로젝트 공정관리","55","["""",""52"","""","""",""상품영역 화면개발 연동 개발"",""=IF(G58 = 0%, \""대기\"", IF(G58 >= 100%, \""완료\"", \""진행중\""))"",""0"","""","""","""","""","""","""","""","""","""","""","""","""","""","""","""","""","""","""","""","""","""","""","""","""","""","""","""","""","""","""","""","""","""","""","""","""","""","""","""","""","""","""","""","""","""","""","""","""","""","""","""","""","""","""","""","""","""","""","""","""","""","""","""","""","""","""","""","""","""","""","""","""","""","""","""","""","""","""","""","""","""","""","""","""","""","""","""","""","""","""","""","""","""","""","""","""","""","""","""","""","""","""","""","""","""","""","""","""","""","""","""","""","""","""","""","""","""","""","""","""","""","""","""","""","""","""","""","""","""","""","""","""","""","""","""","""","""","""","""","""","""","""","""","""","""","""","""","""","""","""","""","""","""","""","""","""","""","""","""","""","""","""","""","""","""","""","""","""","""","""","""","""","""","""","""","""","""","""","""","""","""","""","""","""","""","""","""","""","""","""","""","""","""","""","""","""","""","""","""","""","""","""","""","""","""","""","""","""","""","""","""","""","""","""","""","""","""","""","""","""","""","""","""","""","""","""","""","""","""","""","""","""","""","""","""","""","""","""","""","""","""","""","""","""","""","""","""","""","""","""","""","""","""","""","""","""","""","""","""","""","""","""","""","""","""","""","""","""","""","""","""","""","""","""","""","""","""","""","""","""","""","""","""","""","""","""","""","""","""","""","""","""","""","""","""","""","""","""","""","""","""","""","""","""","""","""","""","""","""","""","""","""","""","""","""","""","""","""","""","""","""",""""]","","","자료/수식/목록 행: 개별 검증 미완료"
"Me9_작업진척률_260211.xlsx","프로젝트 공정관리","56","["""",""53"","""","""",""주문영역 비즈니스 로직 개발"",""=IF(G59 = 0%, \""대기\"", IF(G59 >= 100%, \""완료\"", \""진행중\""))"",""0"","""","""","""","""","""","""","""","""","""","""","""","""","""","""","""","""","""","""","""","""","""","""","""","""","""","""","""","""","""","""","""","""","""","""","""","""","""","""","""","""","""","""","""","""","""","""","""","""","""","""","""","""","""","""","""","""","""","""","""","""","""","""","""","""","""","""","""","""","""","""","""","""","""","""","""","""","""","""","""","""","""","""","""","""","""","""","""","""","""","""","""","""","""","""","""","""","""","""","""","""","""","""","""","""","""","""","""","""","""","""","""","""","""","""","""","""","""","""","""","""","""","""","""","""","""","""","""","""","""","""","""","""","""","""","""","""","""","""","""","""","""","""","""","""","""","""","""","""","""","""","""","""","""","""","""","""","""","""","""","""","""","""","""","""","""","""","""","""","""","""","""","""","""","""","""","""","""","""","""","""","""","""","""","""","""","""","""","""","""","""","""","""","""","""","""","""","""","""","""","""","""","""","""","""","""","""","""","""","""","""","""","""","""","""","""","""","""","""","""","""","""","""","""","""","""","""","""","""","""","""","""","""","""","""","""","""","""","""","""","""","""","""","""","""","""","""","""","""","""","""","""","""","""","""","""","""","""","""","""","""","""","""","""","""","""","""","""","""","""","""","""","""","""","""","""","""","""","""","""","""","""","""","""","""","""","""","""","""","""","""","""","""","""","""","""","""","""","""","""","""","""","""","""","""","""","""","""","""","""","""","""","""","""","""","""","""","""","""","""","""","""",""""]","","","자료/수식/목록 행: 개별 검증 미완료"
"Me9_작업진척률_260211.xlsx","프로젝트 공정관리","57","["""",""54"","""","""",""주문영역 화면로직 연동 개발"",""=IF(G60 = 0%, \""대기\"", IF(G60 >= 100%, \""완료\"", \""진행중\""))"",""0"","""","""","""","""","""","""","""","""","""","""","""","""","""","""","""","""","""","""","""","""","""","""","""","""","""","""","""","""","""","""","""","""","""","""","""","""","""","""","""","""","""","""","""","""","""","""","""","""","""","""","""","""","""","""","""","""","""","""","""","""","""","""","""","""","""","""","""","""","""","""","""","""","""","""","""","""","""","""","""","""","""","""","""","""","""","""","""","""","""","""","""","""","""","""","""","""","""","""","""","""","""","""","""","""","""","""","""","""","""","""","""","""","""","""","""","""","""","""","""","""","""","""","""","""","""","""","""","""","""","""","""","""","""","""","""","""","""","""","""","""","""","""","""","""","""","""","""","""","""","""","""","""","""","""","""","""","""","""","""","""","""","""","""","""","""","""","""","""","""","""","""","""","""","""","""","""","""","""","""","""","""","""","""","""","""","""","""","""","""","""","""","""","""","""","""","""","""","""","""","""","""","""","""","""","""","""","""","""","""","""","""","""","""","""","""","""","""","""","""","""","""","""","""","""","""","""","""","""","""","""","""","""","""","""","""","""","""","""","""","""","""","""","""","""","""","""","""","""","""","""","""","""","""","""","""","""","""","""","""","""","""","""","""","""","""","""","""","""","""","""","""","""","""","""","""","""","""","""","""","""","""","""","""","""","""","""","""","""","""","""","""","""","""","""","""","""","""","""","""","""","""","""","""","""","""","""","""","""","""","""","""","""","""","""","""","""","""","""","""","""","""",""""]","","","자료/수식/목록 행: 개별 검증 미완료"
"Me9_작업진척률_260211.xlsx","프로젝트 공정관리","58","["""",""55"","""","""",""커뮤니티 비즈니스 로직 개발"",""=IF(G61 = 0%, \""대기\"", IF(G61 >= 100%, \""완료\"", \""진행중\""))"",""0"","""","""","""","""","""","""","""","""","""","""","""","""","""","""","""","""","""","""","""","""","""","""","""","""","""","""","""","""","""","""","""","""","""","""","""","""","""","""","""","""","""","""","""","""","""","""","""","""","""","""","""","""","""","""","""","""","""","""","""","""","""","""","""","""","""","""","""","""","""","""","""","""","""","""","""","""","""","""","""","""","""","""","""","""","""","""","""","""","""","""","""","""","""","""","""","""","""","""","""","""","""","""","""","""","""","""","""","""","""","""","""","""","""","""","""","""","""","""","""","""","""","""","""","""","""","""","""","""","""","""","""","""","""","""","""","""","""","""","""","""","""","""","""","""","""","""","""","""","""","""","""","""","""","""","""","""","""","""","""","""","""","""","""","""","""","""","""","""","""","""","""","""","""","""","""","""","""","""","""","""","""","""","""","""","""","""","""","""","""","""","""","""","""","""","""","""","""","""","""","""","""","""","""","""","""","""","""","""","""","""","""","""","""","""","""","""","""","""","""","""","""","""","""","""","""","""","""","""","""","""","""","""","""","""","""","""","""","""","""","""","""","""","""","""","""","""","""","""","""","""","""","""","""","""","""","""","""","""","""","""","""","""","""","""","""","""","""","""","""","""","""","""","""","""","""","""","""","""","""","""","""","""","""","""","""","""","""","""","""","""","""","""","""","""","""","""","""","""","""","""","""","""","""","""","""","""","""","""","""","""","""","""","""","""","""","""","""","""","""","""","""",""""]","","","자료/수식/목록 행: 개별 검증 미완료"
"Me9_작업진척률_260211.xlsx","프로젝트 공정관리","59","["""",""56"","""","""",""커뮤니티 화면로직 연동 개발"",""=IF(G62 = 0%, \""대기\"", IF(G62 >= 100%, \""완료\"", \""진행중\""))"",""0"","""","""","""","""","""","""","""","""","""","""","""","""","""","""","""","""","""","""","""","""","""","""","""","""","""","""","""","""","""","""","""","""","""","""","""","""","""","""","""","""","""","""","""","""","""","""","""","""","""","""","""","""","""","""","""","""","""","""","""","""","""","""","""","""","""","""","""","""","""","""","""","""","""","""","""","""","""","""","""","""","""","""","""","""","""","""","""","""","""","""","""","""","""","""","""","""","""","""","""","""","""","""","""","""","""","""","""","""","""","""","""","""","""","""","""","""","""","""","""","""","""","""","""","""","""","""","""","""","""","""","""","""","""","""","""","""","""","""","""","""","""","""","""","""","""","""","""","""","""","""","""","""","""","""","""","""","""","""","""","""","""","""","""","""","""","""","""","""","""","""","""","""","""","""","""","""","""","""","""","""","""","""","""","""","""","""","""","""","""","""","""","""","""","""","""","""","""","""","""","""","""","""","""","""","""","""","""","""","""","""","""","""","""","""","""","""","""","""","""","""","""","""","""","""","""","""","""","""","""","""","""","""","""","""","""","""","""","""","""","""","""","""","""","""","""","""","""","""","""","""","""","""","""","""","""","""","""","""","""","""","""","""","""","""","""","""","""","""","""","""","""","""","""","""","""","""","""","""","""","""","""","""","""","""","""","""","""","""","""","""","""","""","""","""","""","""","""","""","""","""","""","""","""","""","""","""","""","""","""","""","""","""","""","""","""","""","""","""","""","""","""",""""]","","","자료/수식/목록 행: 개별 검증 미완료"
"Me9_작업진척률_260211.xlsx","프로젝트 공정관리","60","["""",""57"","""",""총관리자 영역"",""접속화면 비즈니스 로직 개발"",""=IF(G63 = 0%, \""대기\"", IF(G63 >= 100%, \""완료\"", \""진행중\""))"",""0"","""","""","""","""","""","""","""","""","""","""","""","""","""","""","""","""","""","""","""","""","""","""","""","""","""","""","""","""","""","""","""","""","""","""","""","""","""","""","""","""","""","""","""","""","""","""","""","""","""","""","""","""","""","""","""","""","""","""","""","""","""","""","""","""","""","""","""","""","""","""","""","""","""","""","""","""","""","""","""","""","""","""","""","""","""","""","""","""","""","""","""","""","""","""","""","""","""","""","""","""","""","""","""","""","""","""","""","""","""","""","""","""","""","""","""","""","""","""","""","""","""","""","""","""","""","""","""","""","""","""","""","""","""","""","""","""","""","""","""","""","""","""","""","""","""","""","""","""","""","""","""","""","""","""","""","""","""","""","""","""","""","""","""","""","""","""","""","""","""","""","""","""","""","""","""","""","""","""","""","""","""","""","""","""","""","""","""","""","""","""","""","""","""","""","""","""","""","""","""","""","""","""","""","""","""","""","""","""","""","""","""","""","""","""","""","""","""","""","""","""","""","""","""","""","""","""","""","""","""","""","""","""","""","""","""","""","""","""","""","""","""","""","""","""","""","""","""","""","""","""","""","""","""","""","""","""","""","""","""","""","""","""","""","""","""","""","""","""","""","""","""","""","""","""","""","""","""","""","""","""","""","""","""","""","""","""","""","""","""","""","""","""","""","""","""","""","""","""","""","""","""","""","""","""","""","""","""","""","""","""","""","""","""","""","""","""","""","""","""","""","""",""""]","","","자료/수식/목록 행: 개별 검증 미완료"
"Me9_작업진척률_260211.xlsx","프로젝트 공정관리","61","["""",""58"","""","""",""접속화면 화면로직 연동 개발"",""=IF(G64 = 0%, \""대기\"", IF(G64 >= 100%, \""완료\"", \""진행중\""))"",""0"","""","""","""","""","""","""","""","""","""","""","""","""","""","""","""","""","""","""","""","""","""","""","""","""","""","""","""","""","""","""","""","""","""","""","""","""","""","""","""","""","""","""","""","""","""","""","""","""","""","""","""","""","""","""","""","""","""","""","""","""","""","""","""","""","""","""","""","""","""","""","""","""","""","""","""","""","""","""","""","""","""","""","""","""","""","""","""","""","""","""","""","""","""","""","""","""","""","""","""","""","""","""","""","""","""","""","""","""","""","""","""","""","""","""","""","""","""","""","""","""","""","""","""","""","""","""","""","""","""","""","""","""","""","""","""","""","""","""","""","""","""","""","""","""","""","""","""","""","""","""","""","""","""","""","""","""","""","""","""","""","""","""","""","""","""","""","""","""","""","""","""","""","""","""","""","""","""","""","""","""","""","""","""","""","""","""","""","""","""","""","""","""","""","""","""","""","""","""","""","""","""","""","""","""","""","""","""","""","""","""","""","""","""","""","""","""","""","""","""","""","""","""","""","""","""","""","""","""","""","""","""","""","""","""","""","""","""","""","""","""","""","""","""","""","""","""","""","""","""","""","""","""","""","""","""","""","""","""","""","""","""","""","""","""","""","""","""","""","""","""","""","""","""","""","""","""","""","""","""","""","""","""","""","""","""","""","""","""","""","""","""","""","""","""","""","""","""","""","""","""","""","""","""","""","""","""","""","""","""","""","""","""","""","""","""","""","""","""","""","""","""",""""]","","","자료/수식/목록 행: 개별 검증 미완료"
"Me9_작업진척률_260211.xlsx","프로젝트 공정관리","62","["""",""59"","""","""",""대시보드 비즈니스 로직 개발"",""=IF(G65 = 0%, \""대기\"", IF(G65 >= 100%, \""완료\"", \""진행중\""))"",""0"","""","""","""","""","""","""","""","""","""","""","""","""","""","""","""","""","""","""","""","""","""","""","""","""","""","""","""","""","""","""","""","""","""","""","""","""","""","""","""","""","""","""","""","""","""","""","""","""","""","""","""","""","""","""","""","""","""","""","""","""","""","""","""","""","""","""","""","""","""","""","""","""","""","""","""","""","""","""","""","""","""","""","""","""","""","""","""","""","""","""","""","""","""","""","""","""","""","""","""","""","""","""","""","""","""","""","""","""","""","""","""","""","""","""","""","""","""","""","""","""","""","""","""","""","""","""","""","""","""","""","""","""","""","""","""","""","""","""","""","""","""","""","""","""","""","""","""","""","""","""","""","""","""","""","""","""","""","""","""","""","""","""","""","""","""","""","""","""","""","""","""","""","""","""","""","""","""","""","""","""","""","""","""","""","""","""","""","""","""","""","""","""","""","""","""","""","""","""","""","""","""","""","""","""","""","""","""","""","""","""","""","""","""","""","""","""","""","""","""","""","""","""","""","""","""","""","""","""","""","""","""","""","""","""","""","""","""","""","""","""","""","""","""","""","""","""","""","""","""","""","""","""","""","""","""","""","""","""","""","""","""","""","""","""","""","""","""","""","""","""","""","""","""","""","""","""","""","""","""","""","""","""","""","""","""","""","""","""","""","""","""","""","""","""","""","""","""","""","""","""","""","""","""","""","""","""","""","""","""","""","""","""","""","""","""","""","""","""","""","""","""",""""]","","","자료/수식/목록 행: 개별 검증 미완료"
"Me9_작업진척률_260211.xlsx","프로젝트 공정관리","63","["""",""60"","""","""",""대시보드 화면로직 연동 개발"",""=IF(G66 = 0%, \""대기\"", IF(G66 >= 100%, \""완료\"", \""진행중\""))"",""0"","""","""","""","""","""","""","""","""","""","""","""","""","""","""","""","""","""","""","""","""","""","""","""","""","""","""","""","""","""","""","""","""","""","""","""","""","""","""","""","""","""","""","""","""","""","""","""","""","""","""","""","""","""","""","""","""","""","""","""","""","""","""","""","""","""","""","""","""","""","""","""","""","""","""","""","""","""","""","""","""","""","""","""","""","""","""","""","""","""","""","""","""","""","""","""","""","""","""","""","""","""","""","""","""","""","""","""","""","""","""","""","""","""","""","""","""","""","""","""","""","""","""","""","""","""","""","""","""","""","""","""","""","""","""","""","""","""","""","""","""","""","""","""","""","""","""","""","""","""","""","""","""","""","""","""","""","""","""","""","""","""","""","""","""","""","""","""","""","""","""","""","""","""","""","""","""","""","""","""","""","""","""","""","""","""","""","""","""","""","""","""","""","""","""","""","""","""","""","""","""","""","""","""","""","""","""","""","""","""","""","""","""","""","""","""","""","""","""","""","""","""","""","""","""","""","""","""","""","""","""","""","""","""","""","""","""","""","""","""","""","""","""","""","""","""","""","""","""","""","""","""","""","""","""","""","""","""","""","""","""","""","""","""","""","""","""","""","""","""","""","""","""","""","""","""","""","""","""","""","""","""","""","""","""","""","""","""","""","""","""","""","""","""","""","""","""","""","""","""","""","""","""","""","""","""","""","""","""","""","""","""","""","""","""","""","""","""","""","""","""","""",""""]","","","자료/수식/목록 행: 개별 검증 미완료"
"Me9_작업진척률_260211.xlsx","프로젝트 공정관리","64","["""",""61"","""","""",""관리용 기능 비즈니스 로직 개발"",""=IF(G67 = 0%, \""대기\"", IF(G67 >= 100%, \""완료\"", \""진행중\""))"",""0"","""","""","""","""","""","""","""","""","""","""","""","""","""","""","""","""","""","""","""","""","""","""","""","""","""","""","""","""","""","""","""","""","""","""","""","""","""","""","""","""","""","""","""","""","""","""","""","""","""","""","""","""","""","""","""","""","""","""","""","""","""","""","""","""","""","""","""","""","""","""","""","""","""","""","""","""","""","""","""","""","""","""","""","""","""","""","""","""","""","""","""","""","""","""","""","""","""","""","""","""","""","""","""","""","""","""","""","""","""","""","""","""","""","""","""","""","""","""","""","""","""","""","""","""","""","""","""","""","""","""","""","""","""","""","""","""","""","""","""","""","""","""","""","""","""","""","""","""","""","""","""","""","""","""","""","""","""","""","""","""","""","""","""","""","""","""","""","""","""","""","""","""","""","""","""","""","""","""","""","""","""","""","""","""","""","""","""","""","""","""","""","""","""","""","""","""","""","""","""","""","""","""","""","""","""","""","""","""","""","""","""","""","""","""","""","""","""","""","""","""","""","""","""","""","""","""","""","""","""","""","""","""","""","""","""","""","""","""","""","""","""","""","""","""","""","""","""","""","""","""","""","""","""","""","""","""","""","""","""","""","""","""","""","""","""","""","""","""","""","""","""","""","""","""","""","""","""","""","""","""","""","""","""","""","""","""","""","""","""","""","""","""","""","""","""","""","""","""","""","""","""","""","""","""","""","""","""","""","""","""","""","""","""","""","""","""","""","""","""","""","""",""""]","","","자료/수식/목록 행: 개별 검증 미완료"
"Me9_작업진척률_260211.xlsx","프로젝트 공정관리","65","["""",""62"","""","""",""관리용 기능 화면로직 연동 개발"",""=IF(G68 = 0%, \""대기\"", IF(G68 >= 100%, \""완료\"", \""진행중\""))"",""0"","""","""","""","""","""","""","""","""","""","""","""","""","""","""","""","""","""","""","""","""","""","""","""","""","""","""","""","""","""","""","""","""","""","""","""","""","""","""","""","""","""","""","""","""","""","""","""","""","""","""","""","""","""","""","""","""","""","""","""","""","""","""","""","""","""","""","""","""","""","""","""","""","""","""","""","""","""","""","""","""","""","""","""","""","""","""","""","""","""","""","""","""","""","""","""","""","""","""","""","""","""","""","""","""","""","""","""","""","""","""","""","""","""","""","""","""","""","""","""","""","""","""","""","""","""","""","""","""","""","""","""","""","""","""","""","""","""","""","""","""","""","""","""","""","""","""","""","""","""","""","""","""","""","""","""","""","""","""","""","""","""","""","""","""","""","""","""","""","""","""","""","""","""","""","""","""","""","""","""","""","""","""","""","""","""","""","""","""","""","""","""","""","""","""","""","""","""","""","""","""","""","""","""","""","""","""","""","""","""","""","""","""","""","""","""","""","""","""","""","""","""","""","""","""","""","""","""","""","""","""","""","""","""","""","""","""","""","""","""","""","""","""","""","""","""","""","""","""","""","""","""","""","""","""","""","""","""","""","""","""","""","""","""","""","""","""","""","""","""","""","""","""","""","""","""","""","""","""","""","""","""","""","""","""","""","""","""","""","""","""","""","""","""","""","""","""","""","""","""","""","""","""","""","""","""","""","""","""","""","""","""","""","""","""","""","""","""","""","""","""","""",""""]","","","자료/수식/목록 행: 개별 검증 미완료"
"Me9_작업진척률_260211.xlsx","프로젝트 공정관리","66","["""",""63"",""테스트"",""단위테스트"",""단위테스트"",""=IF(G69 = 0%, \""대기\"", IF(G69 >= 100%, \""완료\"", \""진행중\""))"",""0"","""","""","""","""","""","""","""","""","""","""","""","""","""","""","""","""","""","""","""","""","""","""","""","""","""","""","""","""","""","""","""","""","""","""","""","""","""","""","""","""","""","""","""","""","""","""","""","""","""","""","""","""","""","""","""","""","""","""","""","""","""","""","""","""","""","""","""","""","""","""","""","""","""","""","""","""","""","""","""","""","""","""","""","""","""","""","""","""","""","""","""","""","""","""","""","""","""","""","""","""","""","""","""","""","""","""","""","""","""","""","""","""","""","""","""","""","""","""","""","""","""","""","""","""","""","""","""","""","""","""","""","""","""","""","""","""","""","""","""","""","""","""","""","""","""","""","""","""","""","""","""","""","""","""","""","""","""","""","""","""","""","""","""","""","""","""","""","""","""","""","""","""","""","""","""","""","""","""","""","""","""","""","""","""","""","""","""","""","""","""","""","""","""","""","""","""","""","""","""","""","""","""","""","""","""","""","""","""","""","""","""","""","""","""","""","""","""","""","""","""","""","""","""","""","""","""","""","""","""","""","""","""","""","""","""","""","""","""","""","""","""","""","""","""","""","""","""","""","""","""","""","""","""","""","""","""","""","""","""","""","""","""","""","""","""","""","""","""","""","""","""","""","""","""","""","""","""","""","""","""","""","""","""","""","""","""","""","""","""","""","""","""","""","""","""","""","""","""","""","""","""","""","""","""","""","""","""","""","""","""","""","""","""","""","""","""","""","""","""","""","""",""""]","","","자료/수식/목록 행: 개별 검증 미완료"
"Me9_작업진척률_260211.xlsx","프로젝트 공정관리","67","["""",""64"","""",""통합테스트"",""통합테스트"",""=IF(G70 = 0%, \""대기\"", IF(G70 >= 100%, \""완료\"", \""진행중\""))"",""0"","""","""","""","""","""","""","""","""","""","""","""","""","""","""","""","""","""","""","""","""","""","""","""","""","""","""","""","""","""","""","""","""","""","""","""","""","""","""","""","""","""","""","""","""","""","""","""","""","""","""","""","""","""","""","""","""","""","""","""","""","""","""","""","""","""","""","""","""","""","""","""","""","""","""","""","""","""","""","""","""","""","""","""","""","""","""","""","""","""","""","""","""","""","""","""","""","""","""","""","""","""","""","""","""","""","""","""","""","""","""","""","""","""","""","""","""","""","""","""","""","""","""","""","""","""","""","""","""","""","""","""","""","""","""","""","""","""","""","""","""","""","""","""","""","""","""","""","""","""","""","""","""","""","""","""","""","""","""","""","""","""","""","""","""","""","""","""","""","""","""","""","""","""","""","""","""","""","""","""","""","""","""","""","""","""","""","""","""","""","""","""","""","""","""","""","""","""","""","""","""","""","""","""","""","""","""","""","""","""","""","""","""","""","""","""","""","""","""","""","""","""","""","""","""","""","""","""","""","""","""","""","""","""","""","""","""","""","""","""","""","""","""","""","""","""","""","""","""","""","""","""","""","""","""","""","""","""","""","""","""","""","""","""","""","""","""","""","""","""","""","""","""","""","""","""","""","""","""","""","""","""","""","""","""","""","""","""","""","""","""","""","""","""","""","""","""","""","""","""","""","""","""","""","""","""","""","""","""","""","""","""","""","""","""","""","""","""","""","""","""","""",""""]","","","자료/수식/목록 행: 개별 검증 미완료"
"Me9_필요HTML파일_3종비교_20260809.xlsx","요약","1","[""구분"",""건수"",""판단""]","","","자료/수식/목록 행: 개별 검증 미완료"
"Me9_필요HTML파일_3종비교_20260809.xlsx","요약","2","[""FileMap 전체 화면 항목"",""170"",""FileMap의 SB Page 기준""]","","","자료/수식/목록 행: 개별 검증 미완료"
"Me9_필요HTML파일_3종비교_20260809.xlsx","요약","3","[""FileMap 파일요청중"",""62"",""무조건 실제 HTML 필요""]","","","자료/수식/목록 행: 개별 검증 미완료"
"Me9_필요HTML파일_3종비교_20260809.xlsx","요약","4","[""FileMap 상태 공란"",""4"",""무조건 확인 및 실제 HTML 필요""]","","","자료/수식/목록 행: 개별 검증 미완료"
"Me9_필요HTML파일_3종비교_20260809.xlsx","요약","5","[""FileMap 파일검수중"",""104"",""원본 HTML이 있으면 신규 제외 가능. Codex 임시 파일로 대체하면 안 됨""]","","","자료/수식/목록 행: 개별 검증 미완료"
"Me9_필요HTML파일_3종비교_20260809.xlsx","요약","6","[""작업진척률 WBS 대기"",""61"",""개발/화면로직 기준 대부분 대기 0%""]","","","자료/수식/목록 행: 개별 검증 미완료"
"Me9_필요HTML파일_3종비교_20260809.xlsx","요약","7","[""Ver3.0 추가/세분화 주요 항목"",""11"",""FileMap V1.2.6에 없거나 RF-02-08 정산처럼 신규 추가""]","RF-02-08","","자료/수식/목록 행: 개별 검증 미완료"
"Me9_필요HTML파일_3종비교_20260809.xlsx","요약","8","[""Codex 임시/샘플 파일 묶음"",""16"",""모두 실제 HTML 필요 또는 운영 제외 결정 필요""]","","","자료/수식/목록 행: 개별 검증 미완료"
"Me9_필요HTML파일_3종비교_20260809.xlsx","최종_필요HTML","1","[""구분"",""스토리보드 No"",""웹 영역"",""스토리보드 영역"",""스토리보드 상세명"",""페이지 종류"",""Page Path"",""FileMap 상태"",""판단"",""근거""]","","","자료/수식/목록 행: 개별 검증 미완료"
"Me9_필요HTML파일_3종비교_20260809.xlsx","최종_필요HTML","2","[""FileMap 필요"",""RF-01-01"",""홈페이지"",""main"",""메인 페이지"",""Page"",""/homepage/main/index.html"",""파일요청중"",""실제 HTML 필요"",""FileMap에서 파일요청중/상태공란""]","RF-01-01","7","관련 RF 검수표 참조; 개별 원문행 인수 미완료"
"Me9_필요HTML파일_3종비교_20260809.xlsx","최종_필요HTML","3","[""FileMap 필요"",""RF-01-02"",""2.0"",""서비스안내"",""서비스 안내 페이지"",""Page"",""/homepage/company/service.html"",""파일요청중"",""실제 HTML 필요"",""FileMap에서 파일요청중/상태공란""]","RF-01-02","9","관련 RF 검수표 참조; 개별 원문행 인수 미완료"
"Me9_필요HTML파일_3종비교_20260809.xlsx","최종_필요HTML","4","[""FileMap 필요"",""RF-01-03"",""3.0"",""주요기능"",""주요기능 소개 페이지"",""Page"",""/homepage/company/features.html"",""파일요청중"",""실제 HTML 필요"",""FileMap에서 파일요청중/상태공란""]","RF-01-03","11","관련 RF 검수표 참조; 개별 원문행 인수 미완료"
"Me9_필요HTML파일_3종비교_20260809.xlsx","최종_필요HTML","5","[""FileMap 필요"",""RF-01-04"",""4.0"",""가입안내"",""가입 안내 페이지"",""Page"",""/homepage/company/subscription_information.html"",""파일요청중"",""실제 HTML 필요"",""FileMap에서 파일요청중/상태공란""]","RF-01-04","13","관련 RF 검수표 참조; 개별 원문행 인수 미완료"
"Me9_필요HTML파일_3종비교_20260809.xlsx","최종_필요HTML","6","[""FileMap 필요"",""RF-01-06-01"",""9.0"",""주문확인 > 주문조회"",""주문조회 입력 페이지"",""Page"",""/homepage/order/general_order_confirm.html"",""파일요청중"",""실제 HTML 필요"",""FileMap에서 파일요청중/상태공란""]","RF-01-06-01","20","관련 RF 검수표 참조; 개별 원문행 인수 미완료"
"Me9_필요HTML파일_3종비교_20260809.xlsx","최종_필요HTML","7","[""FileMap 필요"",""RF-01-06-02"",""10.0"",""주문상세보기"",""주문상세 페이지"",""Page"",""/homepage/order/general_order_detail.html"",""파일요청중"",""실제 HTML 필요"",""FileMap에서 파일요청중/상태공란""]","RF-01-06-02","21","관련 RF 검수표 참조; 개별 원문행 인수 미완료"
"Me9_필요HTML파일_3종비교_20260809.xlsx","최종_필요HTML","8","[""FileMap 필요"",""RF-01-06-02-1"",""11.0"",""취소 신청"",""취소 신청 페이지"",""Popup"",""(FileMap path 공란)"",""파일요청중"",""실제 HTML 필요"",""FileMap에서 파일요청중/상태공란""]","RF-01-06-02-1","22","관련 RF 검수표 참조; 개별 원문행 인수 미완료"
"Me9_필요HTML파일_3종비교_20260809.xlsx","최종_필요HTML","9","[""FileMap 필요"",""RF-01-06-02-2"",""12.0"",""반품 신청"",""반품 신청 페이지"",""Popup"",""(FileMap path 공란)"",""파일요청중"",""실제 HTML 필요"",""FileMap에서 파일요청중/상태공란""]","RF-01-06-02-2","23","관련 RF 검수표 참조; 개별 원문행 인수 미완료"
"Me9_필요HTML파일_3종비교_20260809.xlsx","최종_필요HTML","10","[""FileMap 필요"",""RF-01-06-02-3"",""13.0"",""교환 신청"",""교환 신청 페이지"",""Popup"",""(FileMap path 공란)"",""파일요청중"",""실제 HTML 필요"",""FileMap에서 파일요청중/상태공란""]","RF-01-06-02-3","24","관련 RF 검수표 참조; 개별 원문행 인수 미완료"
"Me9_필요HTML파일_3종비교_20260809.xlsx","최종_필요HTML","11","[""FileMap 필요"",""RF-01-06-02-4"",""14.0"",""구매 확정"",""구매 확정 페이지"",""Popup"",""(FileMap path 공란)"",""파일요청중"",""실제 HTML 필요"",""FileMap에서 파일요청중/상태공란""]","RF-01-06-02-4","25","관련 RF 검수표 참조; 개별 원문행 인수 미완료"
"Me9_필요HTML파일_3종비교_20260809.xlsx","최종_필요HTML","12","[""FileMap 필요"",""RF-01-06-02-5"",""15.0"",""판매자 문의하기"",""판매자 문의하기 페이지"",""Popup"",""(FileMap path 공란)"",""파일요청중"",""실제 HTML 필요"",""FileMap에서 파일요청중/상태공란""]","RF-01-06-02-5","26","관련 RF 검수표 참조; 개별 원문행 인수 미완료"
"Me9_필요HTML파일_3종비교_20260809.xlsx","최종_필요HTML","13","[""FileMap 필요"",""RF-01-07-04-1"",""22.0"",""비밀번호 변경"",""비밀번호 변경 페이지"",""Popup"",""/homepage/member/pop.pw_update.html"",""파일요청중"",""실제 HTML 필요"",""FileMap에서 파일요청중/상태공란""]","RF-01-07-04-1","32","관련 RF 검수표 참조; 개별 원문행 인수 미완료"
"Me9_필요HTML파일_3종비교_20260809.xlsx","최종_필요HTML","14","[""FileMap 필요"",""RF-01-07-09"",""홈페이지\n마이페이지"",""대시보드"",""대시보기 페이지"",""Page"",""/homepage/mypage/dashboard.html"",""파일요청중"",""실제 HTML 필요"",""FileMap에서 파일요청중/상태공란""]","RF-01-07-09","37","관련 RF 검수표 참조; 개별 원문행 인수 미완료"
"Me9_필요HTML파일_3종비교_20260809.xlsx","최종_필요HTML","15","[""FileMap 필요"",""RF-01-07-19"",""36.0"",""취소 목록"",""취소 주문 목록 페이지"",""Page"",""/homepage/mypage/order02.html"",""파일요청중"",""실제 HTML 필요"",""FileMap에서 파일요청중/상태공란""]","RF-01-07-19","61","관련 RF 검수표 참조; 개별 원문행 인수 미완료"
"Me9_필요HTML파일_3종비교_20260809.xlsx","최종_필요HTML","16","[""FileMap 필요"",""RF-01-07-20"",""37.0"",""반품 목록"",""반품 주문 목록 페이지"",""Page"",""/homepage/mypage/order03.html"",""파일요청중"",""실제 HTML 필요"",""FileMap에서 파일요청중/상태공란""]","RF-01-07-20","62","관련 RF 검수표 참조; 개별 원문행 인수 미완료"
"Me9_필요HTML파일_3종비교_20260809.xlsx","최종_필요HTML","17","[""FileMap 필요"",""RF-01-07-21"",""38.0"",""교환 목록"",""교환 주문 목록 페이지"",""Page"",""/homepage/mypage/order04.html"",""파일요청중"",""실제 HTML 필요"",""FileMap에서 파일요청중/상태공란""]","RF-01-07-21","63","관련 RF 검수표 참조; 개별 원문행 인수 미완료"
"Me9_필요HTML파일_3종비교_20260809.xlsx","최종_필요HTML","18","[""FileMap 필요"",""RF-01-07-22"",""39.0"",""주문 상세"",""주문 상세 페이지"",""Page"",""(FileMap path 공란)"",""파일요청중"",""실제 HTML 필요"",""FileMap에서 파일요청중/상태공란""]","RF-01-07-22","64","관련 RF 검수표 참조; 개별 원문행 인수 미완료"
"Me9_필요HTML파일_3종비교_20260809.xlsx","최종_필요HTML","19","[""FileMap 필요"",""RF-01-07-14"",""40.0"",""방문한 채널"",""방문한 채널 페이지"",""Page"",""/homepage/mypage/channel_visited.html"",""파일요청중"",""실제 HTML 필요"",""FileMap에서 파일요청중/상태공란""]","RF-01-07-14","47","관련 RF 검수표 참조; 개별 원문행 인수 미완료"
"Me9_필요HTML파일_3종비교_20260809.xlsx","최종_필요HTML","20","[""FileMap 필요"",""RF-01-07-15"",""41.0"",""포인트 관리 > 포인트 현황"",""포인트 현황"",""Page"",""(FileMap path 공란)"",""파일요청중"",""실제 HTML 필요"",""FileMap에서 파일요청중/상태공란""]","RF-01-07-15","49","관련 RF 검수표 참조; 개별 원문행 인수 미완료"
"Me9_필요HTML파일_3종비교_20260809.xlsx","최종_필요HTML","21","[""FileMap 필요"",""RF-01-07-15-2"",""42.0"",""포인트 이력"",""포인트 관리 페이지"",""Page"",""/homepage/mypage/point.html"",""파일요청중"",""실제 HTML 필요"",""FileMap에서 파일요청중/상태공란""]","RF-01-07-15-2","51","관련 RF 검수표 참조; 개별 원문행 인수 미완료"
"Me9_필요HTML파일_3종비교_20260809.xlsx","최종_필요HTML","22","[""FileMap 필요"",""RF-01-07-16"",""43.0"",""장바구니 목록"",""장바구니 목록 페이지"",""Page"",""/homepage/mypage/shopping_basket.html"",""파일요청중"",""실제 HTML 필요"",""FileMap에서 파일요청중/상태공란""]","RF-01-07-16","52","관련 RF 검수표 참조; 개별 원문행 인수 미완료"
"Me9_필요HTML파일_3종비교_20260809.xlsx","최종_필요HTML","23","[""FileMap 필요"",""RF-01-07-17"",""44.0"",""찜한 상품 목록"",""찜한 상품 목록 페이지"",""Page"",""/homepage/mypage/wishlist.html"",""파일요청중"",""실제 HTML 필요"",""FileMap에서 파일요청중/상태공란""]","RF-01-07-17","54","관련 RF 검수표 참조; 개별 원문행 인수 미완료"
"Me9_필요HTML파일_3종비교_20260809.xlsx","최종_필요HTML","24","[""FileMap 필요"",""RF-02-03-01"",""47.0"",""정보 관리"",""정보 관리 페이지"",""Page"",""(FileMap path 공란)"",""파일요청중"",""실제 HTML 필요"",""FileMap에서 파일요청중/상태공란""]","RF-02-03-01","72","관련 RF 검수표 참조; 개별 원문행 인수 미완료"
"Me9_필요HTML파일_3종비교_20260809.xlsx","최종_필요HTML","25","[""FileMap 필요"",""RF-02-03-01-1"",""48.0"",""비밀번호 변경"",""비밀번호 변경 페이지"",""Layer"",""(FileMap path 공란)"",""파일요청중"",""실제 HTML 필요"",""FileMap에서 파일요청중/상태공란""]","RF-02-03-01-1","73","관련 RF 검수표 참조; 개별 원문행 인수 미완료"
"Me9_필요HTML파일_3종비교_20260809.xlsx","최종_필요HTML","26","[""FileMap 필요"",""RF-02-06-01"",""83.0"",""공동구매 관리 > 공동구매 상품 목록"",""공동구매상품 목록 페이지"",""Page"",""(FileMap path 공란)"",""파일요청중"",""실제 HTML 필요"",""FileMap에서 파일요청중/상태공란""]","RF-02-06-01","128","관련 RF 검수표 참조; 개별 원문행 인수 미완료"
"Me9_필요HTML파일_3종비교_20260809.xlsx","최종_필요HTML","27","[""FileMap 필요"",""RF-02-06-02"",""84.0"",""공동구매 상품 등록"",""공동구매상품 등록 페이지"",""Page"",""(FileMap path 공란)"",""파일요청중"",""실제 HTML 필요"",""FileMap에서 파일요청중/상태공란""]","RF-02-06-02","130","관련 RF 검수표 참조; 개별 원문행 인수 미완료"
"Me9_필요HTML파일_3종비교_20260809.xlsx","최종_필요HTML","28","[""FileMap 필요"",""RF-02-06-02-5"",""85.0"",""발주 담당자 찾기"",""발주 담당자 찾기 페이지"",""Popup"",""(FileMap path 공란)"",""(상태 공란)"",""실제 HTML 필요"",""FileMap에서 파일요청중/상태공란""]","RF-02-06-02-5","135","관련 RF 검수표 참조; 개별 원문행 인수 미완료"
"Me9_필요HTML파일_3종비교_20260809.xlsx","최종_필요HTML","29","[""FileMap 필요"",""RF-02-06-03"",""86.0"",""공동구매 상품 수정"",""공동구매상품 수정 페이지"",""Page"",""(FileMap path 공란)"",""(상태 공란)"",""실제 HTML 필요"",""FileMap에서 파일요청중/상태공란""]","RF-02-06-03","136","관련 RF 검수표 참조; 개별 원문행 인수 미완료"
"Me9_필요HTML파일_3종비교_20260809.xlsx","최종_필요HTML","30","[""FileMap 필요"",""RF-02-08-01"",""107.0"",""정산 관리 > 정산관리"",""정산 관리 페이지"",""Page"",""(FileMap path 공란)"",""파일요청중"",""실제 HTML 필요"",""FileMap에서 파일요청중/상태공란""]","RF-02-08-01","168","관련 RF 검수표 참조; 개별 원문행 인수 미완료"
"Me9_필요HTML파일_3종비교_20260809.xlsx","최종_필요HTML","31","[""FileMap 필요"",""RF-02-11-01-1"",""117.0"",""환급 요청"",""환급 요청 페이지"",""Layer"",""(FileMap path 공란)"",""파일요청중"",""실제 HTML 필요"",""FileMap에서 파일요청중/상태공란""]","RF-02-11-01-1","190","관련 RF 검수표 참조; 개별 원문행 인수 미완료"
"Me9_필요HTML파일_3종비교_20260809.xlsx","최종_필요HTML","32","[""FileMap 필요"",""RF-02-11-01-2"",""118.0"",""포인트 구매"",""포인트 구매 페이지"",""Layer"",""(FileMap path 공란)"",""파일요청중"",""실제 HTML 필요"",""FileMap에서 파일요청중/상태공란""]","RF-02-11-01-2","191","관련 RF 검수표 참조; 개별 원문행 인수 미완료"
"Me9_필요HTML파일_3종비교_20260809.xlsx","최종_필요HTML","33","[""FileMap 필요"",""RF-03-01-01"",""Shop 채널"",""입장 코드 확인"",""입장 코드 확인 페이지"",""Page"",""shop/code_confirm.html"",""파일요청중"",""실제 HTML 필요"",""FileMap에서 파일요청중/상태공란""]","RF-03-01-01","211;212","관련 RF 검수표 참조; 개별 원문행 인수 미완료"
"Me9_필요HTML파일_3종비교_20260809.xlsx","최종_필요HTML","34","[""FileMap 필요"",""RF-03-01-02"",""128.0"",""로그인"",""로그인 페이지"",""Page"",""shop/login.html"",""파일요청중"",""실제 HTML 필요"",""FileMap에서 파일요청중/상태공란""]","RF-03-01-02","213","관련 RF 검수표 참조; 개별 원문행 인수 미완료"
"Me9_필요HTML파일_3종비교_20260809.xlsx","최종_필요HTML","35","[""FileMap 필요"",""RF-03-02-01"",""129.0"",""간편 회원 가입"",""간편 회원 가입 페이지"",""Page"",""shop/social_join.html"",""파일요청중"",""실제 HTML 필요"",""FileMap에서 파일요청중/상태공란""]","RF-03-02-01","215","관련 RF 검수표 참조; 개별 원문행 인수 미완료"
"Me9_필요HTML파일_3종비교_20260809.xlsx","최종_필요HTML","36","[""FileMap 필요"",""RF-03-03-01"",""130.0"",""메인"",""메인 페이지"",""Page"",""shop/main.html"",""파일요청중"",""실제 HTML 필요"",""FileMap에서 파일요청중/상태공란""]","RF-03-03-01","217","관련 RF 검수표 참조; 개별 원문행 인수 미완료"
"Me9_필요HTML파일_3종비교_20260809.xlsx","최종_필요HTML","37","[""FileMap 필요"",""RF-03-04-01"",""131.0"",""상품 영역 > 일반 상품"",""일반상품 영역 페이지"",""Page"",""shop/product_list.html"",""파일요청중"",""실제 HTML 필요"",""FileMap에서 파일요청중/상태공란""]","RF-03-04-01","219","관련 RF 검수표 참조; 개별 원문행 인수 미완료"
"Me9_필요HTML파일_3종비교_20260809.xlsx","최종_필요HTML","38","[""FileMap 필요"",""RF-03-04-02-6"",""132.0"",""공동 구매"",""공동구매 상품 영역 페이지"",""Page"",""(FileMap path 공란)"",""(상태 공란)"",""실제 HTML 필요"",""FileMap에서 파일요청중/상태공란""]","RF-03-04-02-6","226","관련 RF 검수표 참조; 개별 원문행 인수 미완료"
"Me9_필요HTML파일_3종비교_20260809.xlsx","최종_필요HTML","39","[""FileMap 필요"",""RF-03-04-02"",""133.0"",""상품영역 상세 > 일반상품 상세"",""일반상품 영역 상세 페이지"",""Page"",""shop/product_view.html"",""파일요청중"",""실제 HTML 필요"",""FileMap에서 파일요청중/상태공란""]","RF-03-04-02","220","관련 RF 검수표 참조; 개별 원문행 인수 미완료"
"Me9_필요HTML파일_3종비교_20260809.xlsx","최종_필요HTML","40","[""FileMap 필요"",""RF-03-04-02-4"",""134.0"",""상품 문의하기"",""상품 문의하기 페이지"",""Popup"",""shop/pop.product_view_contact_us.html"",""파일요청중"",""실제 HTML 필요"",""FileMap에서 파일요청중/상태공란""]","RF-03-04-02-4","224","관련 RF 검수표 참조; 개별 원문행 인수 미완료"
"Me9_필요HTML파일_3종비교_20260809.xlsx","최종_필요HTML","41","[""FileMap 필요"",""RF-03-04-02-7"",""135.0"",""공동구매 상세"",""공동구매 상품 상세 페이지"",""Page"",""(FileMap path 공란)"",""(상태 공란)"",""실제 HTML 필요"",""FileMap에서 파일요청중/상태공란""]","RF-03-04-02-7","227","관련 RF 검수표 참조; 개별 원문행 인수 미완료"
"Me9_필요HTML파일_3종비교_20260809.xlsx","최종_필요HTML","42","[""FileMap 필요"",""RF-03-04-03"",""136.0"",""장바구니"",""장바구니 페이지"",""Page"",""shop/shopping_basket.html"",""파일요청중"",""실제 HTML 필요"",""FileMap에서 파일요청중/상태공란""]","RF-03-04-03","228","관련 RF 검수표 참조; 개별 원문행 인수 미완료"
"Me9_필요HTML파일_3종비교_20260809.xlsx","최종_필요HTML","43","[""FileMap 필요"",""RF-03-04-03"",""137.0"",""옵션 변경"",""옵션 변경 페이지"",""Popup"",""shop/pop.shopping_basket_option.html"",""파일요청중"",""실제 HTML 필요"",""FileMap에서 파일요청중/상태공란""]","RF-03-04-03","228","관련 RF 검수표 참조; 개별 원문행 인수 미완료"
"Me9_필요HTML파일_3종비교_20260809.xlsx","최종_필요HTML","44","[""FileMap 필요"",""RF-03-04-04"",""138.0"",""주문서 작성"",""주문서 작성 페이지"",""Page"",""shop/order_form.html"",""파일요청중"",""실제 HTML 필요"",""FileMap에서 파일요청중/상태공란""]","RF-03-04-04","229","관련 RF 검수표 참조; 개별 원문행 인수 미완료"
"Me9_필요HTML파일_3종비교_20260809.xlsx","최종_필요HTML","45","[""FileMap 필요"",""RF-03-04-05"",""139.0"",""주문 완료"",""주문 완료 페이지"",""Page"",""shop/order_completed.html"",""파일요청중"",""실제 HTML 필요"",""FileMap에서 파일요청중/상태공란""]","RF-03-04-05","230","관련 RF 검수표 참조; 개별 원문행 인수 미완료"
"Me9_필요HTML파일_3종비교_20260809.xlsx","최종_필요HTML","46","[""FileMap 필요"",""RF-03-04-06"",""140.0"",""구매내역 확인"",""주문 내역 페이지"",""Page"",""shop/purchase_history.html"",""파일요청중"",""실제 HTML 필요"",""FileMap에서 파일요청중/상태공란""]","RF-03-04-06","231","관련 RF 검수표 참조; 개별 원문행 인수 미완료"
"Me9_필요HTML파일_3종비교_20260809.xlsx","최종_필요HTML","47","[""FileMap 필요"",""RF-03-05-01"",""141.0"",""주문 영역"",""주문 조회 페이지"",""Page"",""shop/order_confirm.html"",""파일요청중"",""실제 HTML 필요"",""FileMap에서 파일요청중/상태공란""]","RF-03-05-01","233","관련 RF 검수표 참조; 개별 원문행 인수 미완료"
"Me9_필요HTML파일_3종비교_20260809.xlsx","최종_필요HTML","48","[""FileMap 필요"",""RF-03-05-02"",""142.0"",""주문 관리 > 주문"",""주문 관리 페이지"",""Page"",""shop/order_details.html"",""파일요청중"",""실제 HTML 필요"",""FileMap에서 파일요청중/상태공란""]","RF-03-05-02","234","관련 RF 검수표 참조; 개별 원문행 인수 미완료"
"Me9_필요HTML파일_3종비교_20260809.xlsx","최종_필요HTML","49","[""FileMap 필요"",""RF-03-05-02-1"",""143.0"",""판매자 문의하기"",""판매자 문의하기 페이지"",""Popup"",""shop/pop.order_details_contact_us.html"",""파일요청중"",""실제 HTML 필요"",""FileMap에서 파일요청중/상태공란""]","RF-03-05-02-1","235","관련 RF 검수표 참조; 개별 원문행 인수 미완료"
"Me9_필요HTML파일_3종비교_20260809.xlsx","최종_필요HTML","50","[""FileMap 필요"",""RF-03-05-02-2"",""144.0"",""취소 신청"",""취소 신청 페이지"",""Popup"",""shop/pop.order_details_cancel_request.html"",""파일요청중"",""실제 HTML 필요"",""FileMap에서 파일요청중/상태공란""]","RF-03-05-02-2","236","관련 RF 검수표 참조; 개별 원문행 인수 미완료"
"Me9_필요HTML파일_3종비교_20260809.xlsx","최종_필요HTML","51","[""FileMap 필요"",""RF-03-05-02-3"",""145.0"",""반품 신청"",""반품 신청 페이지"",""Popup"",""shop/pop.order_details_return_request.html"",""파일요청중"",""실제 HTML 필요"",""FileMap에서 파일요청중/상태공란""]","RF-03-05-02-3","237","관련 RF 검수표 참조; 개별 원문행 인수 미완료"
"Me9_필요HTML파일_3종비교_20260809.xlsx","최종_필요HTML","52","[""FileMap 필요"",""RF-03-05-02-4"",""146.0"",""교환 신청"",""교환 신청 페이지"",""Popup"",""shop/pop.order_details_exchange_request.html"",""파일요청중"",""실제 HTML 필요"",""FileMap에서 파일요청중/상태공란""]","RF-03-05-02-4","238","관련 RF 검수표 참조; 개별 원문행 인수 미완료"
"Me9_필요HTML파일_3종비교_20260809.xlsx","최종_필요HTML","53","[""FileMap 필요"",""RF-03-05-02-5"",""147.0"",""구매 확정"",""구매 확정 페이지"",""Popup"",""shop/pop.order_details_purchase_confirm.html"",""파일요청중"",""실제 HTML 필요"",""FileMap에서 파일요청중/상태공란""]","RF-03-05-02-5","239","관련 RF 검수표 참조; 개별 원문행 인수 미완료"
"Me9_필요HTML파일_3종비교_20260809.xlsx","최종_필요HTML","54","[""FileMap 필요"",""RF-03-05-06"",""148.0"",""주문 상세"",""주문 상세 페이지"",""Page"",""shop/order_details_view.html"",""파일요청중"",""실제 HTML 필요"",""FileMap에서 파일요청중/상태공란""]","RF-03-05-06","243","관련 RF 검수표 참조; 개별 원문행 인수 미완료"
"Me9_필요HTML파일_3종비교_20260809.xlsx","최종_필요HTML","55","[""FileMap 필요"",""RF-03-05-03"",""149.0"",""취소"",""취소 주문 목록 페이지"",""Page"",""shop/cancel_details.html"",""파일요청중"",""실제 HTML 필요"",""FileMap에서 파일요청중/상태공란""]","RF-03-05-03","240","관련 RF 검수표 참조; 개별 원문행 인수 미완료"
"Me9_필요HTML파일_3종비교_20260809.xlsx","최종_필요HTML","56","[""FileMap 필요"",""RF-03-05-04"",""150.0"",""반품"",""반품 주문 목록 페이지"",""Page"",""shop/return_details.html"",""파일요청중"",""실제 HTML 필요"",""FileMap에서 파일요청중/상태공란""]","RF-03-05-04","241","관련 RF 검수표 참조; 개별 원문행 인수 미완료"
"Me9_필요HTML파일_3종비교_20260809.xlsx","최종_필요HTML","57","[""FileMap 필요"",""RF-03-05-05"",""151.0"",""교환"",""교환 주문 목록 페이지"",""Page"",""shop/exchange_details.html"",""파일요청중"",""실제 HTML 필요"",""FileMap에서 파일요청중/상태공란""]","RF-03-05-05","242","관련 RF 검수표 참조; 개별 원문행 인수 미완료"
"Me9_필요HTML파일_3종비교_20260809.xlsx","최종_필요HTML","58","[""FileMap 필요"",""RF-03-06-01"",""152.0"",""공지사항 > 공지사항 목록"",""공지사항 목록 페이지"",""Page"",""shop/notice_list.html"",""파일요청중"",""실제 HTML 필요"",""FileMap에서 파일요청중/상태공란""]","RF-03-06-01","245","관련 RF 검수표 참조; 개별 원문행 인수 미완료"
"Me9_필요HTML파일_3종비교_20260809.xlsx","최종_필요HTML","59","[""FileMap 필요"",""RF-03-06-02"",""153.0"",""공지사항 상세"",""공지사항 상세 페이지"",""Page"",""shop/notice_view.html"",""파일요청중"",""실제 HTML 필요"",""FileMap에서 파일요청중/상태공란""]","RF-03-06-02","246","관련 RF 검수표 참조; 개별 원문행 인수 미완료"
"Me9_필요HTML파일_3종비교_20260809.xlsx","최종_필요HTML","60","[""FileMap 필요"",""RF-04-01-01"",""발주사 페이지"",""로그인"",""로그인 페이지"",""Page"",""purchase/login.html"",""파일요청중"",""실제 HTML 필요"",""FileMap에서 파일요청중/상태공란""]","RF-04-01-01","249","관련 RF 검수표 참조; 개별 원문행 인수 미완료"
"Me9_필요HTML파일_3종비교_20260809.xlsx","최종_필요HTML","61","[""FileMap 필요"",""RF-04-02-01"",""155.0"",""발주 관리 > 발주 대기"",""발주 대기 목록 페이지"",""Page"",""purchase/waiting_list.html"",""파일요청중"",""실제 HTML 필요"",""FileMap에서 파일요청중/상태공란""]","RF-04-02-01","251","관련 RF 검수표 참조; 개별 원문행 인수 미완료"
"Me9_필요HTML파일_3종비교_20260809.xlsx","최종_필요HTML","62","[""FileMap 필요"",""RF-04-02-01-1"",""156.0"",""발주 처리"",""발주 처리 페이지"",""Popup"",""purchase/pop.process.html"",""파일요청중"",""실제 HTML 필요"",""FileMap에서 파일요청중/상태공란""]","RF-04-02-01-1","252","관련 RF 검수표 참조; 개별 원문행 인수 미완료"
"Me9_필요HTML파일_3종비교_20260809.xlsx","최종_필요HTML","63","[""FileMap 필요"",""RF-04-02-01-2"",""157.0"",""보기"",""발주 대기 상세 페이지"",""Popup"",""purchase/pop.waiting_view.html"",""파일요청중"",""실제 HTML 필요"",""FileMap에서 파일요청중/상태공란""]","RF-04-02-01-2","253","관련 RF 검수표 참조; 개별 원문행 인수 미완료"
"Me9_필요HTML파일_3종비교_20260809.xlsx","최종_필요HTML","64","[""FileMap 필요"",""RF-04-02-01-2"",""158.0"",""수정"",""발주 대기 수정 페이지"",""Popup"",""purchase/pop.waiting_update.html"",""파일요청중"",""실제 HTML 필요"",""FileMap에서 파일요청중/상태공란""]","RF-04-02-01-2","253","관련 RF 검수표 참조; 개별 원문행 인수 미완료"
"Me9_필요HTML파일_3종비교_20260809.xlsx","최종_필요HTML","65","[""FileMap 필요"",""RF-04-02-02"",""159.0"",""발주 완료"",""발주 완료 목록 페이지"",""Page"",""purchase/completed_list.html"",""파일요청중"",""실제 HTML 필요"",""FileMap에서 파일요청중/상태공란""]","RF-04-02-02","254","관련 RF 검수표 참조; 개별 원문행 인수 미완료"
"Me9_필요HTML파일_3종비교_20260809.xlsx","최종_필요HTML","66","[""FileMap 필요"",""RF-04-02-02-1"",""160.0"",""보기"",""발주 완료 상세 페이지"",""Popup"",""purchase/pop.completed_view.html"",""파일요청중"",""실제 HTML 필요"",""FileMap에서 파일요청중/상태공란""]","RF-04-02-02-1","255","관련 RF 검수표 참조; 개별 원문행 인수 미완료"
"Me9_필요HTML파일_3종비교_20260809.xlsx","최종_필요HTML","67","[""FileMap 필요"",""RF-04-02-02-1"",""161.0"",""수정"",""발주 완료 수정 페이지"",""Popup"",""purchase/pop.completed_update.html"",""파일요청중"",""실제 HTML 필요"",""FileMap에서 파일요청중/상태공란""]","RF-04-02-02-1","255","관련 RF 검수표 참조; 개별 원문행 인수 미완료"
"Me9_필요HTML파일_3종비교_20260809.xlsx","최종_필요HTML","68","[""Ver3.0 추가/세분화"",""RF-02-04-02-1"",""채널 관리자"",""Shop 채널 등록"",""비공개 시 접속 가능 인원관리"",""Layer/화면 내 관리"",""FileMap에는 독립 행 없음"",""-"",""실제 HTML 또는 화면 내 영역 보강 필요"",""Ver3.0 화면에 존재. 실제 비공개 접근 회원 관리 UI 필요""]","RF-02-04-02-1","79","관련 RF 검수표 참조; 개별 원문행 인수 미완료"
"Me9_필요HTML파일_3종비교_20260809.xlsx","최종_필요HTML","69","[""Ver3.0 추가/세분화"",""RF-02-04-02-8"",""채널 관리자"",""Shop 채널 등록"",""컨텐츠 전체 활성화"",""화면 내 영역"",""FileMap에는 독립 행 없음"",""-"",""실제 HTML 또는 화면 내 영역 보강 필요"",""Ver3.0 개정이력에 언급. 등록/수정 화면에 반영 필요""]","RF-02-04-02-8","89","관련 RF 검수표 참조; 개별 원문행 인수 미완료"
"Me9_필요HTML파일_3종비교_20260809.xlsx","최종_필요HTML","70","[""Ver3.0 추가/세분화"",""RF-02-04-02-6-1"",""채널 관리자"",""Shop 채널 등록"",""자사 PG 사용 여부/가이드"",""화면 내 영역"",""FileMap에는 독립 행 없음"",""-"",""실제 HTML 또는 화면 내 영역 보강 필요"",""Ver3.0 개정이력에 언급. 자사PG 사용 시 자사제품만 판매 표시 필요""]","RF-02-04-02-6-1","87","관련 RF 검수표 참조; 개별 원문행 인수 미완료"
"Me9_필요HTML파일_3종비교_20260809.xlsx","최종_필요HTML","71","[""Ver3.0 추가/세분화"",""RF-02-08-01-1"",""채널 관리자"",""정산 관리"",""기간 선택 영역 활성화 화면"",""화면 상태"",""FileMap에는 RF-02-08-01만 있음"",""-"",""실제 HTML 또는 화면 내 영역 보강 필요"",""정산 기간 선택 전/후 상태가 분리되어야 함""]","RF-02-08-01-1;RF-02-08-01","168;169","관련 RF 검수표 참조; 개별 원문행 인수 미완료"
"Me9_필요HTML파일_3종비교_20260809.xlsx","최종_필요HTML","72","[""Ver3.0 추가/세분화"",""RF-02-08-01-2"",""채널 관리자"",""정산 관리"",""정산 기간 선택 후 기본화면"",""화면 상태"",""FileMap에는 RF-02-08-01만 있음"",""-"",""실제 HTML 또는 화면 내 영역 보강 필요"",""구매확정 주문 기준 정산 합산 표시""]","RF-02-08-01-2;RF-02-08-01","168;170","관련 RF 검수표 참조; 개별 원문행 인수 미완료"
"Me9_필요HTML파일_3종비교_20260809.xlsx","최종_필요HTML","73","[""Ver3.0 추가/세분화"",""RF-02-08-01-3"",""채널 관리자"",""정산 관리"",""정산 엑셀 상세 표시"",""Excel/Popup"",""Ver3.0 신규 추가"",""-"",""실제 HTML 또는 화면 내 영역 보강 필요"",""정산 상세 엑셀 컬럼/산식 반영 필요""]","RF-02-08-01-3","171","관련 RF 검수표 참조; 개별 원문행 인수 미완료"
"Me9_필요HTML파일_3종비교_20260809.xlsx","최종_필요HTML","74","[""Ver3.0 추가/세분화"",""RF-02-08-01-4"",""채널 관리자"",""정산 관리"",""추가 배송비 엑셀 상세 표시"",""Excel/Popup"",""Ver3.0 신규 추가"",""-"",""실제 HTML 또는 화면 내 영역 보강 필요"",""반품/교환 추가배송비 엑셀 별도 반영 필요""]","RF-02-08-01-4","172","관련 RF 검수표 참조; 개별 원문행 인수 미완료"
"Me9_필요HTML파일_3종비교_20260809.xlsx","최종_필요HTML","75","[""Ver3.0 추가/세분화"",""RF-02-08-02-1"",""전체관리자"",""정산 관리"",""정산 집행 등록/검색 화면"",""Page"",""Ver3.0 신규 추가"",""-"",""실제 HTML 또는 화면 내 영역 보강 필요"",""총괄관리자에서 채널아이디/정산년월 기준 집행현황 입력""]","RF-02-08-02-1","173","관련 RF 검수표 참조; 개별 원문행 인수 미완료"
"Me9_필요HTML파일_3종비교_20260809.xlsx","최종_필요HTML","76","[""Ver3.0 추가/세분화"",""RF-02-08-02-2"",""전체관리자"",""정산 관리"",""채널관리자 정산화면 출력 예시"",""Page"",""Ver3.0 신규 추가"",""-"",""실제 HTML 또는 화면 내 영역 보강 필요"",""집행내역이 채널 정산 페이지와 연결되어야 함""]","RF-02-08-02-2","174","관련 RF 검수표 참조; 개별 원문행 인수 미완료"
"Me9_필요HTML파일_3종비교_20260809.xlsx","최종_필요HTML","77","[""Ver3.0 추가/세분화"",""RF-02-08-02-3"",""전체관리자"",""정산 관리"",""채널 지급액 상세 목록"",""Popup/Excel"",""Ver3.0 신규 추가"",""-"",""실제 HTML 또는 화면 내 영역 보강 필요"",""자사PG/공용PG/포인트/매출/정산비용 분리 표시""]","RF-02-08-02-3","175","관련 RF 검수표 참조; 개별 원문행 인수 미완료"
"Me9_필요HTML파일_3종비교_20260809.xlsx","최종_필요HTML","78","[""Ver3.0 추가/세분화"",""RF-02-08-02-4"",""전체관리자"",""정산 관리"",""채널 청구액 상세 목록"",""Popup/Excel"",""Ver3.0 신규 추가"",""-"",""실제 HTML 또는 화면 내 영역 보강 필요"",""매입/SMS/지급포인트/청구액 분리 표시""]","RF-02-08-02-4","176","관련 RF 검수표 참조; 개별 원문행 인수 미완료"
"Me9_필요HTML파일_3종비교_20260809.xlsx","최종_필요HTML","79","[""Codex 임시/샘플"",""RF-01-01"",""-"",""홈페이지 메인"",""비어 있는 컨테이너/주석만 존재"",""-"",""/homepage/main/index.html"",""-"",""실제 HTML 필요/운영 제외 결정"",""resources/views/front/index.blade.php / 실제 HTML 신규 제작 필요""]","RF-01-01","7","관련 RF 검수표 참조; 개별 원문행 인수 미완료"
"Me9_필요HTML파일_3종비교_20260809.xlsx","최종_필요HTML","80","[""Codex 임시/샘플"",""RF-05-02-01"",""-"",""전체관리자 대시보드"",""16/5/1, Red/Blue 차트, 0000-00-00 등 하드코딩"",""-"",""전체관리자 대시보드"",""-"",""실제 HTML 필요/운영 제외 결정"",""resources/views/admin/dashboard.blade.php / 실제 HTML/대시보드 데이터 연동 필요""]","RF-05-02-01","260","관련 RF 검수표 참조; 개별 원문행 인수 미완료"
"Me9_필요HTML파일_3종비교_20260809.xlsx","최종_필요HTML","81","[""Codex 임시/샘플"",""RF-05-02-01"",""-"",""master 샘플 대시보드"",""Channel A/user01/Reporter X 등 샘플. /master는 admin.dashboard로 redirect"",""-"",""전체관리자 대시보드"",""-"",""실제 HTML 필요/운영 제외 결정"",""resources/views/master/index.blade.php / 운영 HTML로 보지 말고 신규/재정리 필요""]","RF-05-02-01","260","관련 RF 검수표 참조; 개별 원문행 인수 미완료"
"Me9_필요HTML파일_3종비교_20260809.xlsx","최종_필요HTML","82","[""Codex 임시/샘플"",""RF-05-02-02~03"",""-"",""일반/갤러리 리스트 패턴"",""테스트 내용 샘플"",""-"",""관리자 리스트/갤러리 패턴"",""-"",""실제 HTML 필요/운영 제외 결정"",""resources/views/admin/sub/sub03.blade.php, resources/views/master/sub03.blade.php / 패턴 HTML은 별도 실제 산출물로 정리 필요""]","RF-05-02-02","261","관련 RF 검수표 참조; 개별 원문행 인수 미완료"
"Me9_필요HTML파일_3종비교_20260809.xlsx","최종_필요HTML","83","[""Codex 임시/샘플"",""RF-05-02-04~05"",""-"",""보기 화면/댓글 수정 레이어"",""내용노출/abc123 샘플"",""-"",""관리자 보기/댓글 레이어"",""-"",""실제 HTML 필요/운영 제외 결정"",""resources/views/admin/sub/view.blade.php / 실제 패턴 HTML 재제작 필요""]","RF-05-02-04","263","관련 RF 검수표 참조; 개별 원문행 인수 미완료"
"Me9_필요HTML파일_3종비교_20260809.xlsx","최종_필요HTML","84","[""Codex 임시/샘플"",""RF-05-02-08~10"",""-"",""입력/팝업/레이어"",""111111/abcd1234 샘플"",""-"",""입력/팝업/레이어 패턴"",""-"",""실제 HTML 필요/운영 제외 결정"",""resources/views/admin/sub/sub02.blade.php, resources/views/master/sub02.blade.php / 실제 패턴 HTML 재제작 필요""]","RF-05-02-08","267","관련 RF 검수표 참조; 개별 원문행 인수 미완료"
"Me9_필요HTML파일_3종비교_20260809.xlsx","최종_필요HTML","85","[""Codex 임시/샘플"",""RF-05-02-11"",""-"",""로딩/진행 알림"",""샘플 로딩 화면"",""-"",""상태 진행창"",""-"",""실제 HTML 필요/운영 제외 결정"",""resources/views/admin/sub/loading.blade.php, resources/views/master/loading.blade.php / 실제 공통 로딩 HTML 필요""]","RF-05-02-11","270","관련 RF 검수표 참조; 개별 원문행 인수 미완료"
"Me9_필요HTML파일_3종비교_20260809.xlsx","최종_필요HTML","86","[""Codex 임시/샘플"",""RF-03-04-03"",""-"",""Shop 장바구니"",""상품명 111111 샘플"",""-"",""shop/shopping_basket.html"",""-"",""실제 HTML 필요/운영 제외 결정"",""resources/views/shop/sub/shopping_basket.blade.php / 실제 HTML 신규 제작 필요""]","RF-03-04-03","228","관련 RF 검수표 참조; 개별 원문행 인수 미완료"
"Me9_필요HTML파일_3종비교_20260809.xlsx","최종_필요HTML","87","[""Codex 임시/샘플"",""RF-03-04-04"",""-"",""Shop 주문서 작성"",""abcde1234/111111 샘플"",""-"",""shop/order_form.html"",""-"",""실제 HTML 필요/운영 제외 결정"",""resources/views/shop/sub/order_form.blade.php / 실제 HTML 신규 제작 필요""]","RF-03-04-04","229","관련 RF 검수표 참조; 개별 원문행 인수 미완료"
"Me9_필요HTML파일_3종비교_20260809.xlsx","최종_필요HTML","88","[""Codex 임시/샘플"",""RF-03-05-01"",""-"",""Shop 주문 조회"",""샘플/운영 route 미연결"",""-"",""shop/order_confirm.html"",""-"",""실제 HTML 필요/운영 제외 결정"",""resources/views/shop/sub/order_confirm.blade.php / 실제 HTML 신규 제작 필요""]","RF-03-05-01","233","관련 RF 검수표 참조; 개별 원문행 인수 미완료"
"Me9_필요HTML파일_3종비교_20260809.xlsx","최종_필요HTML","89","[""Codex 임시/샘플"",""RF-03-05-02 / RF-03-05-06"",""-"",""Shop 주문 관리/상세"",""111111/홍길동 샘플"",""-"",""shop/order_details.html / shop/order_details_view.html"",""-"",""실제 HTML 필요/운영 제외 결정"",""resources/views/shop/sub/order_details.blade.php / 실제 HTML 신규 제작 필요""]","RF-03-05-02;RF-03-05-06","234;243","관련 RF 검수표 참조; 개별 원문행 인수 미완료"
"Me9_필요HTML파일_3종비교_20260809.xlsx","최종_필요HTML","90","[""Codex 임시/샘플"",""RF-03-05-03"",""-"",""Shop 취소 목록"",""111111 샘플"",""-"",""shop/cancel_details.html"",""-"",""실제 HTML 필요/운영 제외 결정"",""resources/views/shop/sub/cancel_details.blade.php / 실제 HTML 신규 제작 필요""]","RF-03-05-03","240","관련 RF 검수표 참조; 개별 원문행 인수 미완료"
"Me9_필요HTML파일_3종비교_20260809.xlsx","최종_필요HTML","91","[""Codex 임시/샘플"",""RF-03-05-04"",""-"",""Shop 반품 목록"",""111111 샘플"",""-"",""shop/return_details.html"",""-"",""실제 HTML 필요/운영 제외 결정"",""resources/views/shop/sub/return_details.blade.php / 실제 HTML 신규 제작 필요""]","RF-03-05-04","241","관련 RF 검수표 참조; 개별 원문행 인수 미완료"
"Me9_필요HTML파일_3종비교_20260809.xlsx","최종_필요HTML","92","[""Codex 임시/샘플"",""RF-03-05-05"",""-"",""Shop 교환 목록"",""111111 샘플"",""-"",""shop/exchange_details.html"",""-"",""실제 HTML 필요/운영 제외 결정"",""resources/views/shop/sub/exchange_details.blade.php / 실제 HTML 신규 제작 필요""]","RF-03-05-05","242","관련 RF 검수표 참조; 개별 원문행 인수 미완료"
"Me9_필요HTML파일_3종비교_20260809.xlsx","최종_필요HTML","93","[""Codex 임시/샘플"",""기획 직접 매칭 없음"",""-"",""기존 쇼핑몰 템플릿"",""Shop 채널 흐름과 별도/중복"",""-"",""legacy template"",""-"",""실제 HTML 필요/운영 제외 결정"",""resources/views/front/cart/index.blade.php, front/checkout/index.blade.php, front/payment/index.blade.php / 운영 사용 여부 결정 후 제외 또는 재작업""]","","","자료/수식/목록 행: 개별 검증 미완료"
"Me9_필요HTML파일_3종비교_20260809.xlsx","최종_필요HTML","94","[""Codex 임시/샘플"",""기획 직접 매칭 없음"",""-"",""초기 템플릿"",""스토리보드 산출물 아님"",""-"",""scaffold/template"",""-"",""실제 HTML 필요/운영 제외 결정"",""resources/views/frontend/index.blade.php, welcome.blade.php / 운영 대상에서 제외 필요""]","","","자료/수식/목록 행: 개별 검증 미완료"
"Me9_필요HTML파일_3종비교_20260809.xlsx","FileMap_필요66건","1","[""스토리보드 No"",""웹 영역"",""Depth"",""페이지명"",""페이지 종류"",""Page Path"",""FileMap 상태"",""비고""]","","","자료/수식/목록 행: 개별 검증 미완료"
"Me9_필요HTML파일_3종비교_20260809.xlsx","FileMap_필요66건","2","[""RF-01-01"",""홈페이지"",""main"",""메인 페이지"",""Page"",""/homepage/main/index.html"",""파일요청중"",""내용요청 / 디자인 페이지""]","RF-01-01","7","관련 RF 검수표 참조; 개별 원문행 인수 미완료"
"Me9_필요HTML파일_3종비교_20260809.xlsx","FileMap_필요66건","3","[""RF-01-02"",""2.0"",""서비스안내"",""서비스 안내 페이지"",""Page"",""/homepage/company/service.html"",""파일요청중"",""내용요청 / 디자인 페이지""]","RF-01-02","9","관련 RF 검수표 참조; 개별 원문행 인수 미완료"
"Me9_필요HTML파일_3종비교_20260809.xlsx","FileMap_필요66건","4","[""RF-01-03"",""3.0"",""주요기능"",""주요기능 소개 페이지"",""Page"",""/homepage/company/features.html"",""파일요청중"",""내용요청 / 디자인 페이지""]","RF-01-03","11","관련 RF 검수표 참조; 개별 원문행 인수 미완료"
"Me9_필요HTML파일_3종비교_20260809.xlsx","FileMap_필요66건","5","[""RF-01-04"",""4.0"",""가입안내"",""가입 안내 페이지"",""Page"",""/homepage/company/subscription_information.html"",""파일요청중"",""내용요청 / 디자인 페이지""]","RF-01-04","13","관련 RF 검수표 참조; 개별 원문행 인수 미완료"
"Me9_필요HTML파일_3종비교_20260809.xlsx","FileMap_필요66건","6","[""RF-01-06-01"",""9.0"",""주문확인 > 주문조회"",""주문조회 입력 페이지"",""Page"",""/homepage/order/general_order_confirm.html"",""파일요청중"",""""]","RF-01-06-01","20","관련 RF 검수표 참조; 개별 원문행 인수 미완료"
"Me9_필요HTML파일_3종비교_20260809.xlsx","FileMap_필요66건","7","[""RF-01-06-02"",""10.0"",""주문상세보기"",""주문상세 페이지"",""Page"",""/homepage/order/general_order_detail.html"",""파일요청중"",""""]","RF-01-06-02","21","관련 RF 검수표 참조; 개별 원문행 인수 미완료"
"Me9_필요HTML파일_3종비교_20260809.xlsx","FileMap_필요66건","8","[""RF-01-06-02-1"",""11.0"",""취소 신청"",""취소 신청 페이지"",""Popup"",""(path 공란)"",""파일요청중"",""""]","RF-01-06-02-1","22","관련 RF 검수표 참조; 개별 원문행 인수 미완료"
"Me9_필요HTML파일_3종비교_20260809.xlsx","FileMap_필요66건","9","[""RF-01-06-02-2"",""12.0"",""반품 신청"",""반품 신청 페이지"",""Popup"",""(path 공란)"",""파일요청중"",""""]","RF-01-06-02-2","23","관련 RF 검수표 참조; 개별 원문행 인수 미완료"
"Me9_필요HTML파일_3종비교_20260809.xlsx","FileMap_필요66건","10","[""RF-01-06-02-3"",""13.0"",""교환 신청"",""교환 신청 페이지"",""Popup"",""(path 공란)"",""파일요청중"",""""]","RF-01-06-02-3","24","관련 RF 검수표 참조; 개별 원문행 인수 미완료"
"Me9_필요HTML파일_3종비교_20260809.xlsx","FileMap_필요66건","11","[""RF-01-06-02-4"",""14.0"",""구매 확정"",""구매 확정 페이지"",""Popup"",""(path 공란)"",""파일요청중"",""""]","RF-01-06-02-4","25","관련 RF 검수표 참조; 개별 원문행 인수 미완료"
"Me9_필요HTML파일_3종비교_20260809.xlsx","FileMap_필요66건","12","[""RF-01-06-02-5"",""15.0"",""판매자 문의하기"",""판매자 문의하기 페이지"",""Popup"",""(path 공란)"",""파일요청중"",""""]","RF-01-06-02-5","26","관련 RF 검수표 참조; 개별 원문행 인수 미완료"
"Me9_필요HTML파일_3종비교_20260809.xlsx","FileMap_필요66건","13","[""RF-01-07-04-1"",""22.0"",""비밀번호 변경"",""비밀번호 변경 페이지"",""Popup"",""/homepage/member/pop.pw_update.html"",""파일요청중"",""""]","RF-01-07-04-1","32","관련 RF 검수표 참조; 개별 원문행 인수 미완료"
"Me9_필요HTML파일_3종비교_20260809.xlsx","FileMap_필요66건","14","[""RF-01-07-09"",""홈페이지\n마이페이지"",""대시보드"",""대시보기 페이지"",""Page"",""/homepage/mypage/dashboard.html"",""파일요청중"",""""]","RF-01-07-09","37","관련 RF 검수표 참조; 개별 원문행 인수 미완료"
"Me9_필요HTML파일_3종비교_20260809.xlsx","FileMap_필요66건","15","[""RF-01-07-19"",""36.0"",""취소 목록"",""취소 주문 목록 페이지"",""Page"",""/homepage/mypage/order02.html"",""파일요청중"",""""]","RF-01-07-19","61","관련 RF 검수표 참조; 개별 원문행 인수 미완료"
"Me9_필요HTML파일_3종비교_20260809.xlsx","FileMap_필요66건","16","[""RF-01-07-20"",""37.0"",""반품 목록"",""반품 주문 목록 페이지"",""Page"",""/homepage/mypage/order03.html"",""파일요청중"",""""]","RF-01-07-20","62","관련 RF 검수표 참조; 개별 원문행 인수 미완료"
"Me9_필요HTML파일_3종비교_20260809.xlsx","FileMap_필요66건","17","[""RF-01-07-21"",""38.0"",""교환 목록"",""교환 주문 목록 페이지"",""Page"",""/homepage/mypage/order04.html"",""파일요청중"",""""]","RF-01-07-21","63","관련 RF 검수표 참조; 개별 원문행 인수 미완료"
"Me9_필요HTML파일_3종비교_20260809.xlsx","FileMap_필요66건","18","[""RF-01-07-22"",""39.0"",""주문 상세"",""주문 상세 페이지"",""Page"",""(path 공란)"",""파일요청중"",""""]","RF-01-07-22","64","관련 RF 검수표 참조; 개별 원문행 인수 미완료"
"Me9_필요HTML파일_3종비교_20260809.xlsx","FileMap_필요66건","19","[""RF-01-07-14"",""40.0"",""방문한 채널"",""방문한 채널 페이지"",""Page"",""/homepage/mypage/channel_visited.html"",""파일요청중"",""""]","RF-01-07-14","47","관련 RF 검수표 참조; 개별 원문행 인수 미완료"
"Me9_필요HTML파일_3종비교_20260809.xlsx","FileMap_필요66건","20","[""RF-01-07-15"",""41.0"",""포인트 관리 > 포인트 현황"",""포인트 현황"",""Page"",""(path 공란)"",""파일요청중"",""""]","RF-01-07-15","49","관련 RF 검수표 참조; 개별 원문행 인수 미완료"
"Me9_필요HTML파일_3종비교_20260809.xlsx","FileMap_필요66건","21","[""RF-01-07-15-2"",""42.0"",""포인트 이력"",""포인트 관리 페이지"",""Page"",""/homepage/mypage/point.html"",""파일요청중"",""""]","RF-01-07-15-2","51","관련 RF 검수표 참조; 개별 원문행 인수 미완료"
"Me9_필요HTML파일_3종비교_20260809.xlsx","FileMap_필요66건","22","[""RF-01-07-16"",""43.0"",""장바구니 목록"",""장바구니 목록 페이지"",""Page"",""/homepage/mypage/shopping_basket.html"",""파일요청중"",""""]","RF-01-07-16","52","관련 RF 검수표 참조; 개별 원문행 인수 미완료"
"Me9_필요HTML파일_3종비교_20260809.xlsx","FileMap_필요66건","23","[""RF-01-07-17"",""44.0"",""찜한 상품 목록"",""찜한 상품 목록 페이지"",""Page"",""/homepage/mypage/wishlist.html"",""파일요청중"",""""]","RF-01-07-17","54","관련 RF 검수표 참조; 개별 원문행 인수 미완료"
"Me9_필요HTML파일_3종비교_20260809.xlsx","FileMap_필요66건","24","[""RF-02-03-01"",""47.0"",""정보 관리"",""정보 관리 페이지"",""Page"",""(path 공란)"",""파일요청중"",""""]","RF-02-03-01","72","관련 RF 검수표 참조; 개별 원문행 인수 미완료"
"Me9_필요HTML파일_3종비교_20260809.xlsx","FileMap_필요66건","25","[""RF-02-03-01-1"",""48.0"",""비밀번호 변경"",""비밀번호 변경 페이지"",""Layer"",""(path 공란)"",""파일요청중"",""""]","RF-02-03-01-1","73","관련 RF 검수표 참조; 개별 원문행 인수 미완료"
"Me9_필요HTML파일_3종비교_20260809.xlsx","FileMap_필요66건","26","[""RF-02-06-01"",""83.0"",""공동구매 관리 > 공동구매 상품 목록"",""공동구매상품 목록 페이지"",""Page"",""(path 공란)"",""파일요청중"",""""]","RF-02-06-01","128","관련 RF 검수표 참조; 개별 원문행 인수 미완료"
"Me9_필요HTML파일_3종비교_20260809.xlsx","FileMap_필요66건","27","[""RF-02-06-02"",""84.0"",""공동구매 상품 등록"",""공동구매상품 등록 페이지"",""Page"",""(path 공란)"",""파일요청중"",""""]","RF-02-06-02","130","관련 RF 검수표 참조; 개별 원문행 인수 미완료"
"Me9_필요HTML파일_3종비교_20260809.xlsx","FileMap_필요66건","28","[""RF-02-06-02-5"",""85.0"",""발주 담당자 찾기"",""발주 담당자 찾기 페이지"",""Popup"",""(path 공란)"",""(상태 공란)"",""""]","RF-02-06-02-5","135","관련 RF 검수표 참조; 개별 원문행 인수 미완료"
"Me9_필요HTML파일_3종비교_20260809.xlsx","FileMap_필요66건","29","[""RF-02-06-03"",""86.0"",""공동구매 상품 수정"",""공동구매상품 수정 페이지"",""Page"",""(path 공란)"",""(상태 공란)"",""""]","RF-02-06-03","136","관련 RF 검수표 참조; 개별 원문행 인수 미완료"
"Me9_필요HTML파일_3종비교_20260809.xlsx","FileMap_필요66건","30","[""RF-02-08-01"",""107.0"",""정산 관리 > 정산관리"",""정산 관리 페이지"",""Page"",""(path 공란)"",""파일요청중"",""""]","RF-02-08-01","168","관련 RF 검수표 참조; 개별 원문행 인수 미완료"
"Me9_필요HTML파일_3종비교_20260809.xlsx","FileMap_필요66건","31","[""RF-02-11-01-1"",""117.0"",""환급 요청"",""환급 요청 페이지"",""Layer"",""(path 공란)"",""파일요청중"",""""]","RF-02-11-01-1","190","관련 RF 검수표 참조; 개별 원문행 인수 미완료"
"Me9_필요HTML파일_3종비교_20260809.xlsx","FileMap_필요66건","32","[""RF-02-11-01-2"",""118.0"",""포인트 구매"",""포인트 구매 페이지"",""Layer"",""(path 공란)"",""파일요청중"",""""]","RF-02-11-01-2","191","관련 RF 검수표 참조; 개별 원문행 인수 미완료"
"Me9_필요HTML파일_3종비교_20260809.xlsx","FileMap_필요66건","33","[""RF-03-01-01"",""Shop 채널"",""입장 코드 확인"",""입장 코드 확인 페이지"",""Page"",""shop/code_confirm.html"",""파일요청중"",""25.11.07 Shop채널_img.zip / 디자인 이미지 제공""]","RF-03-01-01","211;212","관련 RF 검수표 참조; 개별 원문행 인수 미완료"
"Me9_필요HTML파일_3종비교_20260809.xlsx","FileMap_필요66건","34","[""RF-03-01-02"",""128.0"",""로그인"",""로그인 페이지"",""Page"",""shop/login.html"",""파일요청중"",""25.11.07 Shop채널_img.zip / 디자인 이미지 제공""]","RF-03-01-02","213","관련 RF 검수표 참조; 개별 원문행 인수 미완료"
"Me9_필요HTML파일_3종비교_20260809.xlsx","FileMap_필요66건","35","[""RF-03-02-01"",""129.0"",""간편 회원 가입"",""간편 회원 가입 페이지"",""Page"",""shop/social_join.html"",""파일요청중"",""25.11.07 Shop채널_img.zip / 디자인 이미지 제공""]","RF-03-02-01","215","관련 RF 검수표 참조; 개별 원문행 인수 미완료"
"Me9_필요HTML파일_3종비교_20260809.xlsx","FileMap_필요66건","36","[""RF-03-03-01"",""130.0"",""메인"",""메인 페이지"",""Page"",""shop/main.html"",""파일요청중"",""25.11.07 Shop채널_img.zip / 디자인 이미지 제공""]","RF-03-03-01","217","관련 RF 검수표 참조; 개별 원문행 인수 미완료"
"Me9_필요HTML파일_3종비교_20260809.xlsx","FileMap_필요66건","37","[""RF-03-04-01"",""131.0"",""상품 영역 > 일반 상품"",""일반상품 영역 페이지"",""Page"",""shop/product_list.html"",""파일요청중"",""25.11.07 Shop채널_img.zip / 디자인 이미지 제공""]","RF-03-04-01","219","관련 RF 검수표 참조; 개별 원문행 인수 미완료"
"Me9_필요HTML파일_3종비교_20260809.xlsx","FileMap_필요66건","38","[""RF-03-04-02-6"",""132.0"",""공동 구매"",""공동구매 상품 영역 페이지"",""Page"",""(path 공란)"",""(상태 공란)"",""""]","RF-03-04-02-6","226","관련 RF 검수표 참조; 개별 원문행 인수 미완료"
"Me9_필요HTML파일_3종비교_20260809.xlsx","FileMap_필요66건","39","[""RF-03-04-02"",""133.0"",""상품영역 상세 > 일반상품 상세"",""일반상품 영역 상세 페이지"",""Page"",""shop/product_view.html"",""파일요청중"",""25.11.07 Shop채널_img.zip / 디자인 이미지 제공""]","RF-03-04-02","220","관련 RF 검수표 참조; 개별 원문행 인수 미완료"
"Me9_필요HTML파일_3종비교_20260809.xlsx","FileMap_필요66건","40","[""RF-03-04-02-4"",""134.0"",""상품 문의하기"",""상품 문의하기 페이지"",""Popup"",""shop/pop.product_view_contact_us.html"",""파일요청중"",""25.11.07 Shop채널_img.zip / 디자인 이미지 제공""]","RF-03-04-02-4","224","관련 RF 검수표 참조; 개별 원문행 인수 미완료"
"Me9_필요HTML파일_3종비교_20260809.xlsx","FileMap_필요66건","41","[""RF-03-04-02-7"",""135.0"",""공동구매 상세"",""공동구매 상품 상세 페이지"",""Page"",""(path 공란)"",""(상태 공란)"",""""]","RF-03-04-02-7","227","관련 RF 검수표 참조; 개별 원문행 인수 미완료"
"Me9_필요HTML파일_3종비교_20260809.xlsx","FileMap_필요66건","42","[""RF-03-04-03"",""136.0"",""장바구니"",""장바구니 페이지"",""Page"",""shop/shopping_basket.html"",""파일요청중"",""25.11.07 Shop채널_img.zip / 디자인 이미지 제공""]","RF-03-04-03","228","관련 RF 검수표 참조; 개별 원문행 인수 미완료"
"Me9_필요HTML파일_3종비교_20260809.xlsx","FileMap_필요66건","43","[""RF-03-04-03"",""137.0"",""옵션 변경"",""옵션 변경 페이지"",""Popup"",""shop/pop.shopping_basket_option.html"",""파일요청중"",""25.11.07 Shop채널_img.zip / 디자인 이미지 제공""]","RF-03-04-03","228","관련 RF 검수표 참조; 개별 원문행 인수 미완료"
"Me9_필요HTML파일_3종비교_20260809.xlsx","FileMap_필요66건","44","[""RF-03-04-04"",""138.0"",""주문서 작성"",""주문서 작성 페이지"",""Page"",""shop/order_form.html"",""파일요청중"",""25.11.07 Shop채널_img.zip / 디자인 이미지 제공""]","RF-03-04-04","229","관련 RF 검수표 참조; 개별 원문행 인수 미완료"
"Me9_필요HTML파일_3종비교_20260809.xlsx","FileMap_필요66건","45","[""RF-03-04-05"",""139.0"",""주문 완료"",""주문 완료 페이지"",""Page"",""shop/order_completed.html"",""파일요청중"",""25.11.07 Shop채널_img.zip / 디자인 이미지 제공""]","RF-03-04-05","230","관련 RF 검수표 참조; 개별 원문행 인수 미완료"
"Me9_필요HTML파일_3종비교_20260809.xlsx","FileMap_필요66건","46","[""RF-03-04-06"",""140.0"",""구매내역 확인"",""주문 내역 페이지"",""Page"",""shop/purchase_history.html"",""파일요청중"",""25.11.07 Shop채널_img.zip / 디자인 이미지 제공""]","RF-03-04-06","231","관련 RF 검수표 참조; 개별 원문행 인수 미완료"
"Me9_필요HTML파일_3종비교_20260809.xlsx","FileMap_필요66건","47","[""RF-03-05-01"",""141.0"",""주문 영역"",""주문 조회 페이지"",""Page"",""shop/order_confirm.html"",""파일요청중"",""25.11.07 Shop채널_img.zip / 디자인 이미지 제공""]","RF-03-05-01","233","관련 RF 검수표 참조; 개별 원문행 인수 미완료"
"Me9_필요HTML파일_3종비교_20260809.xlsx","FileMap_필요66건","48","[""RF-03-05-02"",""142.0"",""주문 관리 > 주문"",""주문 관리 페이지"",""Page"",""shop/order_details.html"",""파일요청중"",""25.11.07 Shop채널_img.zip / 디자인 이미지 제공""]","RF-03-05-02","234","관련 RF 검수표 참조; 개별 원문행 인수 미완료"
"Me9_필요HTML파일_3종비교_20260809.xlsx","FileMap_필요66건","49","[""RF-03-05-02-1"",""143.0"",""판매자 문의하기"",""판매자 문의하기 페이지"",""Popup"",""shop/pop.order_details_contact_us.html"",""파일요청중"",""25.11.07 Shop채널_img.zip / 디자인 이미지 제공""]","RF-03-05-02-1","235","관련 RF 검수표 참조; 개별 원문행 인수 미완료"
"Me9_필요HTML파일_3종비교_20260809.xlsx","FileMap_필요66건","50","[""RF-03-05-02-2"",""144.0"",""취소 신청"",""취소 신청 페이지"",""Popup"",""shop/pop.order_details_cancel_request.html"",""파일요청중"",""25.11.07 Shop채널_img.zip / 디자인 이미지 제공""]","RF-03-05-02-2","236","관련 RF 검수표 참조; 개별 원문행 인수 미완료"
"Me9_필요HTML파일_3종비교_20260809.xlsx","FileMap_필요66건","51","[""RF-03-05-02-3"",""145.0"",""반품 신청"",""반품 신청 페이지"",""Popup"",""shop/pop.order_details_return_request.html"",""파일요청중"",""25.11.07 Shop채널_img.zip / 디자인 이미지 제공""]","RF-03-05-02-3","237","관련 RF 검수표 참조; 개별 원문행 인수 미완료"
"Me9_필요HTML파일_3종비교_20260809.xlsx","FileMap_필요66건","52","[""RF-03-05-02-4"",""146.0"",""교환 신청"",""교환 신청 페이지"",""Popup"",""shop/pop.order_details_exchange_request.html"",""파일요청중"",""25.11.07 Shop채널_img.zip / 디자인 이미지 제공""]","RF-03-05-02-4","238","관련 RF 검수표 참조; 개별 원문행 인수 미완료"
"Me9_필요HTML파일_3종비교_20260809.xlsx","FileMap_필요66건","53","[""RF-03-05-02-5"",""147.0"",""구매 확정"",""구매 확정 페이지"",""Popup"",""shop/pop.order_details_purchase_confirm.html"",""파일요청중"",""25.11.07 Shop채널_img.zip / 디자인 이미지 제공""]","RF-03-05-02-5","239","관련 RF 검수표 참조; 개별 원문행 인수 미완료"
"Me9_필요HTML파일_3종비교_20260809.xlsx","FileMap_필요66건","54","[""RF-03-05-06"",""148.0"",""주문 상세"",""주문 상세 페이지"",""Page"",""shop/order_details_view.html"",""파일요청중"",""25.11.07 Shop채널_img.zip / 디자인 이미지 제공""]","RF-03-05-06","243","관련 RF 검수표 참조; 개별 원문행 인수 미완료"
"Me9_필요HTML파일_3종비교_20260809.xlsx","FileMap_필요66건","55","[""RF-03-05-03"",""149.0"",""취소"",""취소 주문 목록 페이지"",""Page"",""shop/cancel_details.html"",""파일요청중"",""25.11.07 Shop채널_img.zip / 디자인 이미지 제공""]","RF-03-05-03","240","관련 RF 검수표 참조; 개별 원문행 인수 미완료"
"Me9_필요HTML파일_3종비교_20260809.xlsx","FileMap_필요66건","56","[""RF-03-05-04"",""150.0"",""반품"",""반품 주문 목록 페이지"",""Page"",""shop/return_details.html"",""파일요청중"",""25.11.07 Shop채널_img.zip / 디자인 이미지 제공""]","RF-03-05-04","241","관련 RF 검수표 참조; 개별 원문행 인수 미완료"
"Me9_필요HTML파일_3종비교_20260809.xlsx","FileMap_필요66건","57","[""RF-03-05-05"",""151.0"",""교환"",""교환 주문 목록 페이지"",""Page"",""shop/exchange_details.html"",""파일요청중"",""25.11.07 Shop채널_img.zip / 디자인 이미지 제공""]","RF-03-05-05","242","관련 RF 검수표 참조; 개별 원문행 인수 미완료"
"Me9_필요HTML파일_3종비교_20260809.xlsx","FileMap_필요66건","58","[""RF-03-06-01"",""152.0"",""공지사항 > 공지사항 목록"",""공지사항 목록 페이지"",""Page"",""shop/notice_list.html"",""파일요청중"",""25.11.07 Shop채널_img.zip / 디자인 이미지 제공""]","RF-03-06-01","245","관련 RF 검수표 참조; 개별 원문행 인수 미완료"
"Me9_필요HTML파일_3종비교_20260809.xlsx","FileMap_필요66건","59","[""RF-03-06-02"",""153.0"",""공지사항 상세"",""공지사항 상세 페이지"",""Page"",""shop/notice_view.html"",""파일요청중"",""25.11.07 Shop채널_img.zip / 디자인 이미지 제공""]","RF-03-06-02","246","관련 RF 검수표 참조; 개별 원문행 인수 미완료"
"Me9_필요HTML파일_3종비교_20260809.xlsx","FileMap_필요66건","60","[""RF-04-01-01"",""발주사 페이지"",""로그인"",""로그인 페이지"",""Page"",""purchase/login.html"",""파일요청중"",""""]","RF-04-01-01","249","관련 RF 검수표 참조; 개별 원문행 인수 미완료"
"Me9_필요HTML파일_3종비교_20260809.xlsx","FileMap_필요66건","61","[""RF-04-02-01"",""155.0"",""발주 관리 > 발주 대기"",""발주 대기 목록 페이지"",""Page"",""purchase/waiting_list.html"",""파일요청중"",""""]","RF-04-02-01","251","관련 RF 검수표 참조; 개별 원문행 인수 미완료"
"Me9_필요HTML파일_3종비교_20260809.xlsx","FileMap_필요66건","62","[""RF-04-02-01-1"",""156.0"",""발주 처리"",""발주 처리 페이지"",""Popup"",""purchase/pop.process.html"",""파일요청중"",""""]","RF-04-02-01-1","252","관련 RF 검수표 참조; 개별 원문행 인수 미완료"
"Me9_필요HTML파일_3종비교_20260809.xlsx","FileMap_필요66건","63","[""RF-04-02-01-2"",""157.0"",""보기"",""발주 대기 상세 페이지"",""Popup"",""purchase/pop.waiting_view.html"",""파일요청중"",""""]","RF-04-02-01-2","253","관련 RF 검수표 참조; 개별 원문행 인수 미완료"
"Me9_필요HTML파일_3종비교_20260809.xlsx","FileMap_필요66건","64","[""RF-04-02-01-2"",""158.0"",""수정"",""발주 대기 수정 페이지"",""Popup"",""purchase/pop.waiting_update.html"",""파일요청중"",""""]","RF-04-02-01-2","253","관련 RF 검수표 참조; 개별 원문행 인수 미완료"
"Me9_필요HTML파일_3종비교_20260809.xlsx","FileMap_필요66건","65","[""RF-04-02-02"",""159.0"",""발주 완료"",""발주 완료 목록 페이지"",""Page"",""purchase/completed_list.html"",""파일요청중"",""""]","RF-04-02-02","254","관련 RF 검수표 참조; 개별 원문행 인수 미완료"
"Me9_필요HTML파일_3종비교_20260809.xlsx","FileMap_필요66건","66","[""RF-04-02-02-1"",""160.0"",""보기"",""발주 완료 상세 페이지"",""Popup"",""purchase/pop.completed_view.html"",""파일요청중"",""""]","RF-04-02-02-1","255","관련 RF 검수표 참조; 개별 원문행 인수 미완료"
"Me9_필요HTML파일_3종비교_20260809.xlsx","FileMap_필요66건","67","[""RF-04-02-02-1"",""161.0"",""수정"",""발주 완료 수정 페이지"",""Popup"",""purchase/pop.completed_update.html"",""파일요청중"",""""]","RF-04-02-02-1","255","관련 RF 검수표 참조; 개별 원문행 인수 미완료"
"Me9_필요HTML파일_3종비교_20260809.xlsx","Ver3추가_보강","1","[""스토리보드 No"",""웹 영역"",""스토리보드 영역"",""상세명"",""형태"",""FileMap 반영"",""판단근거""]","","","자료/수식/목록 행: 개별 검증 미완료"
"Me9_필요HTML파일_3종비교_20260809.xlsx","Ver3추가_보강","2","[""RF-02-04-02-1"",""채널 관리자"",""Shop 채널 등록"",""비공개 시 접속 가능 인원관리"",""Layer/화면 내 관리"",""FileMap에는 독립 행 없음"",""Ver3.0 화면에 존재. 실제 비공개 접근 회원 관리 UI 필요""]","RF-02-04-02-1","79","관련 RF 검수표 참조; 개별 원문행 인수 미완료"
"Me9_필요HTML파일_3종비교_20260809.xlsx","Ver3추가_보강","3","[""RF-02-04-02-8"",""채널 관리자"",""Shop 채널 등록"",""컨텐츠 전체 활성화"",""화면 내 영역"",""FileMap에는 독립 행 없음"",""Ver3.0 개정이력에 언급. 등록/수정 화면에 반영 필요""]","RF-02-04-02-8","89","관련 RF 검수표 참조; 개별 원문행 인수 미완료"
"Me9_필요HTML파일_3종비교_20260809.xlsx","Ver3추가_보강","4","[""RF-02-04-02-6-1"",""채널 관리자"",""Shop 채널 등록"",""자사 PG 사용 여부/가이드"",""화면 내 영역"",""FileMap에는 독립 행 없음"",""Ver3.0 개정이력에 언급. 자사PG 사용 시 자사제품만 판매 표시 필요""]","RF-02-04-02-6-1","87","관련 RF 검수표 참조; 개별 원문행 인수 미완료"
"Me9_필요HTML파일_3종비교_20260809.xlsx","Ver3추가_보강","5","[""RF-02-08-01-1"",""채널 관리자"",""정산 관리"",""기간 선택 영역 활성화 화면"",""화면 상태"",""FileMap에는 RF-02-08-01만 있음"",""정산 기간 선택 전/후 상태가 분리되어야 함""]","RF-02-08-01-1;RF-02-08-01","168;169","관련 RF 검수표 참조; 개별 원문행 인수 미완료"
"Me9_필요HTML파일_3종비교_20260809.xlsx","Ver3추가_보강","6","[""RF-02-08-01-2"",""채널 관리자"",""정산 관리"",""정산 기간 선택 후 기본화면"",""화면 상태"",""FileMap에는 RF-02-08-01만 있음"",""구매확정 주문 기준 정산 합산 표시""]","RF-02-08-01-2;RF-02-08-01","168;170","관련 RF 검수표 참조; 개별 원문행 인수 미완료"
"Me9_필요HTML파일_3종비교_20260809.xlsx","Ver3추가_보강","7","[""RF-02-08-01-3"",""채널 관리자"",""정산 관리"",""정산 엑셀 상세 표시"",""Excel/Popup"",""Ver3.0 신규 추가"",""정산 상세 엑셀 컬럼/산식 반영 필요""]","RF-02-08-01-3","171","관련 RF 검수표 참조; 개별 원문행 인수 미완료"
"Me9_필요HTML파일_3종비교_20260809.xlsx","Ver3추가_보강","8","[""RF-02-08-01-4"",""채널 관리자"",""정산 관리"",""추가 배송비 엑셀 상세 표시"",""Excel/Popup"",""Ver3.0 신규 추가"",""반품/교환 추가배송비 엑셀 별도 반영 필요""]","RF-02-08-01-4","172","관련 RF 검수표 참조; 개별 원문행 인수 미완료"
"Me9_필요HTML파일_3종비교_20260809.xlsx","Ver3추가_보강","9","[""RF-02-08-02-1"",""전체관리자"",""정산 관리"",""정산 집행 등록/검색 화면"",""Page"",""Ver3.0 신규 추가"",""총괄관리자에서 채널아이디/정산년월 기준 집행현황 입력""]","RF-02-08-02-1","173","관련 RF 검수표 참조; 개별 원문행 인수 미완료"
"Me9_필요HTML파일_3종비교_20260809.xlsx","Ver3추가_보강","10","[""RF-02-08-02-2"",""전체관리자"",""정산 관리"",""채널관리자 정산화면 출력 예시"",""Page"",""Ver3.0 신규 추가"",""집행내역이 채널 정산 페이지와 연결되어야 함""]","RF-02-08-02-2","174","관련 RF 검수표 참조; 개별 원문행 인수 미완료"
"Me9_필요HTML파일_3종비교_20260809.xlsx","Ver3추가_보강","11","[""RF-02-08-02-3"",""전체관리자"",""정산 관리"",""채널 지급액 상세 목록"",""Popup/Excel"",""Ver3.0 신규 추가"",""자사PG/공용PG/포인트/매출/정산비용 분리 표시""]","RF-02-08-02-3","175","관련 RF 검수표 참조; 개별 원문행 인수 미완료"
"Me9_필요HTML파일_3종비교_20260809.xlsx","Ver3추가_보강","12","[""RF-02-08-02-4"",""전체관리자"",""정산 관리"",""채널 청구액 상세 목록"",""Popup/Excel"",""Ver3.0 신규 추가"",""매입/SMS/지급포인트/청구액 분리 표시""]","RF-02-08-02-4","176","관련 RF 검수표 참조; 개별 원문행 인수 미완료"
"Me9_필요HTML파일_3종비교_20260809.xlsx","Codex임시_샘플","1","[""현재 임시/샘플 파일"",""관련 스토리보드 No"",""필요 HTML/Page Path"",""화면명"",""임시 판단 근거"",""처리 방향""]","","","자료/수식/목록 행: 개별 검증 미완료"
"Me9_필요HTML파일_3종비교_20260809.xlsx","Codex임시_샘플","2","[""resources/views/front/index.blade.php"",""RF-01-01"",""/homepage/main/index.html"",""홈페이지 메인"",""비어 있는 컨테이너/주석만 존재"",""실제 HTML 신규 제작 필요""]","RF-01-01","7","관련 RF 검수표 참조; 개별 원문행 인수 미완료"
"Me9_필요HTML파일_3종비교_20260809.xlsx","Codex임시_샘플","3","[""resources/views/admin/dashboard.blade.php"",""RF-05-02-01"",""전체관리자 대시보드"",""전체관리자 대시보드"",""16/5/1, Red/Blue 차트, 0000-00-00 등 하드코딩"",""실제 HTML/대시보드 데이터 연동 필요""]","RF-05-02-01","260","관련 RF 검수표 참조; 개별 원문행 인수 미완료"
"Me9_필요HTML파일_3종비교_20260809.xlsx","Codex임시_샘플","4","[""resources/views/master/index.blade.php"",""RF-05-02-01"",""전체관리자 대시보드"",""master 샘플 대시보드"",""Channel A/user01/Reporter X 등 샘플. /master는 admin.dashboard로 redirect"",""운영 HTML로 보지 말고 신규/재정리 필요""]","RF-05-02-01","260","관련 RF 검수표 참조; 개별 원문행 인수 미완료"
"Me9_필요HTML파일_3종비교_20260809.xlsx","Codex임시_샘플","5","[""resources/views/admin/sub/sub03.blade.php, resources/views/master/sub03.blade.php"",""RF-05-02-02~03"",""관리자 리스트/갤러리 패턴"",""일반/갤러리 리스트 패턴"",""테스트 내용 샘플"",""패턴 HTML은 별도 실제 산출물로 정리 필요""]","RF-05-02-02","261","관련 RF 검수표 참조; 개별 원문행 인수 미완료"
"Me9_필요HTML파일_3종비교_20260809.xlsx","Codex임시_샘플","6","[""resources/views/admin/sub/view.blade.php"",""RF-05-02-04~05"",""관리자 보기/댓글 레이어"",""보기 화면/댓글 수정 레이어"",""내용노출/abc123 샘플"",""실제 패턴 HTML 재제작 필요""]","RF-05-02-04","263","관련 RF 검수표 참조; 개별 원문행 인수 미완료"
"Me9_필요HTML파일_3종비교_20260809.xlsx","Codex임시_샘플","7","[""resources/views/admin/sub/sub02.blade.php, resources/views/master/sub02.blade.php"",""RF-05-02-08~10"",""입력/팝업/레이어 패턴"",""입력/팝업/레이어"",""111111/abcd1234 샘플"",""실제 패턴 HTML 재제작 필요""]","RF-05-02-08","267","관련 RF 검수표 참조; 개별 원문행 인수 미완료"
"Me9_필요HTML파일_3종비교_20260809.xlsx","Codex임시_샘플","8","[""resources/views/admin/sub/loading.blade.php, resources/views/master/loading.blade.php"",""RF-05-02-11"",""상태 진행창"",""로딩/진행 알림"",""샘플 로딩 화면"",""실제 공통 로딩 HTML 필요""]","RF-05-02-11","270","관련 RF 검수표 참조; 개별 원문행 인수 미완료"
"Me9_필요HTML파일_3종비교_20260809.xlsx","Codex임시_샘플","9","[""resources/views/shop/sub/shopping_basket.blade.php"",""RF-03-04-03"",""shop/shopping_basket.html"",""Shop 장바구니"",""상품명 111111 샘플"",""실제 HTML 신규 제작 필요""]","RF-03-04-03","228","관련 RF 검수표 참조; 개별 원문행 인수 미완료"
"Me9_필요HTML파일_3종비교_20260809.xlsx","Codex임시_샘플","10","[""resources/views/shop/sub/order_form.blade.php"",""RF-03-04-04"",""shop/order_form.html"",""Shop 주문서 작성"",""abcde1234/111111 샘플"",""실제 HTML 신규 제작 필요""]","RF-03-04-04","229","관련 RF 검수표 참조; 개별 원문행 인수 미완료"
"Me9_필요HTML파일_3종비교_20260809.xlsx","Codex임시_샘플","11","[""resources/views/shop/sub/order_confirm.blade.php"",""RF-03-05-01"",""shop/order_confirm.html"",""Shop 주문 조회"",""샘플/운영 route 미연결"",""실제 HTML 신규 제작 필요""]","RF-03-05-01","233","관련 RF 검수표 참조; 개별 원문행 인수 미완료"
"Me9_필요HTML파일_3종비교_20260809.xlsx","Codex임시_샘플","12","[""resources/views/shop/sub/order_details.blade.php"",""RF-03-05-02 / RF-03-05-06"",""shop/order_details.html / shop/order_details_view.html"",""Shop 주문 관리/상세"",""111111/홍길동 샘플"",""실제 HTML 신규 제작 필요""]","RF-03-05-02;RF-03-05-06","234;243","관련 RF 검수표 참조; 개별 원문행 인수 미완료"
"Me9_필요HTML파일_3종비교_20260809.xlsx","Codex임시_샘플","13","[""resources/views/shop/sub/cancel_details.blade.php"",""RF-03-05-03"",""shop/cancel_details.html"",""Shop 취소 목록"",""111111 샘플"",""실제 HTML 신규 제작 필요""]","RF-03-05-03","240","관련 RF 검수표 참조; 개별 원문행 인수 미완료"
"Me9_필요HTML파일_3종비교_20260809.xlsx","Codex임시_샘플","14","[""resources/views/shop/sub/return_details.blade.php"",""RF-03-05-04"",""shop/return_details.html"",""Shop 반품 목록"",""111111 샘플"",""실제 HTML 신규 제작 필요""]","RF-03-05-04","241","관련 RF 검수표 참조; 개별 원문행 인수 미완료"
"Me9_필요HTML파일_3종비교_20260809.xlsx","Codex임시_샘플","15","[""resources/views/shop/sub/exchange_details.blade.php"",""RF-03-05-05"",""shop/exchange_details.html"",""Shop 교환 목록"",""111111 샘플"",""실제 HTML 신규 제작 필요""]","RF-03-05-05","242","관련 RF 검수표 참조; 개별 원문행 인수 미완료"
"Me9_필요HTML파일_3종비교_20260809.xlsx","Codex임시_샘플","16","[""resources/views/front/cart/index.blade.php, front/checkout/index.blade.php, front/payment/index.blade.php"",""기획 직접 매칭 없음"",""legacy template"",""기존 쇼핑몰 템플릿"",""Shop 채널 흐름과 별도/중복"",""운영 사용 여부 결정 후 제외 또는 재작업""]","","","자료/수식/목록 행: 개별 검증 미완료"
"Me9_필요HTML파일_3종비교_20260809.xlsx","Codex임시_샘플","17","[""resources/views/frontend/index.blade.php, welcome.blade.php"",""기획 직접 매칭 없음"",""scaffold/template"",""초기 템플릿"",""스토리보드 산출물 아님"",""운영 대상에서 제외 필요""]","","","자료/수식/목록 행: 개별 검증 미완료"
"Me9_필요HTML파일_3종비교_20260809.xlsx","작업진척률_WBS","1","[""No"",""구분"",""항목"",""세부내용"",""상태"",""구현(%)""]","","","자료/수식/목록 행: 개별 검증 미완료"
"Me9_필요HTML파일_3종비교_20260809.xlsx","작업진척률_WBS","2","[""1"",""분석설계"",""개발환경구축"",""프레임웍(라라벨) SW구성 설치"",""완료"",""1""]","","","자료/수식/목록 행: 개별 검증 미완료"
"Me9_필요HTML파일_3종비교_20260809.xlsx","작업진척률_WBS","3","[""2"",""분석설계"",""DB설계"",""DB설계, SQL검증"",""대기"",""0""]","","","자료/수식/목록 행: 개별 검증 미완료"
"Me9_필요HTML파일_3종비교_20260809.xlsx","작업진척률_WBS","4","[""3"",""화면설계"",""UI/UX"",""Wiseframe (StoryBoard)"",""완료"",""1""]","","","자료/수식/목록 행: 개별 검증 미완료"
"Me9_필요HTML파일_3종비교_20260809.xlsx","작업진척률_WBS","5","[""4"",""업무개발"",""구조설계"",""프로그램 구조 설계, 패턴 설계"",""진행중"",""0.9""]","","","자료/수식/목록 행: 개별 검증 미완료"
"Me9_필요HTML파일_3종비교_20260809.xlsx","작업진척률_WBS","6","[""5"",""업무개발"",""공통로직\n+ 총관리자로직"",""공통메뉴 비즈니스 로직 개발"",""대기"",""0""]","","","자료/수식/목록 행: 개별 검증 미완료"
"Me9_필요HTML파일_3종비교_20260809.xlsx","작업진척률_WBS","7","[""6"",""업무개발"",""공통로직\n+ 총관리자로직"",""공통메뉴 화면로직 연동 개발"",""대기"",""0""]","","","자료/수식/목록 행: 개별 검증 미완료"
"Me9_필요HTML파일_3종비교_20260809.xlsx","작업진척률_WBS","8","[""7"",""업무개발"",""공통로직\n+ 총관리자로직"",""홈페이지 메인 비즈니스 로직 개발"",""대기"",""0""]","","","자료/수식/목록 행: 개별 검증 미완료"
"Me9_필요HTML파일_3종비교_20260809.xlsx","작업진척률_WBS","9","[""8"",""업무개발"",""공통로직\n+ 총관리자로직"",""홈페이지 메인 화면로직 연동 개발"",""대기"",""0""]","","","자료/수식/목록 행: 개별 검증 미완료"
"Me9_필요HTML파일_3종비교_20260809.xlsx","작업진척률_WBS","10","[""9"",""업무개발"",""공통로직\n+ 총관리자로직"",""홈페이지 서브 비즈니스 로직 개발"",""대기"",""0""]","","","자료/수식/목록 행: 개별 검증 미완료"
"Me9_필요HTML파일_3종비교_20260809.xlsx","작업진척률_WBS","11","[""10"",""업무개발"",""공통로직\n+ 총관리자로직"",""홈페이지 서브 화면로직 연동 개발"",""대기"",""0""]","","","자료/수식/목록 행: 개별 검증 미완료"
"Me9_필요HTML파일_3종비교_20260809.xlsx","작업진척률_WBS","12","[""11"",""업무개발"",""공통로직\n+ 총관리자로직"",""채널관리자 공통영역 비즈니스 로직 개발"",""대기"",""0""]","","","자료/수식/목록 행: 개별 검증 미완료"
"Me9_필요HTML파일_3종비교_20260809.xlsx","작업진척률_WBS","13","[""12"",""업무개발"",""공통로직\n+ 총관리자로직"",""채널관리자 공통영역 화면로직 연동 개발"",""대기"",""0""]","","","자료/수식/목록 행: 개별 검증 미완료"
"Me9_필요HTML파일_3종비교_20260809.xlsx","작업진척률_WBS","14","[""13"",""업무개발"",""공통로직\n+ 총관리자로직"",""Shop 공통영역 비즈니스 로직 개발"",""대기"",""0""]","","","자료/수식/목록 행: 개별 검증 미완료"
"Me9_필요HTML파일_3종비교_20260809.xlsx","작업진척률_WBS","15","[""14"",""업무개발"",""공통로직\n+ 총관리자로직"",""Shop 공통영역 화면로직 연동 개발"",""대기"",""0""]","","","자료/수식/목록 행: 개별 검증 미완료"
"Me9_필요HTML파일_3종비교_20260809.xlsx","작업진척률_WBS","16","[""15"",""업무개발"",""공통로직\n+ 총관리자로직"",""총관리자 공통영역 비즈니스 로직 개발"",""대기"",""0""]","","","자료/수식/목록 행: 개별 검증 미완료"
"Me9_필요HTML파일_3종비교_20260809.xlsx","작업진척률_WBS","17","[""16"",""업무개발"",""공통로직\n+ 총관리자로직"",""총관리자 공통영역 화면로직 연동 개발"",""대기"",""0""]","","","자료/수식/목록 행: 개별 검증 미완료"
"Me9_필요HTML파일_3종비교_20260809.xlsx","작업진척률_WBS","18","[""17"",""업무개발"",""회원영역\n+ 총관리자로직"",""회원 비즈니스 로직 개발"",""대기"",""0""]","","","자료/수식/목록 행: 개별 검증 미완료"
"Me9_필요HTML파일_3종비교_20260809.xlsx","작업진척률_WBS","19","[""18"",""업무개발"",""회원영역\n+ 총관리자로직"",""회원 화면로직 연동 개발"",""대기"",""0""]","","","자료/수식/목록 행: 개별 검증 미완료"
"Me9_필요HTML파일_3종비교_20260809.xlsx","작업진척률_WBS","20","[""19"",""업무개발"",""판매자영역\n+ 총관리자로직"",""판매자 비즈니스 로직 개발"",""대기"",""0""]","","","자료/수식/목록 행: 개별 검증 미완료"
"Me9_필요HTML파일_3종비교_20260809.xlsx","작업진척률_WBS","21","[""20"",""업무개발"",""판매자영역\n+ 총관리자로직"",""판매자 화면로직 연동 개발"",""대기"",""0""]","","","자료/수식/목록 행: 개별 검증 미완료"
"Me9_필요HTML파일_3종비교_20260809.xlsx","작업진척률_WBS","22","[""21"",""업무개발"",""마이페이지영역\n+ 총관리자로직"",""마이페이지 비즈니스 로직 개발"",""대기"",""0""]","","","자료/수식/목록 행: 개별 검증 미완료"
"Me9_필요HTML파일_3종비교_20260809.xlsx","작업진척률_WBS","23","[""22"",""업무개발"",""마이페이지영역\n+ 총관리자로직"",""마이페이지 화면로직 연동 개발"",""대기"",""0""]","","","자료/수식/목록 행: 개별 검증 미완료"
"Me9_필요HTML파일_3종비교_20260809.xlsx","작업진척률_WBS","24","[""23"",""업무개발"",""채널관리자영역\n+ 총관리자로직"",""Shop채널 비즈니스 로직 개발"",""대기"",""0""]","","","자료/수식/목록 행: 개별 검증 미완료"
"Me9_필요HTML파일_3종비교_20260809.xlsx","작업진척률_WBS","25","[""24"",""업무개발"",""채널관리자영역\n+ 총관리자로직"",""Shop채널 화면로직 연동 개발"",""대기"",""0""]","","","자료/수식/목록 행: 개별 검증 미완료"
"Me9_필요HTML파일_3종비교_20260809.xlsx","작업진척률_WBS","26","[""25"",""업무개발"",""채널관리자영역\n+ 총관리자로직"",""상품 비즈니스 로직 개발"",""대기"",""0""]","","","자료/수식/목록 행: 개별 검증 미완료"
"Me9_필요HTML파일_3종비교_20260809.xlsx","작업진척률_WBS","27","[""26"",""업무개발"",""채널관리자영역\n+ 총관리자로직"",""상품 화면로직 연동 개발"",""대기"",""0""]","","","자료/수식/목록 행: 개별 검증 미완료"
"Me9_필요HTML파일_3종비교_20260809.xlsx","작업진척률_WBS","28","[""27"",""업무개발"",""채널관리자영역\n+ 총관리자로직"",""공동구매 비즈니스 로직 개발"",""대기"",""0""]","","","자료/수식/목록 행: 개별 검증 미완료"
"Me9_필요HTML파일_3종비교_20260809.xlsx","작업진척률_WBS","29","[""28"",""업무개발"",""채널관리자영역\n+ 총관리자로직"",""공동구매 화면로직 연동 개발"",""대기"",""0""]","","","자료/수식/목록 행: 개별 검증 미완료"
"Me9_필요HTML파일_3종비교_20260809.xlsx","작업진척률_WBS","30","[""29"",""업무개발"",""채널관리자영역\n+ 총관리자로직"",""주문 비즈니스 로직 개발"",""대기"",""0""]","","","자료/수식/목록 행: 개별 검증 미완료"
"Me9_필요HTML파일_3종비교_20260809.xlsx","작업진척률_WBS","31","[""30"",""업무개발"",""채널관리자영역\n+ 총관리자로직"",""주문 화면로직 연동 개발"",""대기"",""0""]","","","자료/수식/목록 행: 개별 검증 미완료"
"Me9_필요HTML파일_3종비교_20260809.xlsx","작업진척률_WBS","32","[""31"",""업무개발"",""채널관리자영역\n+ 총관리자로직"",""정산 비즈니스 로직 개발"",""대기"",""0""]","","","자료/수식/목록 행: 개별 검증 미완료"
"Me9_필요HTML파일_3종비교_20260809.xlsx","작업진척률_WBS","33","[""32"",""업무개발"",""채널관리자영역\n+ 총관리자로직"",""정산 화면로직 연동 개발"",""대기"",""0""]","","","자료/수식/목록 행: 개별 검증 미완료"
"Me9_필요HTML파일_3종비교_20260809.xlsx","작업진척률_WBS","34","[""33"",""업무개발"",""채널관리자영역\n+ 총관리자로직"",""서브관리자 비즈니스 로직 개발"",""대기"",""0""]","","","자료/수식/목록 행: 개별 검증 미완료"
"Me9_필요HTML파일_3종비교_20260809.xlsx","작업진척률_WBS","35","[""34"",""업무개발"",""채널관리자영역\n+ 총관리자로직"",""서브관리자 화면로직 연동 개발"",""대기"",""0""]","","","자료/수식/목록 행: 개별 검증 미완료"
"Me9_필요HTML파일_3종비교_20260809.xlsx","작업진척률_WBS","36","[""35"",""업무개발"",""채널관리자영역\n+ 총관리자로직"",""발주담당 비즈니스 로직 개발"",""대기"",""0""]","","","자료/수식/목록 행: 개별 검증 미완료"
"Me9_필요HTML파일_3종비교_20260809.xlsx","작업진척률_WBS","37","[""36"",""업무개발"",""채널관리자영역\n+ 총관리자로직"",""발주담당 화면로직 연동 개발"",""대기"",""0""]","","","자료/수식/목록 행: 개별 검증 미완료"
"Me9_필요HTML파일_3종비교_20260809.xlsx","작업진척률_WBS","38","[""37"",""업무개발"",""채널관리자영역\n+ 총관리자로직"",""포인트 비즈니스 로직 개발"",""대기"",""0""]","","","자료/수식/목록 행: 개별 검증 미완료"
"Me9_필요HTML파일_3종비교_20260809.xlsx","작업진척률_WBS","39","[""38"",""업무개발"",""채널관리자영역\n+ 총관리자로직"",""포인트 화면로직 연동 개발"",""대기"",""0""]","","","자료/수식/목록 행: 개별 검증 미완료"
"Me9_필요HTML파일_3종비교_20260809.xlsx","작업진척률_WBS","40","[""39"",""업무개발"",""채널관리자영역\n+ 총관리자로직"",""배송비설정 비즈니스 로직 개발"",""대기"",""0""]","","","자료/수식/목록 행: 개별 검증 미완료"
"Me9_필요HTML파일_3종비교_20260809.xlsx","작업진척률_WBS","41","[""40"",""업무개발"",""채널관리자영역\n+ 총관리자로직"",""배송비설정 화면로직 연동 개발"",""대기"",""0""]","","","자료/수식/목록 행: 개별 검증 미완료"
"Me9_필요HTML파일_3종비교_20260809.xlsx","작업진척률_WBS","42","[""41"",""업무개발"",""채널관리자영역\n+ 총관리자로직"",""최소/환불안내 비즈니스 로직 개발"",""대기"",""0""]","","","자료/수식/목록 행: 개별 검증 미완료"
"Me9_필요HTML파일_3종비교_20260809.xlsx","작업진척률_WBS","43","[""42"",""업무개발"",""채널관리자영역\n+ 총관리자로직"",""최소/환불안내 화면로직 연동 개발"",""대기"",""0""]","","","자료/수식/목록 행: 개별 검증 미완료"
"Me9_필요HTML파일_3종비교_20260809.xlsx","작업진척률_WBS","44","[""43"",""업무개발"",""채널관리자영역\n+ 총관리자로직"",""대시보드 비즈니스 로직 개발"",""대기"",""0""]","","","자료/수식/목록 행: 개별 검증 미완료"
"Me9_필요HTML파일_3종비교_20260809.xlsx","작업진척률_WBS","45","[""44"",""업무개발"",""채널관리자영역\n+ 총관리자로직"",""대시보드 화면로직 연동 개발"",""대기"",""0""]","","","자료/수식/목록 행: 개별 검증 미완료"
"Me9_필요HTML파일_3종비교_20260809.xlsx","작업진척률_WBS","46","[""45"",""업무개발"",""Shop 채널영역\n+ 총관리자로직"",""접속화면 비즈니스 로직 개발"",""대기"",""0""]","","","자료/수식/목록 행: 개별 검증 미완료"
"Me9_필요HTML파일_3종비교_20260809.xlsx","작업진척률_WBS","47","[""46"",""업무개발"",""Shop 채널영역\n+ 총관리자로직"",""접속화면 화면로직 연동 개발"",""대기"",""0""]","","","자료/수식/목록 행: 개별 검증 미완료"
"Me9_필요HTML파일_3종비교_20260809.xlsx","작업진척률_WBS","48","[""47"",""업무개발"",""Shop 채널영역\n+ 총관리자로직"",""간편회원 가입절차 비즈니스 로직 개발"",""대기"",""0""]","","","자료/수식/목록 행: 개별 검증 미완료"
"Me9_필요HTML파일_3종비교_20260809.xlsx","작업진척률_WBS","49","[""48"",""업무개발"",""Shop 채널영역\n+ 총관리자로직"",""간편회원 가입절차 화면로직 연동 개발"",""대기"",""0""]","","","자료/수식/목록 행: 개별 검증 미완료"
"Me9_필요HTML파일_3종비교_20260809.xlsx","작업진척률_WBS","50","[""49"",""업무개발"",""Shop 채널영역\n+ 총관리자로직"",""Shop채널 메인 비즈니스 로직 개발"",""대기"",""0""]","","","자료/수식/목록 행: 개별 검증 미완료"
"Me9_필요HTML파일_3종비교_20260809.xlsx","작업진척률_WBS","51","[""50"",""업무개발"",""Shop 채널영역\n+ 총관리자로직"",""Shop채널 메인 화면로직 연동 개발"",""대기"",""0""]","","","자료/수식/목록 행: 개별 검증 미완료"
"Me9_필요HTML파일_3종비교_20260809.xlsx","작업진척률_WBS","52","[""51"",""업무개발"",""Shop 채널영역\n+ 총관리자로직"",""상품영역 비즈니스 로직 개발"",""대기"",""0""]","","","자료/수식/목록 행: 개별 검증 미완료"
"Me9_필요HTML파일_3종비교_20260809.xlsx","작업진척률_WBS","53","[""52"",""업무개발"",""Shop 채널영역\n+ 총관리자로직"",""상품영역 화면개발 연동 개발"",""대기"",""0""]","","","자료/수식/목록 행: 개별 검증 미완료"
"Me9_필요HTML파일_3종비교_20260809.xlsx","작업진척률_WBS","54","[""53"",""업무개발"",""Shop 채널영역\n+ 총관리자로직"",""주문영역 비즈니스 로직 개발"",""대기"",""0""]","","","자료/수식/목록 행: 개별 검증 미완료"
"Me9_필요HTML파일_3종비교_20260809.xlsx","작업진척률_WBS","55","[""54"",""업무개발"",""Shop 채널영역\n+ 총관리자로직"",""주문영역 화면로직 연동 개발"",""대기"",""0""]","","","자료/수식/목록 행: 개별 검증 미완료"
"Me9_필요HTML파일_3종비교_20260809.xlsx","작업진척률_WBS","56","[""55"",""업무개발"",""Shop 채널영역\n+ 총관리자로직"",""커뮤니티 비즈니스 로직 개발"",""대기"",""0""]","","","자료/수식/목록 행: 개별 검증 미완료"
"Me9_필요HTML파일_3종비교_20260809.xlsx","작업진척률_WBS","57","[""56"",""업무개발"",""Shop 채널영역\n+ 총관리자로직"",""커뮤니티 화면로직 연동 개발"",""대기"",""0""]","","","자료/수식/목록 행: 개별 검증 미완료"
"Me9_필요HTML파일_3종비교_20260809.xlsx","작업진척률_WBS","58","[""57"",""업무개발"",""총관리자 영역"",""접속화면 비즈니스 로직 개발"",""대기"",""0""]","","","자료/수식/목록 행: 개별 검증 미완료"
"Me9_필요HTML파일_3종비교_20260809.xlsx","작업진척률_WBS","59","[""58"",""업무개발"",""총관리자 영역"",""접속화면 화면로직 연동 개발"",""대기"",""0""]","","","자료/수식/목록 행: 개별 검증 미완료"
"Me9_필요HTML파일_3종비교_20260809.xlsx","작업진척률_WBS","60","[""59"",""업무개발"",""총관리자 영역"",""대시보드 비즈니스 로직 개발"",""대기"",""0""]","","","자료/수식/목록 행: 개별 검증 미완료"
"Me9_필요HTML파일_3종비교_20260809.xlsx","작업진척률_WBS","61","[""60"",""업무개발"",""총관리자 영역"",""대시보드 화면로직 연동 개발"",""대기"",""0""]","","","자료/수식/목록 행: 개별 검증 미완료"
"Me9_필요HTML파일_3종비교_20260809.xlsx","작업진척률_WBS","62","[""61"",""업무개발"",""총관리자 영역"",""관리용 기능 비즈니스 로직 개발"",""대기"",""0""]","","","자료/수식/목록 행: 개별 검증 미완료"
"Me9_필요HTML파일_3종비교_20260809.xlsx","작업진척률_WBS","63","[""62"",""업무개발"",""총관리자 영역"",""관리용 기능 화면로직 연동 개발"",""대기"",""0""]","","","자료/수식/목록 행: 개별 검증 미완료"
"Me9_필요HTML파일_3종비교_20260809.xlsx","작업진척률_WBS","64","[""63"",""테스트"",""단위테스트"",""단위테스트"",""대기"",""0""]","","","자료/수식/목록 행: 개별 검증 미완료"
"Me9_필요HTML파일_3종비교_20260809.xlsx","작업진척률_WBS","65","[""64"",""테스트"",""통합테스트"",""통합테스트"",""대기"",""0""]","","","자료/수식/목록 행: 개별 검증 미완료"
"Me9_스토리보드_Ver3.0_필요파일_재정리_20260728.xlsx","신규_보강필요","1","[""No"",""스토리보드 No"",""웹 영역"",""스토리보드 영역"",""스토리보드 상세명"",""페이지 종류"",""추가설명"",""요청일자"",""처리상태"",""처리일자"",""의견"",""FileMap Page Path"",""현재 Laravel 매칭"",""실제 필요 산출물/작업"",""판단근거""]","","","자료/수식/목록 행: 개별 검증 미완료"
"Me9_스토리보드_Ver3.0_필요파일_재정리_20260728.xlsx","신규_보강필요","2","[""34"",""RF-01-01"",""홈페이지"",""main"",""메인 페이지"",""Web Page"",""스토리보드상 대표 이미지/회사 소개/이용방법/공지/회사정보가 있는 메인 화면"",""2026-07-28"",""신규/재작업필요"","""",""현재 resources/views/front/index.blade.php는 container 내부가 비어 있으며 “me9market/main/index.php 소스, container 내부는 비어 있었음” 주석만 존재"",""/homepage/main/index.html"",""/ route -> front.index"",""홈페이지 메인 실제 퍼블리싱/콘텐츠/공지 추출/회사정보 영역 구현 필요"",""파일 존재만으로 구현 완료로 볼 수 없음. 인덱스 누락 항목""]","RF-01-01","7","관련 RF 검수표 참조; 개별 원문행 인수 미완료"
"Me9_스토리보드_Ver3.0_필요파일_재정리_20260728.xlsx","신규_보강필요","3","[""35"",""RF-02-02-01"",""채널 관리자"",""대시보드"",""대시보드 구성화면"",""Web Page"",""채널관리자 첫 화면. 주문단계, 회원정보, 문의사항, 주문목록, 방문 채널 등 표시"",""2026-07-28"",""구현확인/추가검수"","""",""channel/index.blade.php는 실제 counts/recentOrders/recentInquiries를 사용하나 스토리보드의 바로가기 메뉴/서브관리 채널목록 등 일부 항목은 최종 검수 필요"",""channel/dashboard.html"",""/channel -> channel.index"",""운영 데이터 연동은 있음. 스토리보드 구성요소 빠짐 여부 추가 검수"",""인덱스성 화면이므로 별도 추적 필요""]","RF-02-02-01","69","관련 RF 검수표 참조; 개별 원문행 인수 미완료"
"Me9_스토리보드_Ver3.0_필요파일_재정리_20260728.xlsx","신규_보강필요","4","[""36"",""RF-05-02-01"",""전체관리자"",""대시보드"",""전체관리자 대시보드 구성화면"",""Web Page"",""전체관리자 첫 화면. 블록 조합형 대시보드, 주문상태, 매출 Top20, 카테고리 Top20, 현황 리스트"",""2026-07-28"",""재작업필요"","""",""admin/dashboard.blade.php는 16/5/1/0/5/2/3, 0000-00-00, Red/Blue 차트 등 하드코딩 샘플이 남아 있음. AdminController가 넘기는 counts도 화면에서 사용하지 않음"",""FileMap Page Path 공란 / master main 참조"",""/admin/dashboard -> admin.dashboard"",""실제 주문/매출/카테고리/회원/신고/포인트 데이터 연동 대시보드로 재작업"",""이전 산출물에서 가장 크게 누락된 인덱스 항목""]","RF-05-02-01","260","관련 RF 검수표 참조; 개별 원문행 인수 미완료"
"Me9_스토리보드_Ver3.0_필요파일_재정리_20260728.xlsx","신규_보강필요","5","[""37"",""RF-05-02-01"",""전체관리자"",""대시보드"",""master/index 샘플 화면"",""Web Page"",""전체관리자 대시보드와 유사한 샘플 파일"",""2026-07-28"",""정리필요"","""",""resources/views/master/index.blade.php는 Channel A/user01/Reporter X/Red Blue 등 샘플 데이터. 실제 MasterController@index는 admin.dashboard로 redirect하므로 운영 route에서 사용되지 않음"",""Physical File 참조: master/main"",""/master -> admin.dashboard redirect"",""운영 미사용 샘플이면 제거 또는 FileMap상 패턴 참고 파일로 명확히 분리"",""현재 파일만 보면 구현된 것처럼 오판 가능""]","RF-05-02-01","260","관련 RF 검수표 참조; 개별 원문행 인수 미완료"
"Me9_스토리보드_Ver3.0_필요파일_재정리_20260728.xlsx","신규_보강필요","6","[""38"",""RF-05-02-02~11"",""전체관리자"",""디자인 패턴"",""admin/sub*, master/sub* 패턴/샘플 화면"",""Page/Layer/Popup"",""일반 리스트, 보기, 입력, 팝업, 레이어, 로딩 패턴"",""2026-07-28"",""임시/패턴파일"","""",""admin/sub01, sub02, sub03, view, newpage, layer_large 및 master/sub01~03은 홍길동/111111/테스트 내용/내용노출 등 샘플 데이터가 다수 남아 있음"",""/admin/sub01, /admin/sub02, /admin/sub03, /admin/view, /admin/newpage, /admin/loading"",""admin.sub.* / master.sub* redirect"",""운영 CRUD 화면으로 오해하지 않도록 패턴 파일로 분리 표기. 실제 전체관리자 업무화면은 별도 구현 필요"",""스토리보드 디자인 패턴용이면 완료 기준이 다르고, 운영 메뉴에 노출되면 문제""]","RF-05-02-02","261","관련 RF 검수표 참조; 개별 원문행 인수 미완료"
"Me9_스토리보드_Ver3.0_필요파일_재정리_20260728.xlsx","신규_보강필요","7","[""39"",""RF-03-05-01~05"",""Shop 채널"",""주문영역"",""shop/sub 주문 샘플 파일"",""Page"",""Shop 주문확인/상세/취소/반품/교환 샘플 파일"",""2026-07-28"",""운영미연결/재작업필요"","""",""resources/views/shop/sub/*.blade.php는 상품명 111111 등 정적 샘플이고 현재 운영 route는 front/shop/*를 사용함"",""shop/order_confirm.html, order_details.html, cancel_details.html 등"",""운영 route 미연결 샘플"",""운영 Shop 주문 화면은 front/shop 쪽으로 실제 데이터 연결 필요. shop/sub는 샘플/참고로 분리"",""샘플 파일 존재 때문에 완료로 판단하면 안 됨""]","RF-03-05-01","233","관련 RF 검수표 참조; 개별 원문행 인수 미완료"
"Me9_스토리보드_Ver3.0_필요파일_재정리_20260728.xlsx","신규_보강필요","8","[""40"",""RF-03-04-03~05"",""Shop 채널"",""상품영역"",""front/cart, checkout, payment index"",""Page"",""기존 쇼핑몰 템플릿 계열 화면"",""2026-07-28"",""중복/정리필요"","""",""front/cart/index, front/checkout/index, front/payment/index는 기존 일반 쇼핑몰 템플릿 성격이고 Shop 채널 운영 흐름은 front/shop/cart/order_form/order_complete와 분리됨"",""기획 FileMap 직접 경로 아님"",""front.cart/payment/checkout legacy"",""운영에 사용할 화면과 미사용 템플릿을 명확히 분리"",""중복 화면이 있으면 검수자가 실제 구현 파일을 혼동함""]","RF-03-04-03","228","관련 RF 검수표 참조; 개별 원문행 인수 미완료"
"Me9_스토리보드_Ver3.0_필요파일_재정리_20260728.xlsx","신규_보강필요","9","[""41"",""RF-01-07-10"",""홈페이지/마이페이지"",""회원영역"",""front/mypage/sub01/modify 샘플성 파일"",""Page"",""마이페이지 회원정보 수정 과거/샘플 화면"",""2026-07-28"",""중복/정리필요"","""",""운영 route는 /mypage/profile -> front.mypage.profile 사용. sub01/modify는 abcde1234/홍길동 등 정적 값이 남아 있음"",""/homepage/mypage/member_update.html"",""mypage.profile이 운영 매칭"",""sub01/modify는 미사용 샘플이면 정리, 운영이면 실제 데이터/action 연결 필요"",""정보수정 버튼 # 문제와 연결됐던 유형""]","RF-01-07-10","38","관련 RF 검수표 참조; 개별 원문행 인수 미완료"
"Me9_스토리보드_Ver3.0_필요파일_재정리_20260728.xlsx","신규_보강필요","10","[""1"",""RF-02-04-02-1"",""채널 관리자"",""Shop 채널 등록"",""비공개 시 접속 가능 인원관리"",""Layer popup"",""스토리보드 Ver3.0/작업요청서 기준. 공개여부가 비공개일 때 접속 허용 대상 관리 필요"",""2026-07-28"",""보강필요"","""",""현재 등록/수정 화면에는 공개/비공개 계열 설정은 있으나, 허용 회원 검색/추가/삭제 전용 관리 UI는 명확하지 않음"",""channel/shop_register.html 하위 Layer"",""channel.sub01.shop_register / channel.sub01.info_update"",""비공개 Shop 접속 가능 회원 관리 레이어 또는 동일 화면 내 관리 영역"",""스토리보드상 독립 레이어 성격. 실제 운영에서는 회원 검색, 등록, 삭제, 목록 확인이 필요""]","RF-02-04-02-1","79","관련 RF 검수표 참조; 개별 원문행 인수 미완료"
"Me9_스토리보드_Ver3.0_필요파일_재정리_20260728.xlsx","신규_보강필요","11","[""2"",""RF-02-04-02-5-2"",""채널 관리자"",""Shop 채널 등록"",""구매현황 문자알림 사용 화면"",""Page/Layer"",""주문/구매현황 문자알림 사용 여부와 과금 기준 UI 필요"",""2026-07-28"",""보강필요"","""",""SMS 모델/수수료 계산은 있으나 채널 등록/수정에서 알림 대상 상태별 설정 UI가 명확하지 않음"",""channel/shop_register.html 하위 화면"",""channel.sub01.shop_register / channel.sub01.info_update"",""SMS 알림 사용여부, 대상 상태, 수수료 안내/저장 항목 보강"",""Ver3.0 정산에서도 SMS 수수료가 정산/청구 금액에 반영됨""]","RF-02-04-02-5-2","85","관련 RF 검수표 참조; 개별 원문행 인수 미완료"
"Me9_스토리보드_Ver3.0_필요파일_재정리_20260728.xlsx","신규_보강필요","12","[""3"",""RF-02-05-01-3"",""채널 관리자"",""상품 관리"",""자사 상품 목록 > 판매중지 예고신청"",""Layer"",""FileMap 기준 Layer 필요"",""2026-07-28"",""보강필요"","""",""현재 base product stop-notice route는 있으나 FileMap 명칭의 판매중지 예고신청 Layer와 1:1 화면 매칭은 부족"",""channel/pop.product_own_stop_request.html"",""channel.product_base.stop_notice / product_own"",""판매중지 예고신청 레이어 UI 및 목록 액션 연결 확인/보강"",""스토리보드상 상품 목록의 하위 레이어""]","RF-02-05-01-3","113","관련 RF 검수표 참조; 개별 원문행 인수 미완료"
"Me9_스토리보드_Ver3.0_필요파일_재정리_20260728.xlsx","신규_보강필요","13","[""4"",""RF-02-05-01-4"",""채널 관리자"",""상품 관리"",""자사 상품 목록 > 판매 요청 목록"",""Layer"",""FileMap 기준 Layer 필요"",""2026-07-28"",""보강필요"","""",""현재 판매 요청 목록 전용 레이어가 확인되지 않음"",""channel/pop.product_own_sale_request.html"",""channel.sub02.product_own 계열"",""판매 요청 목록 레이어 또는 탭 영역 보강"",""FileMap에 실제 Layer 산출물로 명시""]","RF-02-05-01-4","114","관련 RF 검수표 참조; 개별 원문행 인수 미완료"
"Me9_스토리보드_Ver3.0_필요파일_재정리_20260728.xlsx","신규_보강필요","14","[""5"",""RF-02-05-01-5"",""채널 관리자"",""상품 관리"",""자사 상품 목록 > 게시 채널"",""Layer"",""FileMap 기준 Layer 필요"",""2026-07-28"",""보강필요"","""",""게시 채널 목록 전용 레이어가 확인되지 않음"",""channel/pop.product_own_publication_channel.html"",""channel.sub02.product_own 계열"",""게시 채널 확인 레이어 보강"",""상품이 어느 Shop 채널에 게시되었는지 운영자가 확인해야 함""]","RF-02-05-01-5","115","관련 RF 검수표 참조; 개별 원문행 인수 미완료"
"Me9_스토리보드_Ver3.0_필요파일_재정리_20260728.xlsx","신규_보강필요","15","[""6"",""RF-02-05-02-6"",""채널 관리자"",""상품 등록/수정"",""발주 담당자 찾기"",""Layer"",""상품 등록 화면 하위 발주 담당자 검색/선택"",""2026-07-28"",""보강필요"","""",""상품 등록/수정 화면은 있으나 전용 발주 담당자 찾기 Layer는 명확하지 않음"",""channel/pop.product_own_update_order_manager.html"",""channel.sub02.product_base_edit"",""발주 담당자 검색/선택 레이어 또는 동등 UI 보강"",""발주사 연동을 위해 상품별 발주 담당자 지정 흐름 필요""]","RF-02-05-02-6","122","관련 RF 검수표 참조; 개별 원문행 인수 미완료"
"Me9_스토리보드_Ver3.0_필요파일_재정리_20260728.xlsx","신규_보강필요","16","[""7"",""RF-02-06-02-5"",""채널 관리자"",""공동구매 관리"",""발주 담당자 찾기"",""Popup"",""공동구매 등록 화면 하위 발주 담당자 검색/선택"",""2026-07-28"",""보강필요"","""",""공동구매 등록/수정은 있으나 발주 담당자 찾기 전용 팝업은 명확하지 않음"",""FileMap Page Path 공란 / Popup"",""channel.joint_purchase.create/edit"",""공동구매용 발주 담당자 검색/선택 팝업 또는 동등 UI 보강"",""공동구매 상품도 발주 담당자와 연결되어야 발주사 흐름이 자연스러움""]","RF-02-06-02-5","135","관련 RF 검수표 참조; 개별 원문행 인수 미완료"
"Me9_스토리보드_Ver3.0_필요파일_재정리_20260728.xlsx","신규_보강필요","17","[""8"",""RF-02-07-05-2"",""채널 관리자"",""주문 관리"",""반품 보류"",""Layer"",""반품 주문 상세 하위 액션"",""2026-07-28"",""보강필요"","""",""반품 팝업 UI는 있으나 보류 상태 전환 action/사유 입력 흐름은 별도 검증 필요"",""channel/pop.order_return_request_pending.html"",""channel.sub04.inc.pop_order_return"",""반품 보류 상태 변경, 사유 입력, 저장 action 보강/검증"",""주문 상태 흐름상 단순 표시가 아니라 상태 전환이 필요""]","RF-02-07-05-2","152","관련 RF 검수표 참조; 개별 원문행 인수 미완료"
"Me9_스토리보드_Ver3.0_필요파일_재정리_20260728.xlsx","신규_보강필요","18","[""9"",""RF-02-07-05-3"",""채널 관리자"",""주문 관리"",""반품 송장 수정"",""Layer"",""반품 주문 상세 하위 액션"",""2026-07-28"",""보강필요"","""",""반품 송장 수정 UI/action의 1:1 매칭 검증 필요"",""channel/pop.order_return_request_invoice.html"",""channel.sub04.inc.pop_order_return"",""반품 회수/재배송 송장 수정 action 보강/검증"",""배송사/송장번호 수정 CRUD 필요""]","RF-02-07-05-3","153","관련 RF 검수표 참조; 개별 원문행 인수 미완료"
"Me9_스토리보드_Ver3.0_필요파일_재정리_20260728.xlsx","신규_보강필요","19","[""10"",""RF-02-07-06-2"",""채널 관리자"",""주문 관리"",""교환 회수 전 보류"",""Layer"",""교환 주문 상세 하위 액션"",""2026-07-28"",""보강필요"","""",""교환 보류 UI는 있으나 회수 전 상태 전환 action 검증 필요"",""channel/pop.order_exchange_request_hold_before.html"",""channel.sub04.inc.pop_order_exchange"",""교환 회수 전 보류 상태/사유 저장 보강"",""교환 상태 전이가 여러 단계로 분리됨""]","RF-02-07-06-2","156","관련 RF 검수표 참조; 개별 원문행 인수 미완료"
"Me9_스토리보드_Ver3.0_필요파일_재정리_20260728.xlsx","신규_보강필요","20","[""11"",""RF-02-07-06-6"",""채널 관리자"",""주문 관리"",""교환 회수 후 보류"",""Layer"",""교환 주문 상세 하위 액션"",""2026-07-28"",""보강필요"","""",""교환 회수 후 보류 상태 전환 action 검증 필요"",""channel/pop.order_exchange_request_hold_after.html"",""channel.sub04.inc.pop_order_exchange"",""교환 회수 후 보류 상태/사유 저장 보강"",""회수 전/후 보류가 스토리보드에서 분리됨""]","RF-02-07-06-6","160","관련 RF 검수표 참조; 개별 원문행 인수 미완료"
"Me9_스토리보드_Ver3.0_필요파일_재정리_20260728.xlsx","신규_보강필요","21","[""12"",""RF-02-07-06-8"",""채널 관리자"",""주문 관리"",""교환 옵션 변경"",""Layer"",""교환 주문 상세 하위 액션"",""2026-07-28"",""보강필요"","""",""교환 옵션 변경 저장 action의 1:1 매칭 검증 필요"",""channel/pop.order_exchange_request_option.html"",""channel.sub04.inc.pop_order_exchange"",""교환 상품 옵션 변경 UI/action 보강"",""교환 대상 옵션 변경은 주문상품 데이터 수정과 연결됨""]","RF-02-07-06-8","162","관련 RF 검수표 참조; 개별 원문행 인수 미완료"
"Me9_스토리보드_Ver3.0_필요파일_재정리_20260728.xlsx","신규_보강필요","22","[""13"",""RF-02-07-06-9"",""채널 관리자"",""주문 관리"",""교환 송장 수정"",""Layer"",""교환 주문 상세 하위 액션"",""2026-07-28"",""보강필요"","""",""교환 송장 수정 UI/action의 1:1 매칭 검증 필요"",""channel/pop.order_exchange_request_invoice.html"",""channel.sub04.inc.pop_order_exchange"",""교환 배송 송장 수정 action 보강/검증"",""배송사/송장번호 수정 CRUD 필요""]","RF-02-07-06-9","163","관련 RF 검수표 참조; 개별 원문행 인수 미완료"
"Me9_스토리보드_Ver3.0_필요파일_재정리_20260728.xlsx","신규_보강필요","23","[""14"",""RF-02-08-01-3"",""채널 관리자"",""정산 관리"",""정산 엑셀 상세 표시 화면"",""Excel/Popup"",""Ver3.0 개정 이력 추가 항목"",""2026-07-28"",""확인/보강필요"","""",""현재 상세/CSV export는 있으나 스토리보드의 엑셀 상세 컬럼과 완전 동일한지 최종 대조 필요"",""스토리보드 추가 항목"",""channel.settlement.view / admin.settlements.export"",""정산 상세 엑셀 컬럼 순서와 산식 검증, 필요 시 xlsx 출력 보강"",""Ver3.0에서 새로 추가된 항목. 단순 화면 존재 여부가 아니라 정산 컬럼/산식 일치가 중요""]","RF-02-08-01-3","171","관련 RF 검수표 참조; 개별 원문행 인수 미완료"
"Me9_스토리보드_Ver3.0_필요파일_재정리_20260728.xlsx","신규_보강필요","24","[""15"",""RF-02-08-01-4"",""채널 관리자"",""정산 관리"",""추가 배송비 엑셀 상세 표시 화면"",""Excel/Popup"",""Ver3.0 개정 이력 추가 항목"",""2026-07-28"",""확인/보강필요"","""",""추가 배송비 export route는 있으나 스토리보드 예시 컬럼과 xlsx 형식 여부 확인 필요"",""스토리보드 추가 항목"",""admin.settlements.extra_shipping.export"",""추가 배송비 상세 엑셀 컬럼/데이터 기준 최종 검증"",""반품/교환 추가 배송비는 정산과 별도 상세가 필요""]","RF-02-08-01-4","172","관련 RF 검수표 참조; 개별 원문행 인수 미완료"
"Me9_스토리보드_Ver3.0_필요파일_재정리_20260728.xlsx","신규_보강필요","25","[""16"",""RF-03-01-02"",""Shop 채널"",""접속화면"",""로그인 화면"",""Web Page"",""Shop 채널 로고가 들어간 전용 로그인 화면"",""2026-07-28"",""신규필요 또는 정책확정"","""",""현재 Shop 전용 로그인 route/view 없음. 공통 회원 로그인으로 대체 중"",""shop/login.html"",""front.member.login 공통 화면"",""Shop 전용 로그인 페이지가 실제 필요하면 신규 산출 필요"",""스토리보드에는 Shop 채널 영역의 독립 로그인 화면으로 존재""]","RF-03-01-02","213","관련 RF 검수표 참조; 개별 원문행 인수 미완료"
"Me9_스토리보드_Ver3.0_필요파일_재정리_20260728.xlsx","신규_보강필요","26","[""17"",""RF-03-02-01"",""Shop 채널"",""간편회원 가입"",""간편회원 가입절차 화면"",""Web Page"",""Shop 채널 진입 중 간편가입 흐름"",""2026-07-28"",""신규필요 또는 정책확정"","""",""공통 social_join은 있으나 Shop 전용 화면/복귀 흐름은 없음"",""shop/social_join.html"",""front.member.social_join 공통 화면"",""Shop 전용 간편가입 페이지 또는 공통 화면 재사용 정책 확정"",""스토리보드는 RF-03 전용 화면으로 표시""]","RF-03-02-01","215","관련 RF 검수표 참조; 개별 원문행 인수 미완료"
"Me9_스토리보드_Ver3.0_필요파일_재정리_20260728.xlsx","신규_보강필요","27","[""18"",""RF-03-04-02-4"",""Shop 채널"",""상품영역"",""상품 Q&A > 상품 문의하기"",""Popup"",""상품 상세 문의 등록 팝업"",""2026-07-28"",""신규필요"","""",""Shop 상품 상세에 문의 등록 팝업/action이 확인되지 않음"",""shop/pop.product_view_contact_us.html"",""shop.product_details"",""상품 문의 팝업 및 문의 저장 action"",""사용자-채널관리자 문의 연동에 필요""]","RF-03-04-02-4","224","관련 RF 검수표 참조; 개별 원문행 인수 미완료"
"Me9_스토리보드_Ver3.0_필요파일_재정리_20260728.xlsx","신규_보강필요","28","[""19"",""RF-03-04-03"",""Shop 채널"",""상품영역"",""장바구니 > 옵션 변경"",""Popup"",""장바구니 상품 옵션 변경 팝업"",""2026-07-28"",""신규필요"","""",""현재 Shop cart는 삭제/주문 중심이며 옵션 변경 action 없음"",""shop/pop.shopping_basket_option.html"",""front.shop.cart"",""장바구니 옵션 변경 팝업 및 update action"",""장바구니 CRUD 중 Update 기능에 해당""]","RF-03-04-03","228","관련 RF 검수표 참조; 개별 원문행 인수 미완료"
"Me9_스토리보드_Ver3.0_필요파일_재정리_20260728.xlsx","신규_보강필요","29","[""20"",""RF-03-04-06"",""Shop 채널"",""상품영역"",""구매내역 확인"",""Web Page"",""주문 완료 후/회원 구매내역 확인 화면"",""2026-07-28"",""신규필요"","""",""전용 purchase_history route/view 없음"",""shop/purchase_history.html"",""없음"",""구매내역 목록 페이지 신규"",""주문 완료 후 상세/목록 확인 흐름에 필요""]","RF-03-04-06","231","관련 RF 검수표 참조; 개별 원문행 인수 미완료"
"Me9_스토리보드_Ver3.0_필요파일_재정리_20260728.xlsx","신규_보강필요","30","[""21"",""RF-03-05-01"",""Shop 채널"",""주문영역"",""주문 조회 화면"",""Web Page"",""Shop 주문번호/연락처 등 조회 입력 화면"",""2026-07-28"",""신규필요"","""",""운영 route 없음. shop/sub/order_confirm 샘플은 라우팅되지 않음"",""shop/order_confirm.html"",""샘플 Blade만 존재: resources/views/shop/sub/order_confirm.blade.php"",""Shop 주문조회 입력 페이지 신규 또는 비회원 주문조회와 통합 라우트 연결"",""샘플 파일은 운영 연결이 아니므로 실제 산출물로 볼 수 없음""]","RF-03-05-01","233","관련 RF 검수표 참조; 개별 원문행 인수 미완료"
"Me9_스토리보드_Ver3.0_필요파일_재정리_20260728.xlsx","신규_보강필요","31","[""22"",""RF-03-05-02-1"",""Shop 채널"",""주문영역"",""주문 > 판매자 문의하기"",""Popup"",""주문 상세 판매자 문의 팝업"",""2026-07-28"",""신규필요"","""",""Shop 주문 상세에 판매자 문의 저장 action이 확인되지 않음"",""shop/pop.order_details_contact_us.html"",""front.shop.order_details"",""판매자 문의 팝업 및 문의 저장 action"",""주문 기준 사용자-채널관리자 문의 연동 필요""]","RF-03-05-02-1","235","관련 RF 검수표 참조; 개별 원문행 인수 미완료"
"Me9_스토리보드_Ver3.0_필요파일_재정리_20260728.xlsx","신규_보강필요","32","[""23"",""RF-03-05-02-2"",""Shop 채널"",""주문영역"",""주문 > 취소 신청하기"",""Popup"",""주문 상세 취소 신청 팝업"",""2026-07-28"",""보강필요"","""",""현재 item status POST는 있으나 사유 입력형 팝업은 없음"",""shop/pop.order_details_cancel_request.html"",""front.shop.order_details / front.shop.order.item.status"",""취소 신청 사유 입력 팝업 및 claim 저장 방식 보강"",""스토리보드상 즉시 처리 버튼이 아니라 신청 팝업""]","RF-03-05-02-2","236","관련 RF 검수표 참조; 개별 원문행 인수 미완료"
"Me9_스토리보드_Ver3.0_필요파일_재정리_20260728.xlsx","신규_보강필요","33","[""24"",""RF-03-05-02-3"",""Shop 채널"",""주문영역"",""주문 > 반품 신청하기"",""Popup"",""주문 상세 반품 신청 팝업"",""2026-07-28"",""보강필요"","""",""현재 item status POST는 있으나 반품 사유/회수정보 입력 팝업은 없음"",""shop/pop.order_details_return_request.html"",""front.shop.order_details / front.shop.order.item.status"",""반품 신청 팝업 및 claim 저장 방식 보강"",""반품은 사유와 회수/배송 정보가 필요""]","RF-03-05-02-3","237","관련 RF 검수표 참조; 개별 원문행 인수 미완료"
"Me9_스토리보드_Ver3.0_필요파일_재정리_20260728.xlsx","신규_보강필요","34","[""25"",""RF-03-05-02-4"",""Shop 채널"",""주문영역"",""주문 > 교환 신청하기"",""Popup"",""주문 상세 교환 신청 팝업"",""2026-07-28"",""보강필요"","""",""현재 item status POST는 있으나 교환 옵션/회수정보 입력 팝업은 없음"",""shop/pop.order_details_exchange_request.html"",""front.shop.order_details / front.shop.order.item.status"",""교환 신청 팝업 및 claim 저장 방식 보강"",""교환은 옵션/회수/재배송 정보가 필요""]","RF-03-05-02-4","238","관련 RF 검수표 참조; 개별 원문행 인수 미완료"
"Me9_스토리보드_Ver3.0_필요파일_재정리_20260728.xlsx","신규_보강필요","35","[""26"",""RF-03-05-02-5"",""Shop 채널"",""주문영역"",""주문 > 구매 확정하기"",""Popup"",""구매확정 확인 팝업"",""2026-07-28"",""보강필요"","""",""현재 item status POST는 있으나 확인 팝업/확정일 표시 흐름 확인 필요"",""shop/pop.order_details_purchase_confirm.html"",""front.shop.order_details / front.shop.order.item.status"",""구매확정 확인 레이어 및 상태 반영 검증"",""구매확정은 정산 생성 기준이므로 UX/상태 반영 중요""]","RF-03-05-02-5","239","관련 RF 검수표 참조; 개별 원문행 인수 미완료"
"Me9_스토리보드_Ver3.0_필요파일_재정리_20260728.xlsx","신규_보강필요","36","[""27"",""RF-03-05-06"",""Shop 채널"",""주문영역"",""주문 상세 화면"",""Web Page"",""주문 상세 보기 전용 화면"",""2026-07-28"",""신규/보강필요"","""",""현재 /shop/order/details는 최근 주문 1건 중심이고 주문 ID 기반 상세 분리 없음"",""shop/order_details_view.html"",""front.shop.order_details"",""주문번호/ID 기반 상세 화면 분리 또는 기존 화면 확장"",""구매내역/주문조회에서 특정 주문 상세로 이동해야 함""]","RF-03-05-06","243","관련 RF 검수표 참조; 개별 원문행 인수 미완료"
"Me9_스토리보드_Ver3.0_필요파일_재정리_20260728.xlsx","신규_보강필요","37","[""28"",""RF-03-05-03"",""Shop 채널"",""주문영역"",""취소 주문 목록"",""Web Page"",""취소 목록 화면"",""2026-07-28"",""보강필요"","""",""front/shop/cancel_details.blade.php는 존재하지만 정적 샘플 성격. 실제 claim 데이터 연결 필요"",""shop/cancel_details.html"",""front.shop.cancel.details"",""취소 주문 목록을 실제 OrderClaim/OrdersProduct 기준으로 재작업"",""파일 존재만으로 완료 처리하면 운영 데이터가 보이지 않을 수 있음""]","RF-03-05-03","240","관련 RF 검수표 참조; 개별 원문행 인수 미완료"
"Me9_스토리보드_Ver3.0_필요파일_재정리_20260728.xlsx","신규_보강필요","38","[""29"",""RF-03-05-04"",""Shop 채널"",""주문영역"",""반품 주문 목록"",""Web Page"",""반품 목록 화면"",""2026-07-28"",""보강필요"","""",""front/shop/return_details.blade.php는 존재하지만 정적 샘플 성격. 실제 claim 데이터 연결 필요"",""shop/return_details.html"",""front.shop.return.details"",""반품 주문 목록을 실제 claim 데이터 기준으로 재작업"",""파일 존재만으로 완료 처리하면 운영 데이터가 보이지 않을 수 있음""]","RF-03-05-04","241","관련 RF 검수표 참조; 개별 원문행 인수 미완료"
"Me9_스토리보드_Ver3.0_필요파일_재정리_20260728.xlsx","신규_보강필요","39","[""30"",""RF-03-05-05"",""Shop 채널"",""주문영역"",""교환 주문 목록"",""Web Page"",""교환 목록 화면"",""2026-07-28"",""보강필요"","""",""front/shop/exchange_details.blade.php는 존재하지만 정적 샘플 성격. 실제 claim 데이터 연결 필요"",""shop/exchange_details.html"",""front.shop.exchange.details"",""교환 주문 목록을 실제 claim 데이터 기준으로 재작업"",""파일 존재만으로 완료 처리하면 운영 데이터가 보이지 않을 수 있음""]","RF-03-05-05","242","관련 RF 검수표 참조; 개별 원문행 인수 미완료"
"Me9_스토리보드_Ver3.0_필요파일_재정리_20260728.xlsx","신규_보강필요","40","[""31"",""RF-03-06-02"",""Shop 채널"",""공지사항"",""공지사항 상세"",""Web Page"",""Shop 채널 공지사항 상세 화면"",""2026-07-28"",""신규필요"","""",""Shop 공지 목록 route는 있으나 상세 route/view 없음"",""shop/notice_view.html"",""shop.notices 목록만 존재"",""Shop 공지사항 상세 페이지 신규"",""공지 목록에서 상세 확인이 필요""]","RF-03-06-02","246","관련 RF 검수표 참조; 개별 원문행 인수 미완료"
"Me9_스토리보드_Ver3.0_필요파일_재정리_20260728.xlsx","신규_보강필요","41","[""32"",""RF-04-02-01-2"",""발주사 페이지"",""발주 관리"",""발주 대기 보기/수정"",""Popup"",""발주 대기 상세/수정 팝업"",""2026-07-28"",""보강필요"","""",""현재 발주 상세/수정은 full page 성격. 스토리보드 팝업 방식과 1:1 일치 여부 확인 필요"",""purchase/pop.waiting_view.html / purchase/pop.waiting_update.html"",""distributor.order_details / distributor.order.update"",""팝업 UI가 필수면 레이어/팝업 형태로 보강"",""발주사 운영 흐름에서 목록 내 즉시 확인/수정 UX 필요""]","RF-04-02-01-2","253","관련 RF 검수표 참조; 개별 원문행 인수 미완료"
"Me9_스토리보드_Ver3.0_필요파일_재정리_20260728.xlsx","신규_보강필요","42","[""33"",""RF-04-02-02-1"",""발주사 페이지"",""발주 관리"",""발주 완료 보기/수정"",""Popup"",""발주 완료 상세/수정 팝업"",""2026-07-28"",""보강필요"","""",""현재 발주 상세/수정은 full page 성격. 스토리보드 팝업 방식과 1:1 일치 여부 확인 필요"",""purchase/pop.completed_view.html / purchase/pop.completed_update.html"",""distributor.order_details / distributor.order.update"",""팝업 UI가 필수면 레이어/팝업 형태로 보강"",""배송 전 수정 가능 조건 등 상태별 제어 필요""]","RF-04-02-02-1","255","관련 RF 검수표 참조; 개별 원문행 인수 미완료"
"Me9_스토리보드_Ver3.0_필요파일_재정리_20260728.xlsx","인덱스_임시화면","1","[""No"",""스토리보드 No"",""웹 영역"",""스토리보드 영역"",""스토리보드 상세명"",""페이지 종류"",""추가설명"",""요청일자"",""처리상태"",""처리일자"",""의견"",""FileMap Page Path"",""현재 Laravel 매칭"",""실제 필요 산출물/작업"",""판단근거""]","","","자료/수식/목록 행: 개별 검증 미완료"
"Me9_스토리보드_Ver3.0_필요파일_재정리_20260728.xlsx","인덱스_임시화면","2","[""34"",""RF-01-01"",""홈페이지"",""main"",""메인 페이지"",""Web Page"",""스토리보드상 대표 이미지/회사 소개/이용방법/공지/회사정보가 있는 메인 화면"",""2026-07-28"",""신규/재작업필요"","""",""현재 resources/views/front/index.blade.php는 container 내부가 비어 있으며 “me9market/main/index.php 소스, container 내부는 비어 있었음” 주석만 존재"",""/homepage/main/index.html"",""/ route -> front.index"",""홈페이지 메인 실제 퍼블리싱/콘텐츠/공지 추출/회사정보 영역 구현 필요"",""파일 존재만으로 구현 완료로 볼 수 없음. 인덱스 누락 항목""]","RF-01-01","7","관련 RF 검수표 참조; 개별 원문행 인수 미완료"
"Me9_스토리보드_Ver3.0_필요파일_재정리_20260728.xlsx","인덱스_임시화면","3","[""35"",""RF-02-02-01"",""채널 관리자"",""대시보드"",""대시보드 구성화면"",""Web Page"",""채널관리자 첫 화면. 주문단계, 회원정보, 문의사항, 주문목록, 방문 채널 등 표시"",""2026-07-28"",""구현확인/추가검수"","""",""channel/index.blade.php는 실제 counts/recentOrders/recentInquiries를 사용하나 스토리보드의 바로가기 메뉴/서브관리 채널목록 등 일부 항목은 최종 검수 필요"",""channel/dashboard.html"",""/channel -> channel.index"",""운영 데이터 연동은 있음. 스토리보드 구성요소 빠짐 여부 추가 검수"",""인덱스성 화면이므로 별도 추적 필요""]","RF-02-02-01","69","관련 RF 검수표 참조; 개별 원문행 인수 미완료"
"Me9_스토리보드_Ver3.0_필요파일_재정리_20260728.xlsx","인덱스_임시화면","4","[""36"",""RF-05-02-01"",""전체관리자"",""대시보드"",""전체관리자 대시보드 구성화면"",""Web Page"",""전체관리자 첫 화면. 블록 조합형 대시보드, 주문상태, 매출 Top20, 카테고리 Top20, 현황 리스트"",""2026-07-28"",""재작업필요"","""",""admin/dashboard.blade.php는 16/5/1/0/5/2/3, 0000-00-00, Red/Blue 차트 등 하드코딩 샘플이 남아 있음. AdminController가 넘기는 counts도 화면에서 사용하지 않음"",""FileMap Page Path 공란 / master main 참조"",""/admin/dashboard -> admin.dashboard"",""실제 주문/매출/카테고리/회원/신고/포인트 데이터 연동 대시보드로 재작업"",""이전 산출물에서 가장 크게 누락된 인덱스 항목""]","RF-05-02-01","260","관련 RF 검수표 참조; 개별 원문행 인수 미완료"
"Me9_스토리보드_Ver3.0_필요파일_재정리_20260728.xlsx","인덱스_임시화면","5","[""37"",""RF-05-02-01"",""전체관리자"",""대시보드"",""master/index 샘플 화면"",""Web Page"",""전체관리자 대시보드와 유사한 샘플 파일"",""2026-07-28"",""정리필요"","""",""resources/views/master/index.blade.php는 Channel A/user01/Reporter X/Red Blue 등 샘플 데이터. 실제 MasterController@index는 admin.dashboard로 redirect하므로 운영 route에서 사용되지 않음"",""Physical File 참조: master/main"",""/master -> admin.dashboard redirect"",""운영 미사용 샘플이면 제거 또는 FileMap상 패턴 참고 파일로 명확히 분리"",""현재 파일만 보면 구현된 것처럼 오판 가능""]","RF-05-02-01","260","관련 RF 검수표 참조; 개별 원문행 인수 미완료"
"Me9_스토리보드_Ver3.0_필요파일_재정리_20260728.xlsx","인덱스_임시화면","6","[""38"",""RF-05-02-02~11"",""전체관리자"",""디자인 패턴"",""admin/sub*, master/sub* 패턴/샘플 화면"",""Page/Layer/Popup"",""일반 리스트, 보기, 입력, 팝업, 레이어, 로딩 패턴"",""2026-07-28"",""임시/패턴파일"","""",""admin/sub01, sub02, sub03, view, newpage, layer_large 및 master/sub01~03은 홍길동/111111/테스트 내용/내용노출 등 샘플 데이터가 다수 남아 있음"",""/admin/sub01, /admin/sub02, /admin/sub03, /admin/view, /admin/newpage, /admin/loading"",""admin.sub.* / master.sub* redirect"",""운영 CRUD 화면으로 오해하지 않도록 패턴 파일로 분리 표기. 실제 전체관리자 업무화면은 별도 구현 필요"",""스토리보드 디자인 패턴용이면 완료 기준이 다르고, 운영 메뉴에 노출되면 문제""]","RF-05-02-02","261","관련 RF 검수표 참조; 개별 원문행 인수 미완료"
"Me9_스토리보드_Ver3.0_필요파일_재정리_20260728.xlsx","인덱스_임시화면","7","[""39"",""RF-03-05-01~05"",""Shop 채널"",""주문영역"",""shop/sub 주문 샘플 파일"",""Page"",""Shop 주문확인/상세/취소/반품/교환 샘플 파일"",""2026-07-28"",""운영미연결/재작업필요"","""",""resources/views/shop/sub/*.blade.php는 상품명 111111 등 정적 샘플이고 현재 운영 route는 front/shop/*를 사용함"",""shop/order_confirm.html, order_details.html, cancel_details.html 등"",""운영 route 미연결 샘플"",""운영 Shop 주문 화면은 front/shop 쪽으로 실제 데이터 연결 필요. shop/sub는 샘플/참고로 분리"",""샘플 파일 존재 때문에 완료로 판단하면 안 됨""]","RF-03-05-01","233","관련 RF 검수표 참조; 개별 원문행 인수 미완료"
"Me9_스토리보드_Ver3.0_필요파일_재정리_20260728.xlsx","인덱스_임시화면","8","[""40"",""RF-03-04-03~05"",""Shop 채널"",""상품영역"",""front/cart, checkout, payment index"",""Page"",""기존 쇼핑몰 템플릿 계열 화면"",""2026-07-28"",""중복/정리필요"","""",""front/cart/index, front/checkout/index, front/payment/index는 기존 일반 쇼핑몰 템플릿 성격이고 Shop 채널 운영 흐름은 front/shop/cart/order_form/order_complete와 분리됨"",""기획 FileMap 직접 경로 아님"",""front.cart/payment/checkout legacy"",""운영에 사용할 화면과 미사용 템플릿을 명확히 분리"",""중복 화면이 있으면 검수자가 실제 구현 파일을 혼동함""]","RF-03-04-03","228","관련 RF 검수표 참조; 개별 원문행 인수 미완료"
"Me9_스토리보드_Ver3.0_필요파일_재정리_20260728.xlsx","인덱스_임시화면","9","[""41"",""RF-01-07-10"",""홈페이지/마이페이지"",""회원영역"",""front/mypage/sub01/modify 샘플성 파일"",""Page"",""마이페이지 회원정보 수정 과거/샘플 화면"",""2026-07-28"",""중복/정리필요"","""",""운영 route는 /mypage/profile -> front.mypage.profile 사용. sub01/modify는 abcde1234/홍길동 등 정적 값이 남아 있음"",""/homepage/mypage/member_update.html"",""mypage.profile이 운영 매칭"",""sub01/modify는 미사용 샘플이면 정리, 운영이면 실제 데이터/action 연결 필요"",""정보수정 버튼 # 문제와 연결됐던 유형""]","RF-01-07-10","38","관련 RF 검수표 참조; 개별 원문행 인수 미완료"
"Me9_스토리보드_Ver3.0_필요파일_재정리_20260728.xlsx","구현확인","1","[""No"",""스토리보드 No"",""웹 영역"",""스토리보드 영역"",""스토리보드 상세명"",""페이지 종류"",""추가설명"",""요청일자"",""처리상태"",""처리일자"",""의견"",""FileMap Page Path"",""현재 Laravel 매칭"",""실제 필요 산출물/작업"",""판단근거""]","","","자료/수식/목록 행: 개별 검증 미완료"
"Me9_스토리보드_Ver3.0_필요파일_재정리_20260728.xlsx","구현확인","2","[""1"",""RF-01-01"",""홈페이지"",""main"",""메인 페이지"",""Web Page"","""",""2026-07-28"",""구현확인"","""",""현재 Laravel route/view 존재. 신규 파일 대상 아님"",""/homepage/main/index.html"",""front.index / /"",""신규 파일 불필요"",""FileMap은 파일요청중이나 현재 운영 화면 존재""]","RF-01-01","7","관련 RF 검수표 참조; 개별 원문행 인수 미완료"
"Me9_스토리보드_Ver3.0_필요파일_재정리_20260728.xlsx","구현확인","3","[""2"",""RF-01-02"",""홈페이지"",""서비스안내"",""서비스 안내"",""Web Page"","""",""2026-07-28"",""구현확인"","""",""현재 Laravel route/view 존재"",""/homepage/company/service.html"",""front.pages.service / /service"",""신규 파일 불필요"",""""]","RF-01-02","9","관련 RF 검수표 참조; 개별 원문행 인수 미완료"
"Me9_스토리보드_Ver3.0_필요파일_재정리_20260728.xlsx","구현확인","4","[""3"",""RF-01-03"",""홈페이지"",""주요기능"",""주요기능 소개"",""Web Page"","""",""2026-07-28"",""구현확인"","""",""현재 Laravel route/view 존재"",""/homepage/company/features.html"",""front.pages.features / /features"",""신규 파일 불필요"",""""]","RF-01-03","11","관련 RF 검수표 참조; 개별 원문행 인수 미완료"
"Me9_스토리보드_Ver3.0_필요파일_재정리_20260728.xlsx","구현확인","5","[""4"",""RF-01-04"",""홈페이지"",""가입안내"",""가입 안내"",""Web Page"","""",""2026-07-28"",""구현확인"","""",""현재 Laravel route/view 존재"",""/homepage/company/subscription_information.html"",""front.pages.subscription_info"",""신규 파일 불필요"",""""]","RF-01-04","13","관련 RF 검수표 참조; 개별 원문행 인수 미완료"
"Me9_스토리보드_Ver3.0_필요파일_재정리_20260728.xlsx","구현확인","6","[""5"",""RF-01-06-01~02-5"",""홈페이지"",""주문조회"",""비회원 주문조회/상세/클레임/문의"",""Page/Popup"","""",""2026-07-28"",""구현확인/UX검수"","""",""비회원 주문조회 route와 상세/claim/inquiry action 존재"",""/homepage/order/general_order_confirm.html 등"",""front.nonmember.order_check / front.nonmember.order_details"",""신규 파일보다 레이어 UX만 필요 시 보강"",""""]","RF-01-06-01","20","관련 RF 검수표 참조; 개별 원문행 인수 미완료"
"Me9_스토리보드_Ver3.0_필요파일_재정리_20260728.xlsx","구현확인","7","[""6"",""RF-01-07-09~17"",""홈페이지/마이페이지"",""회원영역"",""대시보드/프로필/배송지/방문채널/포인트/장바구니/찜"",""Page/Layer"","""",""2026-07-28"",""구현확인"","""",""마이페이지 주요 route/view 존재"",""/homepage/mypage/*.html"",""mypage.dashboard/profile/delivery/visited/points/cart/wishlist"",""신규 파일 불필요. 스타일/액션 회귀검수 대상"",""""]","RF-01-07-09","37","관련 RF 검수표 참조; 개별 원문행 인수 미완료"
"Me9_스토리보드_Ver3.0_필요파일_재정리_20260728.xlsx","구현확인","8","[""7"",""RF-02-01~04"",""채널 관리자"",""로그인/대시보드/정보관리/Shop 관리"",""Page/Layer"","""",""2026-07-28"",""구현확인"","""",""채널관리자 주요 route/view 존재"",""channel/*.html"",""channel.login/index/settings/shop_*"",""신규 파일 불필요. 비공개 인원관리/SMS는 별도 보강"",""""]","RF-02-01","67","관련 RF 검수표 참조; 개별 원문행 인수 미완료"
"Me9_스토리보드_Ver3.0_필요파일_재정리_20260728.xlsx","구현확인","9","[""8"",""RF-02-05-01~05"",""채널 관리자"",""상품 관리"",""자사/공개/부분공개 상품 목록/등록"",""Page/Layer"","""",""2026-07-28"",""부분구현"","""",""상품 CRUD route/view 존재. 일부 하위 레이어는 보강 필요"",""channel/product_*.html"",""channel.product_* / channel.product.base.*"",""기본 CRUD 신규 파일 불필요, 하위 Layer 보강"",""""]","RF-02-05-01","110","관련 RF 검수표 참조; 개별 원문행 인수 미완료"
"Me9_스토리보드_Ver3.0_필요파일_재정리_20260728.xlsx","구현확인","10","[""9"",""RF-02-06-01~03"",""채널 관리자"",""공동구매 관리"",""공동구매 목록/등록/수정"",""Page"","""",""2026-07-28"",""구현확인"","""",""공동구매 route/view 존재"",""공란"",""channel.joint_purchase.*"",""신규 파일 불필요. 발주담당자 찾기 팝업은 보강"",""""]","RF-02-06-01","128","관련 RF 검수표 참조; 개별 원문행 인수 미완료"
"Me9_스토리보드_Ver3.0_필요파일_재정리_20260728.xlsx","구현확인","11","[""10"",""RF-02-07-01~09"",""채널 관리자"",""주문 관리"",""주문/취소/반품/교환 목록"",""Page/Layer"","""",""2026-07-28"",""부분구현"","""",""주문 목록/상태 변경 route 존재. 보류/송장/옵션 레이어 action은 보강 필요"",""channel/order_*.html"",""channel.order.*"",""목록 신규 파일 불필요, 상세 액션 보강"",""""]","RF-02-07-01","138","관련 RF 검수표 참조; 개별 원문행 인수 미완료"
"Me9_스토리보드_Ver3.0_필요파일_재정리_20260728.xlsx","구현확인","12","[""11"",""RF-02-08-01~02-4"",""채널/전체관리자"",""정산 관리"",""채널 정산/총괄 정산/상세/집행현황"",""Page/Excel"","""",""2026-07-28"",""구현확인/정산식검수"","""",""채널/관리자 정산 route/view/export 존재"",""스토리보드 Ver3.0 추가 항목"",""channel.settlement.* / admin.settlements.*"",""신규 화면보다 컬럼/산식/xlsx 여부 검증"",""이메일 정산 요구와 함께 최종 검수 필요""]","RF-02-08-01","168","관련 RF 검수표 참조; 개별 원문행 인수 미완료"
"Me9_스토리보드_Ver3.0_필요파일_재정리_20260728.xlsx","구현확인","13","[""12"",""RF-04-01-01~02-02-1"",""발주사 페이지"",""발주 관리"",""로그인/대기/완료/상세/수정"",""Page/Popup"","""",""2026-07-28"",""부분구현"","""",""발주사 route/view 존재. 팝업 형태 일치 여부는 보강 대상"",""purchase/*.html"",""distributor.*"",""기본 CRUD 신규 파일 불필요, 팝업 UX 보강 검토"",""""]","RF-04-01-01","249","관련 RF 검수표 참조; 개별 원문행 인수 미완료"
"Me9_스토리보드_Ver3.0_필요파일_재정리_20260728.xlsx","구현확인","14","[""13"",""RF-05-01~02-11"",""전체관리자"",""로그인/대시보드/디자인 패턴"",""Page/Layer/Popup"","""",""2026-07-28"",""구현확인/패턴검수"","""",""admin 운영 화면과 master/admin 패턴 파일 존재"",""FileMap Physical File 참조"",""admin.* / master.*"",""정산관리 운영 화면은 admin.settlements로 구현됨"",""디자인 패턴 화면은 실제 업무 CRUD라기보다 퍼블리싱 프레임 성격""]","RF-05-01","258","관련 RF 검수표 참조; 개별 원문행 인수 미완료"
"Me9_스토리보드_Ver3.0_필요파일_재정리_20260728.xlsx","정산_메일요구","1","[""No"",""스토리보드 No"",""웹 영역"",""스토리보드 영역"",""스토리보드 상세명"",""페이지 종류"",""추가설명"",""요청일자"",""처리상태"",""처리일자"",""의견"",""FileMap Page Path"",""현재 Laravel 매칭"",""실제 필요 산출물/작업"",""판단근거""]","","","자료/수식/목록 행: 개별 검증 미완료"
"Me9_스토리보드_Ver3.0_필요파일_재정리_20260728.xlsx","정산_메일요구","2","[""1"",""RF-02-08-01"",""채널 관리자"",""정산 관리"",""정산 리스트 기준"",""요구사항"",""구매확정 주문 기준으로 정산 리스트 생성. 정산/미정산 상태변경 없음"",""2026-07-28"",""반영기준"","""",""정산 완료 상태 토글이 아니라 구매확정 기준 정산 데이터와 집행현황을 보여주는 구조가 맞음"",""정산 메일 1번"",""channel.settlement.list / admin.settlements"",""정산 상태변경 UI를 만들 필요 없음"",""메일의 핵심 확인 사항""]","RF-02-08-01","168","관련 RF 검수표 참조; 개별 원문행 인수 미완료"
"Me9_스토리보드_Ver3.0_필요파일_재정리_20260728.xlsx","정산_메일요구","3","[""2"",""RF-02-08-02-1"",""전체관리자"",""정산 관리"",""정산 집행 현황 입력"",""요구사항"",""총괄관리자가 회원사/채널 정산 집행 확인용 집행일, 집행내역, 금액, 첨부자료 입력"",""2026-07-28"",""구현확인"","""",""SettlementExecution 계열 route가 존재함"",""스토리보드 Ver3.0 추가"",""admin.settlements.executions.store/download"",""운영 데이터 기준 저장/노출 최종 검수"",""채널 정산 화면에 집행현황이 같이 노출되어야 함""]","RF-02-08-02-1","173","관련 RF 검수표 참조; 개별 원문행 인수 미완료"
"Me9_스토리보드_Ver3.0_필요파일_재정리_20260728.xlsx","정산_메일요구","4","[""3"",""RF-02-08-02-3"",""전체관리자"",""정산 관리"",""자사PG 채널 지급액 상세 표기"",""요구사항"",""자사PG 12,500원 결제 시 Me9가 지급할 채널 지급액은 0으로 표기. 포인트 결제가 있으면 포인트 예수금 기준 금액만 별도 반영"",""2026-07-28"",""반영기준"","""",""스토리보드 Ver3.0 가이드상 자사PG 결제액은 Me9 정산 지급 대상이 아님"",""정산 메일 2번 / 11111.png / 22222.png"",""admin.settlements.payout"",""자사PG/공용PG/자사포인트/Me9포인트/상품가/배송비/정산비용 컬럼 분리 유지"",""많은 건수에서 혼동 방지를 위해 PG구분/상품유형/구분 필터 또는 상세 링크 필요""]","RF-02-08-02-3","175","관련 RF 검수표 참조; 개별 원문행 인수 미완료"
"Me9_스토리보드_Ver3.0_필요파일_재정리_20260728.xlsx","정산_메일요구","5","[""4"",""RF-02-08-02-4"",""전체관리자"",""정산 관리"",""채널 청구액 상세 표기"",""요구사항"",""SMS 수수료, 지급포인트, 매입/수수료를 채널 청구액 상세로 분리"",""2026-07-28"",""반영기준"","""",""청구액은 지급액과 다른 상세 목록으로 확인되어야 함"",""스토리보드 Ver3.0 추가"",""admin.settlements.billing"",""상세/엑셀 컬럼 및 합계 검증"",""자사PG 이용 시 지급포인트 제공 불가 조건 포함""]","RF-02-08-02-4","176","관련 RF 검수표 참조; 개별 원문행 인수 미완료"
"Me9_스토리보드_Ver3.0_필요파일_재정리_20260728.xlsx","정산_메일요구","6","[""5"",""RF-02-08-01-3"",""채널 관리자"",""정산 관리"",""정산 엑셀 상세"",""요구사항"",""등록일, 주문번호, 주문유형, 상품유형, 구분, PG결제, 포인트결제, 상품가, 배송비, 할인금액, 수수료, SMS, 제공포인트, 정산비용 표시"",""2026-07-28"",""확인필요"","""",""현재 export는 있으나 스토리보드 컬럼과 완전 동일 여부 확인 필요"",""스토리보드 Ver3.0 추가"",""admin.settlements.export"",""엑셀 컬럼 순서/명칭/산식 대조"",""출력 파일 확장자가 CSV면 실제 xlsx 요구 여부 결정 필요""]","RF-02-08-01-3","171","관련 RF 검수표 참조; 개별 원문행 인수 미완료"
"Me9_스토리보드_Ver3.0_필요파일_재정리_20260728.xlsx","정산_메일요구","7","[""6"",""RF-02-08-01-4"",""채널 관리자"",""정산 관리"",""추가 배송비 엑셀 상세"",""요구사항"",""완료일시, 반품/교환 주문번호, 원주문번호, 주문상태, 주문유형, 상품유형, 결제비용, 추가배송비 표시"",""2026-07-28"",""확인필요"","""",""현재 extra shipping export는 있으나 컬럼 완전 일치 확인 필요"",""스토리보드 Ver3.0 추가"",""admin.settlements.extra_shipping.export"",""추가배송비 상세 산출 기준 검증"",""반품/교환 배송비는 일반 정산과 분리 출력""]","RF-02-08-01-4","172","관련 RF 검수표 참조; 개별 원문행 인수 미완료"
"Me9_스토리보드_Ver3.0_필요파일_재정리_20260728.xlsx","필요문서_결정사항","1","[""No"",""필요 문서/결정"",""필요 이유"",""대상 화면 ID"",""없을 경우 위험""]","","","자료/수식/목록 행: 개별 검증 미완료"
"Me9_스토리보드_Ver3.0_필요파일_재정리_20260728.xlsx","필요문서_결정사항","2","[""1"",""Shop 채널 최신 퍼블리싱 원본 또는 캡처 묶음"",""FileMap RF-03 대부분이 Shop 채널 별도 화면을 전제로 함"",""RF-03 전체"",""공통 회원/주문 화면 재사용 여부를 임의 판단하게 되어 의도와 다른 화면이 될 수 있음""]","","","자료/수식/목록 행: 개별 검증 미완료"
"Me9_스토리보드_Ver3.0_필요파일_재정리_20260728.xlsx","필요문서_결정사항","3","[""2"",""취소/반품/교환 상태 전이표"",""사용자 신청, 채널관리자 승인/보류/송장/옵션 변경, 발주사 흐름이 연결됨"",""RF-01-06, RF-01-07-18, RF-02-07, RF-03-05"",""상태값은 저장되지만 실제 운영 흐름이 끊길 수 있음""]","RF-01-06;RF-01-07-18;RF-02-07;RF-03-05","55","관련 RF 검수표 참조; 개별 원문행 인수 미완료"
"Me9_스토리보드_Ver3.0_필요파일_재정리_20260728.xlsx","필요문서_결정사항","4","[""3"",""자사PG/공용PG/포인트 정산 산식 확정표"",""이메일과 Ver3.0 정산 가이드의 금액 표기 기준을 코드/엑셀 컬럼에 고정해야 함"",""RF-02-08 전체"",""자사PG 결제 금액을 매출/지급액에 중복 또는 반대로 반영할 위험""]","RF-02-08","","자료/수식/목록 행: 개별 검증 미완료"
"Me9_스토리보드_Ver3.0_필요파일_재정리_20260728.xlsx","필요문서_결정사항","5","[""4"",""Shop 전용 로그인/간편가입 사용 여부 결정"",""현재는 공통 회원 화면 재사용 가능성이 있으나 스토리보드는 Shop 전용 화면을 제시함"",""RF-03-01-02, RF-03-02-01"",""별도 화면을 만들어야 하는지 공통 라우트 연결이면 되는지 불명확""]","RF-03-01-02;RF-03-02-01","213;215","관련 RF 검수표 참조; 개별 원문행 인수 미완료"
"Me9_스토리보드_Ver3.0_필요파일_재정리_20260728.xlsx","필요문서_결정사항","6","[""5"",""팝업/레이어를 반드시 별도 파일로 요구하는지 여부"",""일부 기능은 현재 페이지 내부 form/action으로도 구현 가능하지만 FileMap은 Popup/Layer로 명시함"",""RF-03-04, RF-03-05, RF-04-02"",""기능은 동작하나 검수에서 화면 형태 불일치로 재작업될 수 있음""]","RF-03-04;RF-03-05;RF-04-02","","자료/수식/목록 행: 개별 검증 미완료"
"Me9_스토리보드_Ver3.0_필요파일_재정리_20260728.xlsx","필요문서_결정사항","7","[""6"",""메인/대시보드 실제 데이터 항목 정의서"",""인덱스 화면은 단순 페이지가 아니라 어떤 데이터를 어떤 기간/조건으로 집계할지 정의가 필요"",""RF-01-01, RF-02-02-01, RF-05-02-01"",""정적 숫자/샘플 차트가 남아도 구현 완료로 오판될 수 있음""]","RF-01-01;RF-02-02-01;RF-05-02-01","7;69;260","관련 RF 검수표 참조; 개별 원문행 인수 미완료"
"Me9_스토리보드_Ver3.0_필요파일_재정리_20260728.xlsx","필요문서_결정사항","8","[""7"",""운영 미사용 샘플 파일 정리 기준"",""shop/sub, master/sub, admin/sub, front/cart index 계열이 실제 운영 화면인지 퍼블리싱 참고인지 결정 필요"",""RF-03, RF-05"",""중복 파일 때문에 링크 연결/검수 기준이 흔들릴 수 있음""]","","","자료/수식/목록 행: 개별 검증 미완료"
"Me9_필요HTML파일_요청서_스토리보드_FileMap_20260809.xlsx","요약","1","[""구분"",""건수"",""판단""]","","","자료/수식/목록 행: 개별 검증 미완료"
"Me9_필요HTML파일_요청서_스토리보드_FileMap_20260809.xlsx","요약","2","[""작업요청서 원본 행"",""44"",""요청서 자체는 44행이나 RF-03/RF-04 범위 행 포함""]","","","자료/수식/목록 행: 개별 검증 미완료"
"Me9_필요HTML파일_요청서_스토리보드_FileMap_20260809.xlsx","요약","3","[""작업요청서 범위 확장 후 항목"",""83"",""RF-03 Shop 전체와 RF-04 발주사 전체를 FileMap 개별 화면으로 풀어낸 수""]","","","자료/수식/목록 행: 개별 검증 미완료"
"Me9_필요HTML파일_요청서_스토리보드_FileMap_20260809.xlsx","요약","4","[""FileMap 전체 화면 항목"",""170"",""SB Page가 있는 행""]","","","자료/수식/목록 행: 개별 검증 미완료"
"Me9_필요HTML파일_요청서_스토리보드_FileMap_20260809.xlsx","요약","5","[""FileMap 파일요청중/상태공란"",""66"",""실제 HTML 필요로 봐야 하는 항목""]","","","자료/수식/목록 행: 개별 검증 미완료"
"Me9_필요HTML파일_요청서_스토리보드_FileMap_20260809.xlsx","요약","6","[""Ver3.0 개정/추가 핵심 항목"",""26"",""FileMap V1.2.6에 없거나 요청서에 명시되지 않은 변경 포함""]","","","자료/수식/목록 행: 개별 검증 미완료"
"Me9_필요HTML파일_요청서_스토리보드_FileMap_20260809.xlsx","요약","7","[""Codex 임시/샘플 묶음"",""10"",""사용자 지시 기준: 실제 HTML 신규 제작 필요 또는 운영 제외""]","","","자료/수식/목록 행: 개별 검증 미완료"
"Me9_필요HTML파일_요청서_스토리보드_FileMap_20260809.xlsx","최종_필요HTML","1","[""분류"",""스토리보드 No"",""화면/영역"",""상세명"",""형태"",""필요 HTML/Page Path"",""근거""]","","","자료/수식/목록 행: 개별 검증 미완료"
"Me9_필요HTML파일_요청서_스토리보드_FileMap_20260809.xlsx","최종_필요HTML","2","[""작업요청서"",""RF-01-06-01"",""홈페이지 / 주문조회"",""입력페이지"",""Web Page"",""/homepage/order/general_order_confirm.html"",""작업요청서 20260728 요청중""]","RF-01-06-01","20","관련 RF 검수표 참조; 개별 원문행 인수 미완료"
"Me9_필요HTML파일_요청서_스토리보드_FileMap_20260809.xlsx","최종_필요HTML","3","[""작업요청서"",""RF-01-06-02"",""홈페이지 / 주문조회"",""주문 상세 페이지"",""Web Page"",""/homepage/order/general_order_detail.html"",""작업요청서 20260728 요청중""]","RF-01-06-02","21","관련 RF 검수표 참조; 개별 원문행 인수 미완료"
"Me9_필요HTML파일_요청서_스토리보드_FileMap_20260809.xlsx","최종_필요HTML","4","[""작업요청서"",""RF-01-06-02-1"",""홈페이지 / 주문조회"",""취소신청"",""Layer popup"",""(path 공란)"",""작업요청서 20260728 요청중""]","RF-01-06-02-1","22","관련 RF 검수표 참조; 개별 원문행 인수 미완료"
"Me9_필요HTML파일_요청서_스토리보드_FileMap_20260809.xlsx","최종_필요HTML","5","[""작업요청서"",""RF-01-06-02-2"",""홈페이지 / 주문조회"",""반품신청"",""Layer popup"",""(path 공란)"",""작업요청서 20260728 요청중""]","RF-01-06-02-2","23","관련 RF 검수표 참조; 개별 원문행 인수 미완료"
"Me9_필요HTML파일_요청서_스토리보드_FileMap_20260809.xlsx","최종_필요HTML","6","[""작업요청서"",""RF-01-06-02-3"",""홈페이지 / 주문조회"",""교환신청"",""Layer popup"",""(path 공란)"",""작업요청서 20260728 요청중""]","RF-01-06-02-3","24","관련 RF 검수표 참조; 개별 원문행 인수 미완료"
"Me9_필요HTML파일_요청서_스토리보드_FileMap_20260809.xlsx","최종_필요HTML","7","[""작업요청서"",""RF-01-06-02-4"",""홈페이지 / 주문조회"",""구매확정하기"",""Layer popup"",""(path 공란)"",""작업요청서 20260728 요청중""]","RF-01-06-02-4","25","관련 RF 검수표 참조; 개별 원문행 인수 미완료"
"Me9_필요HTML파일_요청서_스토리보드_FileMap_20260809.xlsx","최종_필요HTML","8","[""작업요청서"",""RF-01-06-02-5"",""홈페이지 / 주문조회"",""상품 문의하기"",""Layer popup"",""(path 공란)"",""작업요청서 20260728 요청중""]","RF-01-06-02-5","26","관련 RF 검수표 참조; 개별 원문행 인수 미완료"
"Me9_필요HTML파일_요청서_스토리보드_FileMap_20260809.xlsx","최종_필요HTML","9","[""작업요청서"",""RF-01-07-02"",""홈페이지 / 회원영역"",""간편 회원 약관 동의 페이지"",""Web Page"",""/homepage/member/social_join.html"",""작업요청서 20260728 요청중""]","RF-01-07-02","29","관련 RF 검수표 참조; 개별 원문행 인수 미완료"
"Me9_필요HTML파일_요청서_스토리보드_FileMap_20260809.xlsx","최종_필요HTML","10","[""작업요청서"",""RF-01-07-11-1"",""홈페이지 / 회원영역"",""배송지 설정"",""Layer popup"",""/homepage/mypage/pop.delivery_destination_register.html"",""작업요청서 20260728 요청중""]","RF-01-07-11-1","41","관련 RF 검수표 참조; 개별 원문행 인수 미완료"
"Me9_필요HTML파일_요청서_스토리보드_FileMap_20260809.xlsx","최종_필요HTML","11","[""작업요청서"",""RF-01-07-11-3"",""홈페이지 / 회원영역"",""배송지 수정"",""Layer popup"",""/homepage/mypage/pop.delivery_destination_update.html"",""작업요청서 20260728 요청중""]","RF-01-07-11-3","43","관련 RF 검수표 참조; 개별 원문행 인수 미완료"
"Me9_필요HTML파일_요청서_스토리보드_FileMap_20260809.xlsx","최종_필요HTML","12","[""작업요청서"",""RF-01-07-14-1"",""홈페이지 / 회원영역"",""방문한 채널 화면에서 QR확대 보기"",""Layer popup"","""",""작업요청서 20260728 요청중""]","RF-01-07-14-1","48","관련 RF 검수표 참조; 개별 원문행 인수 미완료"
"Me9_필요HTML파일_요청서_스토리보드_FileMap_20260809.xlsx","최종_필요HTML","13","[""작업요청서"",""RF-01-07-15-1"",""홈페이지 / 회원영역"",""사용가능한 shop채널 보기"",""Layer popup"","""",""작업요청서 20260728 요청중""]","RF-01-07-15-1","50","관련 RF 검수표 참조; 개별 원문행 인수 미완료"
"Me9_필요HTML파일_요청서_스토리보드_FileMap_20260809.xlsx","최종_필요HTML","14","[""작업요청서"",""RF-01-07-16-1"",""홈페이지 / 회원영역"",""장바구니 목록에서 QR확대 보기"",""Layer popup"","""",""작업요청서 20260728 요청중""]","RF-01-07-16-1","53","관련 RF 검수표 참조; 개별 원문행 인수 미완료"
"Me9_필요HTML파일_요청서_스토리보드_FileMap_20260809.xlsx","최종_필요HTML","15","[""작업요청서"",""RF-02-04-02-1"",""채널관리자 / Shop채널관리"",""공개여부가 비공개시 인원관리 페이지"",""Layer popup"","""",""작업요청서 20260728 요청중""]","RF-02-04-02-1","79","관련 RF 검수표 참조; 개별 원문행 인수 미완료"
"Me9_필요HTML파일_요청서_스토리보드_FileMap_20260809.xlsx","최종_필요HTML","16","[""작업요청서"",""RF-02-04-02-2"",""채널관리자 / Shop채널관리"",""그룹 keyword 추가할 때의 화면 페이지"",""Web Page"","""",""작업요청서 20260728 요청중""]","RF-02-04-02-2","80","관련 RF 검수표 참조; 개별 원문행 인수 미완료"
"Me9_필요HTML파일_요청서_스토리보드_FileMap_20260809.xlsx","최종_필요HTML","17","[""작업요청서"",""RF-02-04-02-3"",""채널관리자 / Shop채널관리"",""사용기간 여부를 기간제로 했을 때 화면 페이지"",""Web Page"","""",""작업요청서 20260728 요청중""]","RF-02-04-02-3","82","관련 RF 검수표 참조; 개별 원문행 인수 미완료"
"Me9_필요HTML파일_요청서_스토리보드_FileMap_20260809.xlsx","최종_필요HTML","18","[""작업요청서"",""RF-02-04-02-5-2"",""채널관리자 / Shop채널관리"",""구매현황 문자알림을 사용할 때 화면 페이지"",""Web Page"","""",""작업요청서 20260728 요청중""]","RF-02-04-02-5-2","85","관련 RF 검수표 참조; 개별 원문행 인수 미완료"
"Me9_필요HTML파일_요청서_스토리보드_FileMap_20260809.xlsx","최종_필요HTML","19","[""작업요청서"",""RF-02-04-02-6"",""채널관리자 / Shop채널관리"",""OG 태그 사용여부가  사용할 때 화면 페이지"",""Web Page"","""",""작업요청서 20260728 요청중""]","RF-02-04-02-6","86","관련 RF 검수표 참조; 개별 원문행 인수 미완료"
"Me9_필요HTML파일_요청서_스토리보드_FileMap_20260809.xlsx","최종_필요HTML","20","[""작업요청서"",""RF-02-04-02-6-1"",""채널관리자 / Shop채널관리"",""Shop 채널 PG 정보를 사용할 때 화면 페이지"",""Web Page"","""",""작업요청서 20260728 요청중""]","RF-02-04-02-6-1","87","관련 RF 검수표 참조; 개별 원문행 인수 미완료"
"Me9_필요HTML파일_요청서_스토리보드_FileMap_20260809.xlsx","최종_필요HTML","21","[""작업요청서"",""RF-02-04-02-7"",""채널관리자 / Shop채널관리"",""Shop 채널 (모니터링) 관리자 정보를 사용할 때 화면 페이지"",""Web Page"","""",""작업요청서 20260728 요청중""]","RF-02-04-02-7","88","관련 RF 검수표 참조; 개별 원문행 인수 미완료"
"Me9_필요HTML파일_요청서_스토리보드_FileMap_20260809.xlsx","최종_필요HTML","22","[""작업요청서"",""RF-02-04-05-3"",""채널관리자 / Shop채널관리"",""Shop 채널의 상세페이지에서 판매상품 추가시"",""Layer popup"",""channel/pop.shop_product_own_add.html"",""작업요청서 20260728 요청중""]","RF-02-04-05-3","95","관련 RF 검수표 참조; 개별 원문행 인수 미완료"
"Me9_필요HTML파일_요청서_스토리보드_FileMap_20260809.xlsx","최종_필요HTML","23","[""작업요청서"",""RF-02-04-05-5"",""채널관리자 / Shop채널관리"",""상품 확인용 popup 페이지"",""Layer popup"",""channel/pop.shop_product_public_view.html"",""작업요청서 20260728 요청중""]","RF-02-04-05-5","97","관련 RF 검수표 참조; 개별 원문행 인수 미완료"
"Me9_필요HTML파일_요청서_스토리보드_FileMap_20260809.xlsx","최종_필요HTML","24","[""작업요청서"",""RF-02-04-05-6"",""채널관리자 / Shop채널관리"",""상품 추가용 popup 페이지"",""Layer popup"",""channel/pop.shop_product_public_add.html"",""작업요청서 20260728 요청중""]","RF-02-04-05-6","98","관련 RF 검수표 참조; 개별 원문행 인수 미완료"
"Me9_필요HTML파일_요청서_스토리보드_FileMap_20260809.xlsx","최종_필요HTML","25","[""작업요청서"",""RF-02-04-05-8"",""채널관리자 / Shop채널관리"",""상품 판매 신청용 popup 페이지"",""Layer popup"",""channel/pop.shop_product_partial_request.html"",""작업요청서 20260728 요청중""]","RF-02-04-05-8","100","관련 RF 검수표 참조; 개별 원문행 인수 미완료"
"Me9_필요HTML파일_요청서_스토리보드_FileMap_20260809.xlsx","최종_필요HTML","26","[""작업요청서"",""RF-02-05-02-1"",""채널관리자 / 상품관리"",""상품 대분류 선택시 표시되는 상품 유형별 필수 표시 사항 화면 페이지"",""Web Page"","""",""작업요청서 20260728 요청중""]","RF-02-05-02-1","117","관련 RF 검수표 참조; 개별 원문행 인수 미완료"
"Me9_필요HTML파일_요청서_스토리보드_FileMap_20260809.xlsx","최종_필요HTML","27","[""작업요청서"",""RF-02-05-02-2"",""채널관리자 / 상품관리"",""상품정보 등록타입별 변화되는 화면 페이지"",""Web Page"","""",""작업요청서 20260728 요청중""]","RF-02-05-02-2","118","관련 RF 검수표 참조; 개별 원문행 인수 미완료"
"Me9_필요HTML파일_요청서_스토리보드_FileMap_20260809.xlsx","최종_필요HTML","28","[""작업요청서"",""RF-02-05-02-4"",""채널관리자 / 상품관리"",""상품 옵션 사용에 따라 변화되는 화면 페이지"",""Web Page"","""",""작업요청서 20260728 요청중""]","RF-02-05-02-4","120","관련 RF 검수표 참조; 개별 원문행 인수 미완료"
"Me9_필요HTML파일_요청서_스토리보드_FileMap_20260809.xlsx","최종_필요HTML","29","[""작업요청서"",""RF-02-05-02-5"",""채널관리자 / 상품관리"",""상품 제약 조건에 따라 변화되는 화면 페이지"",""Web Page"","""",""작업요청서 20260728 요청중""]","RF-02-05-02-5","121","관련 RF 검수표 참조; 개별 원문행 인수 미완료"
"Me9_필요HTML파일_요청서_스토리보드_FileMap_20260809.xlsx","최종_필요HTML","30","[""작업요청서"",""RF-02-06-01"",""채널관리자 / 공동구매"",""공동구매상품 목록 페이지"",""Web Page"",""(path 공란)"",""작업요청서 20260728 요청중""]","RF-02-06-01","128","관련 RF 검수표 참조; 개별 원문행 인수 미완료"
"Me9_필요HTML파일_요청서_스토리보드_FileMap_20260809.xlsx","최종_필요HTML","31","[""작업요청서"",""RF-02-06-02"",""채널관리자 / 공동구매"",""공동구매상품 등록화면 페이지"",""Web Page"",""(path 공란)"",""작업요청서 20260728 요청중""]","RF-02-06-02","130","관련 RF 검수표 참조; 개별 원문행 인수 미완료"
"Me9_필요HTML파일_요청서_스토리보드_FileMap_20260809.xlsx","최종_필요HTML","32","[""작업요청서"",""RF-02-07-03-2"",""채널관리자 / 주문관리"",""주문 배송정보를 popup 으로 출력되는 화면 페이지"",""Layer popup"",""channel/pop.order_normal_delivery.html"",""작업요청서 20260728 요청중""]","RF-02-07-03-2","144","관련 RF 검수표 참조; 개별 원문행 인수 미완료"
"Me9_필요HTML파일_요청서_스토리보드_FileMap_20260809.xlsx","최종_필요HTML","33","[""작업요청서"",""RF-02-07-03-3"",""채널관리자 / 주문관리"",""반품요청을 처리하는 popup 으로 출력되는 화면 페이지"",""Layer popup"",""channel/pop.order_normal_return_request.html"",""작업요청서 20260728 요청중""]","RF-02-07-03-3","145","관련 RF 검수표 참조; 개별 원문행 인수 미완료"
"Me9_필요HTML파일_요청서_스토리보드_FileMap_20260809.xlsx","최종_필요HTML","34","[""작업요청서"",""RF-02-07-03-4"",""채널관리자 / 주문관리"",""교환요청을 처리하는 popup 으로 출력되는 화면 페이지"",""Layer popup"",""channel/pop.order_normal_exchange_request.html"",""작업요청서 20260728 요청중""]","RF-02-07-03-4","146","관련 RF 검수표 참조; 개별 원문행 인수 미완료"
"Me9_필요HTML파일_요청서_스토리보드_FileMap_20260809.xlsx","최종_필요HTML","35","[""작업요청서"",""RF-02-07-03-5"",""채널관리자 / 주문관리"",""취소요청을 처리하는 popup 으로 출력되는 화면 페이지"",""Layer popup"",""channel/pop.order_normal_cancel_request.html"",""작업요청서 20260728 요청중""]","RF-02-07-03-5","147","관련 RF 검수표 참조; 개별 원문행 인수 미완료"
"Me9_필요HTML파일_요청서_스토리보드_FileMap_20260809.xlsx","최종_필요HTML","36","[""작업요청서"",""RF-02-07-05-2"",""채널관리자 / 주문관리"",""반품보류를 처리하는 popup 으로 출력되는 화면 페이지"",""Layer popup"",""channel/pop.order_return_request_pending.html"",""작업요청서 20260728 요청중""]","RF-02-07-05-2","152","관련 RF 검수표 참조; 개별 원문행 인수 미완료"
"Me9_필요HTML파일_요청서_스토리보드_FileMap_20260809.xlsx","최종_필요HTML","37","[""작업요청서"",""RF-02-07-05-3"",""채널관리자 / 주문관리"",""송장정보 변경을 처리하는 popup 으로 출력되는 화면 페이지"",""Layer popup"",""channel/pop.order_return_request_invoice.html"",""작업요청서 20260728 요청중""]","RF-02-07-05-3","153","관련 RF 검수표 참조; 개별 원문행 인수 미완료"
"Me9_필요HTML파일_요청서_스토리보드_FileMap_20260809.xlsx","최종_필요HTML","38","[""작업요청서"",""RF-02-07-06-2"",""채널관리자 / 주문관리"",""교환회수 전 보류 처리하는 popup 으로 출력되는 화면 페이지"",""Layer popup"",""channel/pop.order_exchange_request_hold_before.html"",""작업요청서 20260728 요청중""]","RF-02-07-06-2","156","관련 RF 검수표 참조; 개별 원문행 인수 미완료"
"Me9_필요HTML파일_요청서_스토리보드_FileMap_20260809.xlsx","최종_필요HTML","39","[""작업요청서"",""RF-02-07-06-6"",""채널관리자 / 주문관리"",""교환회수 후 보류 처리하는 popup 으로 출력되는 화면 페이지"",""Layer popup"",""channel/pop.order_exchange_request_hold_after.html"",""작업요청서 20260728 요청중""]","RF-02-07-06-6","160","관련 RF 검수표 참조; 개별 원문행 인수 미완료"
"Me9_필요HTML파일_요청서_스토리보드_FileMap_20260809.xlsx","최종_필요HTML","40","[""작업요청서"",""RF-02-07-06-8"",""채널관리자 / 주문관리"",""교환 옵션 변경을 처리하는 popup 으로 출력되는 화면 페이지"",""Layer popup"",""channel/pop.order_exchange_request_option.html"",""작업요청서 20260728 요청중""]","RF-02-07-06-8","162","관련 RF 검수표 참조; 개별 원문행 인수 미완료"
"Me9_필요HTML파일_요청서_스토리보드_FileMap_20260809.xlsx","최종_필요HTML","41","[""작업요청서"",""RF-02-07-06-9"",""채널관리자 / 주문관리"",""송장수정을 처리하는 popup 으로 출력되는 화면 페이지"",""Layer popup"",""channel/pop.order_exchange_request_invoice.html"",""작업요청서 20260728 요청중""]","RF-02-07-06-9","163","관련 RF 검수표 참조; 개별 원문행 인수 미완료"
"Me9_필요HTML파일_요청서_스토리보드_FileMap_20260809.xlsx","최종_필요HTML","42","[""작업요청서"",""RF-02-08-01"",""채널관리자 / 정산관리"",""정산월 선택 전 정산 기본화면 페이지"",""Web Page"",""(path 공란)"",""작업요청서 20260728 요청중""]","RF-02-08-01","168","관련 RF 검수표 참조; 개별 원문행 인수 미완료"
"Me9_필요HTML파일_요청서_스토리보드_FileMap_20260809.xlsx","최종_필요HTML","43","[""작업요청서"",""RF-02-08-01-2"",""채널관리자 / 정산관리"",""정산월 선택 후 정산 기본화면 페이지"",""Web Page"","""",""작업요청서 20260728 요청중""]","RF-02-08-01-2","170","관련 RF 검수표 참조; 개별 원문행 인수 미완료"
"Me9_필요HTML파일_요청서_스토리보드_FileMap_20260809.xlsx","최종_필요HTML","44","[""작업요청서"",""RF-03-01-01"",""Shop 채널 / 입장 코드 확인"",""입장 코드 확인 페이지"",""Page"",""shop/code_confirm.html"",""작업요청서 20260728 요청중""]","RF-03-01-01","211;212","관련 RF 검수표 참조; 개별 원문행 인수 미완료"
"Me9_필요HTML파일_요청서_스토리보드_FileMap_20260809.xlsx","최종_필요HTML","45","[""작업요청서"",""RF-03-01-02"",""Shop 채널 / 로그인"",""로그인 페이지"",""Page"",""shop/login.html"",""작업요청서 20260728 요청중""]","RF-03-01-02","213","관련 RF 검수표 참조; 개별 원문행 인수 미완료"
"Me9_필요HTML파일_요청서_스토리보드_FileMap_20260809.xlsx","최종_필요HTML","46","[""작업요청서"",""RF-03-02-01"",""Shop 채널 / 간편 회원 가입"",""간편 회원 가입 페이지"",""Page"",""shop/social_join.html"",""작업요청서 20260728 요청중""]","RF-03-02-01","215","관련 RF 검수표 참조; 개별 원문행 인수 미완료"
"Me9_필요HTML파일_요청서_스토리보드_FileMap_20260809.xlsx","최종_필요HTML","47","[""작업요청서"",""RF-03-03-01"",""Shop 채널 / 메인"",""메인 페이지"",""Page"",""shop/main.html"",""작업요청서 20260728 요청중""]","RF-03-03-01","217","관련 RF 검수표 참조; 개별 원문행 인수 미완료"
"Me9_필요HTML파일_요청서_스토리보드_FileMap_20260809.xlsx","최종_필요HTML","48","[""작업요청서"",""RF-03-04-01"",""Shop 채널 / 상품 영역 > 일반 상품"",""일반상품 영역 페이지"",""Page"",""shop/product_list.html"",""작업요청서 20260728 요청중""]","RF-03-04-01","219","관련 RF 검수표 참조; 개별 원문행 인수 미완료"
"Me9_필요HTML파일_요청서_스토리보드_FileMap_20260809.xlsx","최종_필요HTML","49","[""작업요청서"",""RF-03-04-02-6"",""Shop 채널 / 공동 구매"",""공동구매 상품 영역 페이지"",""Page"",""(path 공란)"",""작업요청서 20260728 요청중""]","RF-03-04-02-6","226","관련 RF 검수표 참조; 개별 원문행 인수 미완료"
"Me9_필요HTML파일_요청서_스토리보드_FileMap_20260809.xlsx","최종_필요HTML","50","[""작업요청서"",""RF-03-04-02"",""Shop 채널 / 상품영역 상세 > 일반상품 상세"",""일반상품 영역 상세 페이지"",""Page"",""shop/product_view.html"",""작업요청서 20260728 요청중""]","RF-03-04-02","220","관련 RF 검수표 참조; 개별 원문행 인수 미완료"
"Me9_필요HTML파일_요청서_스토리보드_FileMap_20260809.xlsx","최종_필요HTML","51","[""작업요청서"",""RF-03-04-02-4"",""Shop 채널 / 상품 문의하기"",""상품 문의하기 페이지"",""Popup"",""shop/pop.product_view_contact_us.html"",""작업요청서 20260728 요청중""]","RF-03-04-02-4","224","관련 RF 검수표 참조; 개별 원문행 인수 미완료"
"Me9_필요HTML파일_요청서_스토리보드_FileMap_20260809.xlsx","최종_필요HTML","52","[""작업요청서"",""RF-03-04-02-7"",""Shop 채널 / 공동구매 상세"",""공동구매 상품 상세 페이지"",""Page"",""(path 공란)"",""작업요청서 20260728 요청중""]","RF-03-04-02-7","227","관련 RF 검수표 참조; 개별 원문행 인수 미완료"
"Me9_필요HTML파일_요청서_스토리보드_FileMap_20260809.xlsx","최종_필요HTML","53","[""작업요청서"",""RF-03-04-03"",""Shop 채널 / 장바구니"",""장바구니 페이지"",""Page"",""shop/shopping_basket.html"",""작업요청서 20260728 요청중""]","RF-03-04-03","228","관련 RF 검수표 참조; 개별 원문행 인수 미완료"
"Me9_필요HTML파일_요청서_스토리보드_FileMap_20260809.xlsx","최종_필요HTML","54","[""작업요청서"",""RF-03-04-03"",""Shop 채널 / 옵션 변경"",""옵션 변경 페이지"",""Popup"",""shop/pop.shopping_basket_option.html"",""작업요청서 20260728 요청중""]","RF-03-04-03","228","관련 RF 검수표 참조; 개별 원문행 인수 미완료"
"Me9_필요HTML파일_요청서_스토리보드_FileMap_20260809.xlsx","최종_필요HTML","55","[""작업요청서"",""RF-03-04-04"",""Shop 채널 / 주문서 작성"",""주문서 작성 페이지"",""Page"",""shop/order_form.html"",""작업요청서 20260728 요청중""]","RF-03-04-04","229","관련 RF 검수표 참조; 개별 원문행 인수 미완료"
"Me9_필요HTML파일_요청서_스토리보드_FileMap_20260809.xlsx","최종_필요HTML","56","[""작업요청서"",""RF-03-04-05"",""Shop 채널 / 주문 완료"",""주문 완료 페이지"",""Page"",""shop/order_completed.html"",""작업요청서 20260728 요청중""]","RF-03-04-05","230","관련 RF 검수표 참조; 개별 원문행 인수 미완료"
"Me9_필요HTML파일_요청서_스토리보드_FileMap_20260809.xlsx","최종_필요HTML","57","[""작업요청서"",""RF-03-04-06"",""Shop 채널 / 구매내역 확인"",""주문 내역 페이지"",""Page"",""shop/purchase_history.html"",""작업요청서 20260728 요청중""]","RF-03-04-06","231","관련 RF 검수표 참조; 개별 원문행 인수 미완료"
"Me9_필요HTML파일_요청서_스토리보드_FileMap_20260809.xlsx","최종_필요HTML","58","[""작업요청서"",""RF-03-05-01"",""Shop 채널 / 주문 영역"",""주문 조회 페이지"",""Page"",""shop/order_confirm.html"",""작업요청서 20260728 요청중""]","RF-03-05-01","233","관련 RF 검수표 참조; 개별 원문행 인수 미완료"
"Me9_필요HTML파일_요청서_스토리보드_FileMap_20260809.xlsx","최종_필요HTML","59","[""작업요청서"",""RF-03-05-02"",""Shop 채널 / 주문 관리 > 주문"",""주문 관리 페이지"",""Page"",""shop/order_details.html"",""작업요청서 20260728 요청중""]","RF-03-05-02","234","관련 RF 검수표 참조; 개별 원문행 인수 미완료"
"Me9_필요HTML파일_요청서_스토리보드_FileMap_20260809.xlsx","최종_필요HTML","60","[""작업요청서"",""RF-03-05-02-1"",""Shop 채널 / 판매자 문의하기"",""판매자 문의하기 페이지"",""Popup"",""shop/pop.order_details_contact_us.html"",""작업요청서 20260728 요청중""]","RF-03-05-02-1","235","관련 RF 검수표 참조; 개별 원문행 인수 미완료"
"Me9_필요HTML파일_요청서_스토리보드_FileMap_20260809.xlsx","최종_필요HTML","61","[""작업요청서"",""RF-03-05-02-2"",""Shop 채널 / 취소 신청"",""취소 신청 페이지"",""Popup"",""shop/pop.order_details_cancel_request.html"",""작업요청서 20260728 요청중""]","RF-03-05-02-2","236","관련 RF 검수표 참조; 개별 원문행 인수 미완료"
"Me9_필요HTML파일_요청서_스토리보드_FileMap_20260809.xlsx","최종_필요HTML","62","[""작업요청서"",""RF-03-05-02-3"",""Shop 채널 / 반품 신청"",""반품 신청 페이지"",""Popup"",""shop/pop.order_details_return_request.html"",""작업요청서 20260728 요청중""]","RF-03-05-02-3","237","관련 RF 검수표 참조; 개별 원문행 인수 미완료"
"Me9_필요HTML파일_요청서_스토리보드_FileMap_20260809.xlsx","최종_필요HTML","63","[""작업요청서"",""RF-03-05-02-4"",""Shop 채널 / 교환 신청"",""교환 신청 페이지"",""Popup"",""shop/pop.order_details_exchange_request.html"",""작업요청서 20260728 요청중""]","RF-03-05-02-4","238","관련 RF 검수표 참조; 개별 원문행 인수 미완료"
"Me9_필요HTML파일_요청서_스토리보드_FileMap_20260809.xlsx","최종_필요HTML","64","[""작업요청서"",""RF-03-05-02-5"",""Shop 채널 / 구매 확정"",""구매 확정 페이지"",""Popup"",""shop/pop.order_details_purchase_confirm.html"",""작업요청서 20260728 요청중""]","RF-03-05-02-5","239","관련 RF 검수표 참조; 개별 원문행 인수 미완료"
"Me9_필요HTML파일_요청서_스토리보드_FileMap_20260809.xlsx","최종_필요HTML","65","[""작업요청서"",""RF-03-05-06"",""Shop 채널 / 주문 상세"",""주문 상세 페이지"",""Page"",""shop/order_details_view.html"",""작업요청서 20260728 요청중""]","RF-03-05-06","243","관련 RF 검수표 참조; 개별 원문행 인수 미완료"
"Me9_필요HTML파일_요청서_스토리보드_FileMap_20260809.xlsx","최종_필요HTML","66","[""작업요청서"",""RF-03-05-03"",""Shop 채널 / 취소"",""취소 주문 목록 페이지"",""Page"",""shop/cancel_details.html"",""작업요청서 20260728 요청중""]","RF-03-05-03","240","관련 RF 검수표 참조; 개별 원문행 인수 미완료"
"Me9_필요HTML파일_요청서_스토리보드_FileMap_20260809.xlsx","최종_필요HTML","67","[""작업요청서"",""RF-03-05-04"",""Shop 채널 / 반품"",""반품 주문 목록 페이지"",""Page"",""shop/return_details.html"",""작업요청서 20260728 요청중""]","RF-03-05-04","241","관련 RF 검수표 참조; 개별 원문행 인수 미완료"
"Me9_필요HTML파일_요청서_스토리보드_FileMap_20260809.xlsx","최종_필요HTML","68","[""작업요청서"",""RF-03-05-05"",""Shop 채널 / 교환"",""교환 주문 목록 페이지"",""Page"",""shop/exchange_details.html"",""작업요청서 20260728 요청중""]","RF-03-05-05","242","관련 RF 검수표 참조; 개별 원문행 인수 미완료"
"Me9_필요HTML파일_요청서_스토리보드_FileMap_20260809.xlsx","최종_필요HTML","69","[""작업요청서"",""RF-03-06-01"",""Shop 채널 / 공지사항 > 공지사항 목록"",""공지사항 목록 페이지"",""Page"",""shop/notice_list.html"",""작업요청서 20260728 요청중""]","RF-03-06-01","245","관련 RF 검수표 참조; 개별 원문행 인수 미완료"
"Me9_필요HTML파일_요청서_스토리보드_FileMap_20260809.xlsx","최종_필요HTML","70","[""작업요청서"",""RF-03-06-02"",""Shop 채널 / 공지사항 상세"",""공지사항 상세 페이지"",""Page"",""shop/notice_view.html"",""작업요청서 20260728 요청중""]","RF-03-06-02","246","관련 RF 검수표 참조; 개별 원문행 인수 미완료"
"Me9_필요HTML파일_요청서_스토리보드_FileMap_20260809.xlsx","최종_필요HTML","71","[""작업요청서"",""RF-04-01-01"",""발주사 / 로그인"",""로그인 페이지"",""Page"",""purchase/login.html"",""작업요청서 20260728 요청중""]","RF-04-01-01","249","관련 RF 검수표 참조; 개별 원문행 인수 미완료"
"Me9_필요HTML파일_요청서_스토리보드_FileMap_20260809.xlsx","최종_필요HTML","72","[""작업요청서"",""RF-04-02-01"",""발주사 / 발주 관리 > 발주 대기"",""발주 대기 목록 페이지"",""Page"",""purchase/waiting_list.html"",""작업요청서 20260728 요청중""]","RF-04-02-01","251","관련 RF 검수표 참조; 개별 원문행 인수 미완료"
"Me9_필요HTML파일_요청서_스토리보드_FileMap_20260809.xlsx","최종_필요HTML","73","[""작업요청서"",""RF-04-02-01-1"",""발주사 / 발주 처리"",""발주 처리 페이지"",""Popup"",""purchase/pop.process.html"",""작업요청서 20260728 요청중""]","RF-04-02-01-1","252","관련 RF 검수표 참조; 개별 원문행 인수 미완료"
"Me9_필요HTML파일_요청서_스토리보드_FileMap_20260809.xlsx","최종_필요HTML","74","[""작업요청서"",""RF-04-02-01-2"",""발주사 / 보기"",""발주 대기 상세 페이지"",""Popup"",""purchase/pop.waiting_view.html"",""작업요청서 20260728 요청중""]","RF-04-02-01-2","253","관련 RF 검수표 참조; 개별 원문행 인수 미완료"
"Me9_필요HTML파일_요청서_스토리보드_FileMap_20260809.xlsx","최종_필요HTML","75","[""작업요청서"",""RF-04-02-01-2"",""발주사 / 수정"",""발주 대기 수정 페이지"",""Popup"",""purchase/pop.waiting_update.html"",""작업요청서 20260728 요청중""]","RF-04-02-01-2","253","관련 RF 검수표 참조; 개별 원문행 인수 미완료"
"Me9_필요HTML파일_요청서_스토리보드_FileMap_20260809.xlsx","최종_필요HTML","76","[""작업요청서"",""RF-04-02-02"",""발주사 / 발주 완료"",""발주 완료 목록 페이지"",""Page"",""purchase/completed_list.html"",""작업요청서 20260728 요청중""]","RF-04-02-02","254","관련 RF 검수표 참조; 개별 원문행 인수 미완료"
"Me9_필요HTML파일_요청서_스토리보드_FileMap_20260809.xlsx","최종_필요HTML","77","[""작업요청서"",""RF-04-02-02-1"",""발주사 / 보기"",""발주 완료 상세 페이지"",""Popup"",""purchase/pop.completed_view.html"",""작업요청서 20260728 요청중""]","RF-04-02-02-1","255","관련 RF 검수표 참조; 개별 원문행 인수 미완료"
"Me9_필요HTML파일_요청서_스토리보드_FileMap_20260809.xlsx","최종_필요HTML","78","[""작업요청서"",""RF-04-02-02-1"",""발주사 / 수정"",""발주 완료 수정 페이지"",""Popup"",""purchase/pop.completed_update.html"",""작업요청서 20260728 요청중""]","RF-04-02-02-1","255","관련 RF 검수표 참조; 개별 원문행 인수 미완료"
"Me9_필요HTML파일_요청서_스토리보드_FileMap_20260809.xlsx","최종_필요HTML","79","[""FileMap"",""RF-01-01"",""홈페이지 / main"",""메인 페이지"",""Page"",""/homepage/main/index.html"",""FileMap 파일요청중/상태공란""]","RF-01-01","7","관련 RF 검수표 참조; 개별 원문행 인수 미완료"
"Me9_필요HTML파일_요청서_스토리보드_FileMap_20260809.xlsx","최종_필요HTML","80","[""FileMap"",""RF-01-02"",""2.0 / 서비스안내"",""서비스 안내 페이지"",""Page"",""/homepage/company/service.html"",""FileMap 파일요청중/상태공란""]","RF-01-02","9","관련 RF 검수표 참조; 개별 원문행 인수 미완료"
"Me9_필요HTML파일_요청서_스토리보드_FileMap_20260809.xlsx","최종_필요HTML","81","[""FileMap"",""RF-01-03"",""3.0 / 주요기능"",""주요기능 소개 페이지"",""Page"",""/homepage/company/features.html"",""FileMap 파일요청중/상태공란""]","RF-01-03","11","관련 RF 검수표 참조; 개별 원문행 인수 미완료"
"Me9_필요HTML파일_요청서_스토리보드_FileMap_20260809.xlsx","최종_필요HTML","82","[""FileMap"",""RF-01-04"",""4.0 / 가입안내"",""가입 안내 페이지"",""Page"",""/homepage/company/subscription_information.html"",""FileMap 파일요청중/상태공란""]","RF-01-04","13","관련 RF 검수표 참조; 개별 원문행 인수 미완료"
"Me9_필요HTML파일_요청서_스토리보드_FileMap_20260809.xlsx","최종_필요HTML","83","[""FileMap"",""RF-01-07-04-1"",""22.0 / 비밀번호 변경"",""비밀번호 변경 페이지"",""Popup"",""/homepage/member/pop.pw_update.html"",""FileMap 파일요청중/상태공란""]","RF-01-07-04-1","32","관련 RF 검수표 참조; 개별 원문행 인수 미완료"
"Me9_필요HTML파일_요청서_스토리보드_FileMap_20260809.xlsx","최종_필요HTML","84","[""FileMap"",""RF-01-07-09"",""홈페이지\n마이페이지 / 대시보드"",""대시보기 페이지"",""Page"",""/homepage/mypage/dashboard.html"",""FileMap 파일요청중/상태공란""]","RF-01-07-09","37","관련 RF 검수표 참조; 개별 원문행 인수 미완료"
"Me9_필요HTML파일_요청서_스토리보드_FileMap_20260809.xlsx","최종_필요HTML","85","[""FileMap"",""RF-01-07-19"",""36.0 / 취소 목록"",""취소 주문 목록 페이지"",""Page"",""/homepage/mypage/order02.html"",""FileMap 파일요청중/상태공란""]","RF-01-07-19","61","관련 RF 검수표 참조; 개별 원문행 인수 미완료"
"Me9_필요HTML파일_요청서_스토리보드_FileMap_20260809.xlsx","최종_필요HTML","86","[""FileMap"",""RF-01-07-20"",""37.0 / 반품 목록"",""반품 주문 목록 페이지"",""Page"",""/homepage/mypage/order03.html"",""FileMap 파일요청중/상태공란""]","RF-01-07-20","62","관련 RF 검수표 참조; 개별 원문행 인수 미완료"
"Me9_필요HTML파일_요청서_스토리보드_FileMap_20260809.xlsx","최종_필요HTML","87","[""FileMap"",""RF-01-07-21"",""38.0 / 교환 목록"",""교환 주문 목록 페이지"",""Page"",""/homepage/mypage/order04.html"",""FileMap 파일요청중/상태공란""]","RF-01-07-21","63","관련 RF 검수표 참조; 개별 원문행 인수 미완료"
"Me9_필요HTML파일_요청서_스토리보드_FileMap_20260809.xlsx","최종_필요HTML","88","[""FileMap"",""RF-01-07-22"",""39.0 / 주문 상세"",""주문 상세 페이지"",""Page"",""(path 공란)"",""FileMap 파일요청중/상태공란""]","RF-01-07-22","64","관련 RF 검수표 참조; 개별 원문행 인수 미완료"
"Me9_필요HTML파일_요청서_스토리보드_FileMap_20260809.xlsx","최종_필요HTML","89","[""FileMap"",""RF-01-07-14"",""40.0 / 방문한 채널"",""방문한 채널 페이지"",""Page"",""/homepage/mypage/channel_visited.html"",""FileMap 파일요청중/상태공란""]","RF-01-07-14","47","관련 RF 검수표 참조; 개별 원문행 인수 미완료"
"Me9_필요HTML파일_요청서_스토리보드_FileMap_20260809.xlsx","최종_필요HTML","90","[""FileMap"",""RF-01-07-15"",""41.0 / 포인트 관리 > 포인트 현황"",""포인트 현황"",""Page"",""(path 공란)"",""FileMap 파일요청중/상태공란""]","RF-01-07-15","49","관련 RF 검수표 참조; 개별 원문행 인수 미완료"
"Me9_필요HTML파일_요청서_스토리보드_FileMap_20260809.xlsx","최종_필요HTML","91","[""FileMap"",""RF-01-07-15-2"",""42.0 / 포인트 이력"",""포인트 관리 페이지"",""Page"",""/homepage/mypage/point.html"",""FileMap 파일요청중/상태공란""]","RF-01-07-15-2","51","관련 RF 검수표 참조; 개별 원문행 인수 미완료"
"Me9_필요HTML파일_요청서_스토리보드_FileMap_20260809.xlsx","최종_필요HTML","92","[""FileMap"",""RF-01-07-16"",""43.0 / 장바구니 목록"",""장바구니 목록 페이지"",""Page"",""/homepage/mypage/shopping_basket.html"",""FileMap 파일요청중/상태공란""]","RF-01-07-16","52","관련 RF 검수표 참조; 개별 원문행 인수 미완료"
"Me9_필요HTML파일_요청서_스토리보드_FileMap_20260809.xlsx","최종_필요HTML","93","[""FileMap"",""RF-01-07-17"",""44.0 / 찜한 상품 목록"",""찜한 상품 목록 페이지"",""Page"",""/homepage/mypage/wishlist.html"",""FileMap 파일요청중/상태공란""]","RF-01-07-17","54","관련 RF 검수표 참조; 개별 원문행 인수 미완료"
"Me9_필요HTML파일_요청서_스토리보드_FileMap_20260809.xlsx","최종_필요HTML","94","[""FileMap"",""RF-02-03-01"",""47.0 / 정보 관리"",""정보 관리 페이지"",""Page"",""(path 공란)"",""FileMap 파일요청중/상태공란""]","RF-02-03-01","72","관련 RF 검수표 참조; 개별 원문행 인수 미완료"
"Me9_필요HTML파일_요청서_스토리보드_FileMap_20260809.xlsx","최종_필요HTML","95","[""FileMap"",""RF-02-03-01-1"",""48.0 / 비밀번호 변경"",""비밀번호 변경 페이지"",""Layer"",""(path 공란)"",""FileMap 파일요청중/상태공란""]","RF-02-03-01-1","73","관련 RF 검수표 참조; 개별 원문행 인수 미완료"
"Me9_필요HTML파일_요청서_스토리보드_FileMap_20260809.xlsx","최종_필요HTML","96","[""FileMap"",""RF-02-06-02-5"",""85.0 / 발주 담당자 찾기"",""발주 담당자 찾기 페이지"",""Popup"",""(path 공란)"",""FileMap 파일요청중/상태공란""]","RF-02-06-02-5","135","관련 RF 검수표 참조; 개별 원문행 인수 미완료"
"Me9_필요HTML파일_요청서_스토리보드_FileMap_20260809.xlsx","최종_필요HTML","97","[""FileMap"",""RF-02-06-03"",""86.0 / 공동구매 상품 수정"",""공동구매상품 수정 페이지"",""Page"",""(path 공란)"",""FileMap 파일요청중/상태공란""]","RF-02-06-03","136","관련 RF 검수표 참조; 개별 원문행 인수 미완료"
"Me9_필요HTML파일_요청서_스토리보드_FileMap_20260809.xlsx","최종_필요HTML","98","[""FileMap"",""RF-02-11-01-1"",""117.0 / 환급 요청"",""환급 요청 페이지"",""Layer"",""(path 공란)"",""FileMap 파일요청중/상태공란""]","RF-02-11-01-1","190","관련 RF 검수표 참조; 개별 원문행 인수 미완료"
"Me9_필요HTML파일_요청서_스토리보드_FileMap_20260809.xlsx","최종_필요HTML","99","[""FileMap"",""RF-02-11-01-2"",""118.0 / 포인트 구매"",""포인트 구매 페이지"",""Layer"",""(path 공란)"",""FileMap 파일요청중/상태공란""]","RF-02-11-01-2","191","관련 RF 검수표 참조; 개별 원문행 인수 미완료"
"Me9_필요HTML파일_요청서_스토리보드_FileMap_20260809.xlsx","최종_필요HTML","100","[""스토리보드 Ver3.0"",""RF-01-07-10"",""RF-01-07-10 | 그룹명 | 회원영역"",""마이페이지 | - | 회원정보수정"",""-"",""FileMap 없음 또는 기존 화면 내 반영"",""Ver3.0 개정/추가""]","RF-01-07-10","38","관련 RF 검수표 참조; 개별 원문행 인수 미완료"
"Me9_필요HTML파일_요청서_스토리보드_FileMap_20260809.xlsx","최종_필요HTML","101","[""스토리보드 Ver3.0"",""RF-02-04-02"",""RF-02-04-02 | 그룹명 | Shop | 채널관리 | > Shop | 채널등록"",""Shop | 채널 등록화면"",""-"",""FileMap 없음 또는 기존 화면 내 반영"",""Ver3.0 개정/추가""]","RF-02-04-02","78","관련 RF 검수표 참조; 개별 원문행 인수 미완료"
"Me9_필요HTML파일_요청서_스토리보드_FileMap_20260809.xlsx","최종_필요HTML","102","[""스토리보드 Ver3.0"",""RF-02-04-02-8"",""Shop | 채널관리 | > Shop | 채널등록"",""Shop | 채널 | 등록화면 | 컨텐츠 전체 활성화"",""-"",""FileMap 없음 또는 기존 화면 내 반영"",""Ver3.0 개정/추가""]","RF-02-04-02-8","89","관련 RF 검수표 참조; 개별 원문행 인수 미완료"
"Me9_필요HTML파일_요청서_스토리보드_FileMap_20260809.xlsx","최종_필요HTML","103","[""스토리보드 Ver3.0"",""RF-02-04-03"",""RF-02-04-03 | 그룹명 | Shop | 채널관리 | > Shop | 채널 상세페이지"",""Shop | 채널 정보 화면"",""-"",""FileMap 없음 또는 기존 화면 내 반영"",""Ver3.0 개정/추가""]","RF-02-04-03","90","관련 RF 검수표 참조; 개별 원문행 인수 미완료"
"Me9_필요HTML파일_요청서_스토리보드_FileMap_20260809.xlsx","최종_필요HTML","104","[""스토리보드 Ver3.0"",""RF-02-04-04"",""Shop | 채널관리 | > Shop | 채널 상세페이지 | > | 정보수정"",""Shop | 채널 | 수정화면"",""-"",""FileMap 없음 또는 기존 화면 내 반영"",""Ver3.0 개정/추가""]","RF-02-04-04","91","관련 RF 검수표 참조; 개별 원문행 인수 미완료"
"Me9_필요HTML파일_요청서_스토리보드_FileMap_20260809.xlsx","최종_필요HTML","105","[""스토리보드 Ver3.0"",""RF-02-04-05"",""RF-02-04-05 | 그룹명 | Shop | 채널관리 | > Shop | 채널 상세페이지"",""판매상품 목록 화면"",""-"",""FileMap 없음 또는 기존 화면 내 반영"",""Ver3.0 개정/추가""]","RF-02-04-05","92","관련 RF 검수표 참조; 개별 원문행 인수 미완료"
"Me9_필요HTML파일_요청서_스토리보드_FileMap_20260809.xlsx","최종_필요HTML","106","[""스토리보드 Ver3.0"",""RF-02-04-05-4"",""RF-02-04-07 | 그룹명 | Shop | 채널관리 | > Shop | 채널 상세페이지"",""Shop | 채널 공지사항 상세 보기 화면"",""-"",""FileMap 없음 또는 기존 화면 내 반영"",""Ver3.0 개정/추가""]","RF-02-04-05-4;RF-02-04-07","96;106","관련 RF 검수표 참조; 개별 원문행 인수 미완료"
"Me9_필요HTML파일_요청서_스토리보드_FileMap_20260809.xlsx","최종_필요HTML","107","[""스토리보드 Ver3.0"",""RF-02-04-05-7"",""RF-02-04-05-7 | 그룹명 | Shop | 채널관리 | > Shop | 채널 상세페이지"",""판매 상품 추가 | > | 제휴 상품 | 목록"",""-"",""FileMap 없음 또는 기존 화면 내 반영"",""Ver3.0 개정/추가""]","RF-02-04-05-7","99","관련 RF 검수표 참조; 개별 원문행 인수 미완료"
"Me9_필요HTML파일_요청서_스토리보드_FileMap_20260809.xlsx","최종_필요HTML","108","[""스토리보드 Ver3.0"",""RF-02-04-05-9"",""RF-02-04-05-9 | 그룹명 | Shop | 채널관리 | > Shop | 채널 상세페이지"",""판매 상품 추가 | > | 제휴 상품 | 목록 | > | 추가"",""-"",""FileMap 없음 또는 기존 화면 내 반영"",""Ver3.0 개정/추가""]","RF-02-04-05-9","101","관련 RF 검수표 참조; 개별 원문행 인수 미완료"
"Me9_필요HTML파일_요청서_스토리보드_FileMap_20260809.xlsx","최종_필요HTML","109","[""스토리보드 Ver3.0"",""RF-02-05-02"",""RF-02-05-02 | 그룹명 | 상품관리 | > | 자사상품관리"",""자사 상품 등록"",""-"",""FileMap 없음 또는 기존 화면 내 반영"",""Ver3.0 개정/추가""]","RF-02-05-02","116","관련 RF 검수표 참조; 개별 원문행 인수 미완료"
"Me9_필요HTML파일_요청서_스토리보드_FileMap_20260809.xlsx","최종_필요HTML","110","[""스토리보드 Ver3.0"",""RF-02-07-01"",""RF-02-07-01 | 그룹명 | 주문관리 | > | 주문목록"",""주문 목록"",""-"",""FileMap 없음 또는 기존 화면 내 반영"",""Ver3.0 개정/추가""]","RF-02-07-01","138","관련 RF 검수표 참조; 개별 원문행 인수 미완료"
"Me9_필요HTML파일_요청서_스토리보드_FileMap_20260809.xlsx","최종_필요HTML","111","[""스토리보드 Ver3.0"",""RF-02-08-01-3"",""정산 관리"",""정산 관리"",""-"",""FileMap 없음 또는 기존 화면 내 반영"",""Ver3.0 개정/추가""]","RF-02-08-01-3","171","관련 RF 검수표 참조; 개별 원문행 인수 미완료"
"Me9_필요HTML파일_요청서_스토리보드_FileMap_20260809.xlsx","최종_필요HTML","112","[""스토리보드 Ver3.0"",""RF-02-08-01-4"",""정산 관리"",""정산 관리"",""-"",""FileMap 없음 또는 기존 화면 내 반영"",""Ver3.0 개정/추가""]","RF-02-08-01-4","172","관련 RF 검수표 참조; 개별 원문행 인수 미완료"
"Me9_필요HTML파일_요청서_스토리보드_FileMap_20260809.xlsx","최종_필요HTML","113","[""스토리보드 Ver3.0"",""RF-02-08-02-1"",""정산 관리"",""정산 관리"",""-"",""FileMap 없음 또는 기존 화면 내 반영"",""Ver3.0 개정/추가""]","RF-02-08-02-1","173","관련 RF 검수표 참조; 개별 원문행 인수 미완료"
"Me9_필요HTML파일_요청서_스토리보드_FileMap_20260809.xlsx","최종_필요HTML","114","[""스토리보드 Ver3.0"",""RF-02-08-02-2"",""정산 관리"",""정산 관리"",""-"",""FileMap 없음 또는 기존 화면 내 반영"",""Ver3.0 개정/추가""]","RF-02-08-02-2","174","관련 RF 검수표 참조; 개별 원문행 인수 미완료"
"Me9_필요HTML파일_요청서_스토리보드_FileMap_20260809.xlsx","최종_필요HTML","115","[""스토리보드 Ver3.0"",""RF-02-08-02-3"",""정산 관리"",""정산 관리"",""-"",""FileMap 없음 또는 기존 화면 내 반영"",""Ver3.0 개정/추가""]","RF-02-08-02-3","175","관련 RF 검수표 참조; 개별 원문행 인수 미완료"
"Me9_필요HTML파일_요청서_스토리보드_FileMap_20260809.xlsx","최종_필요HTML","116","[""스토리보드 Ver3.0"",""RF-02-08-02-4"",""정산 관리"",""정산 관리"",""-"",""FileMap 없음 또는 기존 화면 내 반영"",""Ver3.0 개정/추가""]","RF-02-08-02-4","176","관련 RF 검수표 참조; 개별 원문행 인수 미완료"
"Me9_필요HTML파일_요청서_스토리보드_FileMap_20260809.xlsx","최종_필요HTML","117","[""Codex 임시/샘플"",""RF-01-01"",""홈페이지 메인"",""비어 있는 컨테이너/주석만 있음"",""-"",""/homepage/main/index.html"",""resources/views/front/index.blade.php""]","RF-01-01","7","관련 RF 검수표 참조; 개별 원문행 인수 미완료"
"Me9_필요HTML파일_요청서_스토리보드_FileMap_20260809.xlsx","최종_필요HTML","118","[""Codex 임시/샘플"",""RF-05-02-01"",""전체관리자 대시보드"",""하드코딩 숫자/샘플 차트/0000-00-00 데이터"",""-"",""전체관리자 대시보드"",""resources/views/admin/dashboard.blade.php""]","RF-05-02-01","260","관련 RF 검수표 참조; 개별 원문행 인수 미완료"
"Me9_필요HTML파일_요청서_스토리보드_FileMap_20260809.xlsx","최종_필요HTML","119","[""Codex 임시/샘플"",""RF-05-02-01"",""master 샘플 대시보드"",""샘플 데이터. /master는 admin.dashboard redirect"",""-"",""전체관리자 대시보드"",""resources/views/master/index.blade.php""]","RF-05-02-01","260","관련 RF 검수표 참조; 개별 원문행 인수 미완료"
"Me9_필요HTML파일_요청서_스토리보드_FileMap_20260809.xlsx","최종_필요HTML","120","[""Codex 임시/샘플"",""RF-05-02-02~11"",""리스트/보기/입력/팝업/레이어/로딩"",""테스트/내용노출/111111 샘플"",""-"",""관리자 디자인 패턴"",""resources/views/admin/sub/*.blade.php""]","RF-05-02-02","261","관련 RF 검수표 참조; 개별 원문행 인수 미완료"
"Me9_필요HTML파일_요청서_스토리보드_FileMap_20260809.xlsx","최종_필요HTML","121","[""Codex 임시/샘플"",""RF-05-02-02~11"",""master 패턴 샘플"",""테스트/샘플 데이터"",""-"",""관리자 디자인 패턴"",""resources/views/master/sub*.blade.php""]","RF-05-02-02","261","관련 RF 검수표 참조; 개별 원문행 인수 미완료"
"Me9_필요HTML파일_요청서_스토리보드_FileMap_20260809.xlsx","최종_필요HTML","122","[""Codex 임시/샘플"",""RF-03 주문/장바구니 계열"",""Shop 장바구니/주문/취소/반품/교환"",""상품명 111111 등 정적 샘플 및 운영 route 미연결"",""-"",""shop/*.html"",""resources/views/shop/sub/*.blade.php""]","","","자료/수식/목록 행: 개별 검증 미완료"
"Me9_필요HTML파일_요청서_스토리보드_FileMap_20260809.xlsx","최종_필요HTML","123","[""Codex 임시/샘플"",""기획 직접 매칭 없음"",""기존 템플릿 장바구니"",""Shop 채널 흐름과 중복"",""-"",""legacy cart"",""resources/views/front/cart/index.blade.php""]","","","자료/수식/목록 행: 개별 검증 미완료"
"Me9_필요HTML파일_요청서_스토리보드_FileMap_20260809.xlsx","최종_필요HTML","124","[""Codex 임시/샘플"",""기획 직접 매칭 없음"",""기존 템플릿 주문"",""Shop 채널 흐름과 중복"",""-"",""legacy checkout"",""resources/views/front/checkout/index.blade.php""]","","","자료/수식/목록 행: 개별 검증 미완료"
"Me9_필요HTML파일_요청서_스토리보드_FileMap_20260809.xlsx","최종_필요HTML","125","[""Codex 임시/샘플"",""기획 직접 매칭 없음"",""기존 템플릿 결제"",""Shop 채널 흐름과 중복"",""-"",""legacy payment"",""resources/views/front/payment/index.blade.php""]","","","자료/수식/목록 행: 개별 검증 미완료"
"Me9_필요HTML파일_요청서_스토리보드_FileMap_20260809.xlsx","최종_필요HTML","126","[""Codex 임시/샘플"",""기획 직접 매칭 없음"",""Laravel/초기 프론트 템플릿"",""스토리보드 산출물 아님"",""-"",""초기 템플릿"",""resources/views/frontend/index.blade.php, resources/views/welcome.blade.php""]","","","자료/수식/목록 행: 개별 검증 미완료"
"Me9_필요HTML파일_요청서_스토리보드_FileMap_20260809.xlsx","요청서_범위확장","1","[""요청 No"",""요청서 SB No"",""확장 SB No"",""웹 영역"",""스토리보드 영역"",""스토리보드 상세명"",""페이지 종류"",""요청서 상태"",""FileMap 매칭"",""FileMap 상태"",""FileMap Page Path"",""판단""]","","","자료/수식/목록 행: 개별 검증 미완료"
"Me9_필요HTML파일_요청서_스토리보드_FileMap_20260809.xlsx","요청서_범위확장","2","[""1"",""RF-01-06-01"",""RF-01-06-01"",""홈페이지"",""주문조회"",""입력페이지"",""Web Page"",""요청중"",""있음"",""파일요청중"",""/homepage/order/general_order_confirm.html"",""작업요청서 기준 실제 HTML 필요""]","RF-01-06-01","20","관련 RF 검수표 참조; 개별 원문행 인수 미완료"
"Me9_필요HTML파일_요청서_스토리보드_FileMap_20260809.xlsx","요청서_범위확장","3","[""2"",""RF-01-06-02"",""RF-01-06-02"",""홈페이지"",""주문조회"",""주문 상세 페이지"",""Web Page"",""요청중"",""있음"",""파일요청중"",""/homepage/order/general_order_detail.html"",""작업요청서 기준 실제 HTML 필요""]","RF-01-06-02","21","관련 RF 검수표 참조; 개별 원문행 인수 미완료"
"Me9_필요HTML파일_요청서_스토리보드_FileMap_20260809.xlsx","요청서_범위확장","4","[""3"",""RF-01-06-02-1"",""RF-01-06-02-1"",""홈페이지"",""주문조회"",""취소신청"",""Layer popup"",""요청중"",""있음"",""파일요청중"",""(path 공란)"",""작업요청서 기준 실제 HTML 필요""]","RF-01-06-02-1","22","관련 RF 검수표 참조; 개별 원문행 인수 미완료"
"Me9_필요HTML파일_요청서_스토리보드_FileMap_20260809.xlsx","요청서_범위확장","5","[""4"",""RF-01-06-02-2"",""RF-01-06-02-2"",""홈페이지"",""주문조회"",""반품신청"",""Layer popup"",""요청중"",""있음"",""파일요청중"",""(path 공란)"",""작업요청서 기준 실제 HTML 필요""]","RF-01-06-02-2","23","관련 RF 검수표 참조; 개별 원문행 인수 미완료"
"Me9_필요HTML파일_요청서_스토리보드_FileMap_20260809.xlsx","요청서_범위확장","6","[""5"",""RF-01-06-02-3"",""RF-01-06-02-3"",""홈페이지"",""주문조회"",""교환신청"",""Layer popup"",""요청중"",""있음"",""파일요청중"",""(path 공란)"",""작업요청서 기준 실제 HTML 필요""]","RF-01-06-02-3","24","관련 RF 검수표 참조; 개별 원문행 인수 미완료"
"Me9_필요HTML파일_요청서_스토리보드_FileMap_20260809.xlsx","요청서_범위확장","7","[""6"",""RF-01-06-02-4"",""RF-01-06-02-4"",""홈페이지"",""주문조회"",""구매확정하기"",""Layer popup"",""요청중"",""있음"",""파일요청중"",""(path 공란)"",""작업요청서 기준 실제 HTML 필요""]","RF-01-06-02-4","25","관련 RF 검수표 참조; 개별 원문행 인수 미완료"
"Me9_필요HTML파일_요청서_스토리보드_FileMap_20260809.xlsx","요청서_범위확장","8","[""7"",""RF-01-06-02-5"",""RF-01-06-02-5"",""홈페이지"",""주문조회"",""상품 문의하기"",""Layer popup"",""요청중"",""있음"",""파일요청중"",""(path 공란)"",""작업요청서 기준 실제 HTML 필요""]","RF-01-06-02-5","26","관련 RF 검수표 참조; 개별 원문행 인수 미완료"
"Me9_필요HTML파일_요청서_스토리보드_FileMap_20260809.xlsx","요청서_범위확장","9","[""8"",""RF-01-07-02"",""RF-01-07-02"",""홈페이지"",""회원영역"",""간편 회원 약관 동의 페이지"",""Web Page"",""요청중"",""있음"",""파일검수중"",""/homepage/member/social_join.html"",""작업요청서 기준 실제 HTML 필요""]","RF-01-07-02","29","관련 RF 검수표 참조; 개별 원문행 인수 미완료"
"Me9_필요HTML파일_요청서_스토리보드_FileMap_20260809.xlsx","요청서_범위확장","10","[""9"",""RF-01-07-11-1"",""RF-01-07-11-1"",""홈페이지"",""회원영역"",""배송지 설정"",""Layer popup"",""요청중"",""있음"",""파일검수중"",""/homepage/mypage/pop.delivery_destination_register.html"",""작업요청서 기준 실제 HTML 필요""]","RF-01-07-11-1","41","관련 RF 검수표 참조; 개별 원문행 인수 미완료"
"Me9_필요HTML파일_요청서_스토리보드_FileMap_20260809.xlsx","요청서_범위확장","11","[""10"",""RF-01-07-11-3"",""RF-01-07-11-3"",""홈페이지"",""회원영역"",""배송지 수정"",""Layer popup"",""요청중"",""있음"",""파일검수중"",""/homepage/mypage/pop.delivery_destination_update.html"",""작업요청서 기준 실제 HTML 필요""]","RF-01-07-11-3","43","관련 RF 검수표 참조; 개별 원문행 인수 미완료"
"Me9_필요HTML파일_요청서_스토리보드_FileMap_20260809.xlsx","요청서_범위확장","12","[""11"",""RF-01-07-14-1"",""RF-01-07-14-1"",""홈페이지"",""회원영역"",""방문한 채널 화면에서 QR확대 보기"",""Layer popup"",""요청중"",""FileMap 개별행 없음"","""","""",""작업요청서 기준 실제 HTML 필요""]","RF-01-07-14-1","48","관련 RF 검수표 참조; 개별 원문행 인수 미완료"
"Me9_필요HTML파일_요청서_스토리보드_FileMap_20260809.xlsx","요청서_범위확장","13","[""12"",""RF-01-07-15-1"",""RF-01-07-15-1"",""홈페이지"",""회원영역"",""사용가능한 shop채널 보기"",""Layer popup"",""요청중"",""FileMap 개별행 없음"","""","""",""작업요청서 기준 실제 HTML 필요""]","RF-01-07-15-1","50","관련 RF 검수표 참조; 개별 원문행 인수 미완료"
"Me9_필요HTML파일_요청서_스토리보드_FileMap_20260809.xlsx","요청서_범위확장","14","[""13"",""RF-01-07-16-1"",""RF-01-07-16-1"",""홈페이지"",""회원영역"",""장바구니 목록에서 QR확대 보기"",""Layer popup"",""요청중"",""FileMap 개별행 없음"","""","""",""작업요청서 기준 실제 HTML 필요""]","RF-01-07-16-1","53","관련 RF 검수표 참조; 개별 원문행 인수 미완료"
"Me9_필요HTML파일_요청서_스토리보드_FileMap_20260809.xlsx","요청서_범위확장","15","[""14"",""RF-02-04-02-1"",""RF-02-04-02-1"",""채널관리자"",""Shop채널관리"",""공개여부가 비공개시 인원관리 페이지"",""Layer popup"",""요청중"",""FileMap 개별행 없음"","""","""",""작업요청서 기준 실제 HTML 필요""]","RF-02-04-02-1","79","관련 RF 검수표 참조; 개별 원문행 인수 미완료"
"Me9_필요HTML파일_요청서_스토리보드_FileMap_20260809.xlsx","요청서_범위확장","16","[""15"",""RF-02-04-02-2"",""RF-02-04-02-2"",""채널관리자"",""Shop채널관리"",""그룹 keyword 추가할 때의 화면 페이지"",""Web Page"",""요청중"",""FileMap 개별행 없음"","""","""",""작업요청서 기준 실제 HTML 필요""]","RF-02-04-02-2","80","관련 RF 검수표 참조; 개별 원문행 인수 미완료"
"Me9_필요HTML파일_요청서_스토리보드_FileMap_20260809.xlsx","요청서_범위확장","17","[""16"",""RF-02-04-02-3"",""RF-02-04-02-3"",""채널관리자"",""Shop채널관리"",""사용기간 여부를 기간제로 했을 때 화면 페이지"",""Web Page"",""요청중"",""FileMap 개별행 없음"","""","""",""작업요청서 기준 실제 HTML 필요""]","RF-02-04-02-3","82","관련 RF 검수표 참조; 개별 원문행 인수 미완료"
"Me9_필요HTML파일_요청서_스토리보드_FileMap_20260809.xlsx","요청서_범위확장","18","[""17"",""RF-02-04-02-5-2"",""RF-02-04-02-5-2"",""채널관리자"",""Shop채널관리"",""구매현황 문자알림을 사용할 때 화면 페이지"",""Web Page"",""요청중"",""FileMap 개별행 없음"","""","""",""작업요청서 기준 실제 HTML 필요""]","RF-02-04-02-5-2","85","관련 RF 검수표 참조; 개별 원문행 인수 미완료"
"Me9_필요HTML파일_요청서_스토리보드_FileMap_20260809.xlsx","요청서_범위확장","19","[""18"",""RF-02-04-02-6"",""RF-02-04-02-6"",""채널관리자"",""Shop채널관리"",""OG 태그 사용여부가  사용할 때 화면 페이지"",""Web Page"",""요청중"",""FileMap 개별행 없음"","""","""",""작업요청서 기준 실제 HTML 필요""]","RF-02-04-02-6","86","관련 RF 검수표 참조; 개별 원문행 인수 미완료"
"Me9_필요HTML파일_요청서_스토리보드_FileMap_20260809.xlsx","요청서_범위확장","20","[""19"",""RF-02-04-02-6-1"",""RF-02-04-02-6-1"",""채널관리자"",""Shop채널관리"",""Shop 채널 PG 정보를 사용할 때 화면 페이지"",""Web Page"",""요청중"",""FileMap 개별행 없음"","""","""",""작업요청서 기준 실제 HTML 필요""]","RF-02-04-02-6-1","87","관련 RF 검수표 참조; 개별 원문행 인수 미완료"
"Me9_필요HTML파일_요청서_스토리보드_FileMap_20260809.xlsx","요청서_범위확장","21","[""20"",""RF-02-04-02-7"",""RF-02-04-02-7"",""채널관리자"",""Shop채널관리"",""Shop 채널 (모니터링) 관리자 정보를 사용할 때 화면 페이지"",""Web Page"",""요청중"",""FileMap 개별행 없음"","""","""",""작업요청서 기준 실제 HTML 필요""]","RF-02-04-02-7","88","관련 RF 검수표 참조; 개별 원문행 인수 미완료"
"Me9_필요HTML파일_요청서_스토리보드_FileMap_20260809.xlsx","요청서_범위확장","22","[""21"",""RF-02-04-05-3"",""RF-02-04-05-3"",""채널관리자"",""Shop채널관리"",""Shop 채널의 상세페이지에서 판매상품 추가시"",""Layer popup"",""요청중"",""있음"",""파일검수중"",""channel/pop.shop_product_own_add.html"",""작업요청서 기준 실제 HTML 필요""]","RF-02-04-05-3","95","관련 RF 검수표 참조; 개별 원문행 인수 미완료"
"Me9_필요HTML파일_요청서_스토리보드_FileMap_20260809.xlsx","요청서_범위확장","23","[""22"",""RF-02-04-05-5"",""RF-02-04-05-5"",""채널관리자"",""Shop채널관리"",""상품 확인용 popup 페이지"",""Layer popup"",""요청중"",""있음"",""파일검수중"",""channel/pop.shop_product_public_view.html"",""작업요청서 기준 실제 HTML 필요""]","RF-02-04-05-5","97","관련 RF 검수표 참조; 개별 원문행 인수 미완료"
"Me9_필요HTML파일_요청서_스토리보드_FileMap_20260809.xlsx","요청서_범위확장","24","[""23"",""RF-02-04-05-6"",""RF-02-04-05-6"",""채널관리자"",""Shop채널관리"",""상품 추가용 popup 페이지"",""Layer popup"",""요청중"",""있음"",""파일검수중"",""channel/pop.shop_product_public_add.html"",""작업요청서 기준 실제 HTML 필요""]","RF-02-04-05-6","98","관련 RF 검수표 참조; 개별 원문행 인수 미완료"
"Me9_필요HTML파일_요청서_스토리보드_FileMap_20260809.xlsx","요청서_범위확장","25","[""24"",""RF-02-04-05-8"",""RF-02-04-05-8"",""채널관리자"",""Shop채널관리"",""상품 판매 신청용 popup 페이지"",""Layer popup"",""요청중"",""있음"",""파일검수중"",""channel/pop.shop_product_partial_request.html"",""작업요청서 기준 실제 HTML 필요""]","RF-02-04-05-8","100","관련 RF 검수표 참조; 개별 원문행 인수 미완료"
"Me9_필요HTML파일_요청서_스토리보드_FileMap_20260809.xlsx","요청서_범위확장","26","[""25"",""RF-02-05-02-1"",""RF-02-05-02-1"",""채널관리자"",""상품관리"",""상품 대분류 선택시 표시되는 상품 유형별 필수 표시 사항 화면 페이지"",""Web Page"",""요청중"",""FileMap 개별행 없음"","""","""",""작업요청서 기준 실제 HTML 필요""]","RF-02-05-02-1","117","관련 RF 검수표 참조; 개별 원문행 인수 미완료"
"Me9_필요HTML파일_요청서_스토리보드_FileMap_20260809.xlsx","요청서_범위확장","27","[""26"",""RF-02-05-02-2"",""RF-02-05-02-2"",""채널관리자"",""상품관리"",""상품정보 등록타입별 변화되는 화면 페이지"",""Web Page"",""요청중"",""FileMap 개별행 없음"","""","""",""작업요청서 기준 실제 HTML 필요""]","RF-02-05-02-2","118","관련 RF 검수표 참조; 개별 원문행 인수 미완료"
"Me9_필요HTML파일_요청서_스토리보드_FileMap_20260809.xlsx","요청서_범위확장","28","[""27"",""RF-02-05-02-4"",""RF-02-05-02-4"",""채널관리자"",""상품관리"",""상품 옵션 사용에 따라 변화되는 화면 페이지"",""Web Page"",""요청중"",""FileMap 개별행 없음"","""","""",""작업요청서 기준 실제 HTML 필요""]","RF-02-05-02-4","120","관련 RF 검수표 참조; 개별 원문행 인수 미완료"
"Me9_필요HTML파일_요청서_스토리보드_FileMap_20260809.xlsx","요청서_범위확장","29","[""28"",""RF-02-05-02-5"",""RF-02-05-02-5"",""채널관리자"",""상품관리"",""상품 제약 조건에 따라 변화되는 화면 페이지"",""Web Page"",""요청중"",""FileMap 개별행 없음"","""","""",""작업요청서 기준 실제 HTML 필요""]","RF-02-05-02-5","121","관련 RF 검수표 참조; 개별 원문행 인수 미완료"
"Me9_필요HTML파일_요청서_스토리보드_FileMap_20260809.xlsx","요청서_범위확장","30","[""29"",""RF-02-06-01"",""RF-02-06-01"",""채널관리자"",""공동구매"",""공동구매상품 목록 페이지"",""Web Page"",""요청중"",""있음"",""파일요청중"",""(path 공란)"",""작업요청서 기준 실제 HTML 필요""]","RF-02-06-01","128","관련 RF 검수표 참조; 개별 원문행 인수 미완료"
"Me9_필요HTML파일_요청서_스토리보드_FileMap_20260809.xlsx","요청서_범위확장","31","[""30"",""RF-02-06-02"",""RF-02-06-02"",""채널관리자"",""공동구매"",""공동구매상품 등록화면 페이지"",""Web Page"",""요청중"",""있음"",""파일요청중"",""(path 공란)"",""작업요청서 기준 실제 HTML 필요""]","RF-02-06-02","130","관련 RF 검수표 참조; 개별 원문행 인수 미완료"
"Me9_필요HTML파일_요청서_스토리보드_FileMap_20260809.xlsx","요청서_범위확장","32","[""32"",""RF-02-07-03-2"",""RF-02-07-03-2"",""채널관리자"",""주문관리"",""주문 배송정보를 popup 으로 출력되는 화면 페이지"",""Layer popup"",""요청중"",""있음"",""파일검수중"",""channel/pop.order_normal_delivery.html"",""작업요청서 기준 실제 HTML 필요""]","RF-02-07-03-2","144","관련 RF 검수표 참조; 개별 원문행 인수 미완료"
"Me9_필요HTML파일_요청서_스토리보드_FileMap_20260809.xlsx","요청서_범위확장","33","[""33"",""RF-02-07-03-3"",""RF-02-07-03-3"",""채널관리자"",""주문관리"",""반품요청을 처리하는 popup 으로 출력되는 화면 페이지"",""Layer popup"",""요청중"",""있음"",""파일검수중"",""channel/pop.order_normal_return_request.html"",""작업요청서 기준 실제 HTML 필요""]","RF-02-07-03-3","145","관련 RF 검수표 참조; 개별 원문행 인수 미완료"
"Me9_필요HTML파일_요청서_스토리보드_FileMap_20260809.xlsx","요청서_범위확장","34","[""34"",""RF-02-07-03-4"",""RF-02-07-03-4"",""채널관리자"",""주문관리"",""교환요청을 처리하는 popup 으로 출력되는 화면 페이지"",""Layer popup"",""요청중"",""있음"",""파일검수중"",""channel/pop.order_normal_exchange_request.html"",""작업요청서 기준 실제 HTML 필요""]","RF-02-07-03-4","146","관련 RF 검수표 참조; 개별 원문행 인수 미완료"
"Me9_필요HTML파일_요청서_스토리보드_FileMap_20260809.xlsx","요청서_범위확장","35","[""35"",""RF-02-07-03-5"",""RF-02-07-03-5"",""채널관리자"",""주문관리"",""취소요청을 처리하는 popup 으로 출력되는 화면 페이지"",""Layer popup"",""요청중"",""있음"",""파일검수중"",""channel/pop.order_normal_cancel_request.html"",""작업요청서 기준 실제 HTML 필요""]","RF-02-07-03-5","147","관련 RF 검수표 참조; 개별 원문행 인수 미완료"
"Me9_필요HTML파일_요청서_스토리보드_FileMap_20260809.xlsx","요청서_범위확장","36","[""36"",""RF-02-07-05-2"",""RF-02-07-05-2"",""채널관리자"",""주문관리"",""반품보류를 처리하는 popup 으로 출력되는 화면 페이지"",""Layer popup"",""요청중"",""있음"",""파일검수중"",""channel/pop.order_return_request_pending.html"",""작업요청서 기준 실제 HTML 필요""]","RF-02-07-05-2","152","관련 RF 검수표 참조; 개별 원문행 인수 미완료"
"Me9_필요HTML파일_요청서_스토리보드_FileMap_20260809.xlsx","요청서_범위확장","37","[""37"",""RF-02-07-05-3"",""RF-02-07-05-3"",""채널관리자"",""주문관리"",""송장정보 변경을 처리하는 popup 으로 출력되는 화면 페이지"",""Layer popup"",""요청중"",""있음"",""파일검수중"",""channel/pop.order_return_request_invoice.html"",""작업요청서 기준 실제 HTML 필요""]","RF-02-07-05-3","153","관련 RF 검수표 참조; 개별 원문행 인수 미완료"
"Me9_필요HTML파일_요청서_스토리보드_FileMap_20260809.xlsx","요청서_범위확장","38","[""38"",""RF-02-07-06-2"",""RF-02-07-06-2"",""채널관리자"",""주문관리"",""교환회수 전 보류 처리하는 popup 으로 출력되는 화면 페이지"",""Layer popup"",""요청중"",""있음"",""파일검수중"",""channel/pop.order_exchange_request_hold_before.html"",""작업요청서 기준 실제 HTML 필요""]","RF-02-07-06-2","156","관련 RF 검수표 참조; 개별 원문행 인수 미완료"
"Me9_필요HTML파일_요청서_스토리보드_FileMap_20260809.xlsx","요청서_범위확장","39","[""39"",""RF-02-07-06-6"",""RF-02-07-06-6"",""채널관리자"",""주문관리"",""교환회수 후 보류 처리하는 popup 으로 출력되는 화면 페이지"",""Layer popup"",""요청중"",""있음"",""파일검수중"",""channel/pop.order_exchange_request_hold_after.html"",""작업요청서 기준 실제 HTML 필요""]","RF-02-07-06-6","160","관련 RF 검수표 참조; 개별 원문행 인수 미완료"
"Me9_필요HTML파일_요청서_스토리보드_FileMap_20260809.xlsx","요청서_범위확장","40","[""40"",""RF-02-07-06-8"",""RF-02-07-06-8"",""채널관리자"",""주문관리"",""교환 옵션 변경을 처리하는 popup 으로 출력되는 화면 페이지"",""Layer popup"",""요청중"",""있음"",""파일검수중"",""channel/pop.order_exchange_request_option.html"",""작업요청서 기준 실제 HTML 필요""]","RF-02-07-06-8","162","관련 RF 검수표 참조; 개별 원문행 인수 미완료"
"Me9_필요HTML파일_요청서_스토리보드_FileMap_20260809.xlsx","요청서_범위확장","41","[""41"",""RF-02-07-06-9"",""RF-02-07-06-9"",""채널관리자"",""주문관리"",""송장수정을 처리하는 popup 으로 출력되는 화면 페이지"",""Layer popup"",""요청중"",""있음"",""파일검수중"",""channel/pop.order_exchange_request_invoice.html"",""작업요청서 기준 실제 HTML 필요""]","RF-02-07-06-9","163","관련 RF 검수표 참조; 개별 원문행 인수 미완료"
"Me9_필요HTML파일_요청서_스토리보드_FileMap_20260809.xlsx","요청서_범위확장","42","[""42"",""RF-02-08-01"",""RF-02-08-01"",""채널관리자"",""정산관리"",""정산월 선택 전 정산 기본화면 페이지"",""Web Page"",""요청중"",""있음"",""파일요청중"",""(path 공란)"",""작업요청서 기준 실제 HTML 필요""]","RF-02-08-01","168","관련 RF 검수표 참조; 개별 원문행 인수 미완료"
"Me9_필요HTML파일_요청서_스토리보드_FileMap_20260809.xlsx","요청서_범위확장","43","[""43"",""RF-02-08-01-2"",""RF-02-08-01-2"",""채널관리자"",""정산관리"",""정산월 선택 후 정산 기본화면 페이지"",""Web Page"",""요청중"",""FileMap 개별행 없음"","""","""",""작업요청서 기준 실제 HTML 필요""]","RF-02-08-01-2","170","관련 RF 검수표 참조; 개별 원문행 인수 미완료"
"Me9_필요HTML파일_요청서_스토리보드_FileMap_20260809.xlsx","요청서_범위확장","44","[""44"",""RF-03-01-01\n~ RF-03-06-02"",""RF-03-01-01"",""Shop 채널"",""입장 코드 확인"",""입장 코드 확인 페이지"",""Page"",""요청중"",""범위 항목에서 FileMap 개별화"",""파일요청중"",""shop/code_confirm.html"",""작업요청서 기준 실제 HTML 필요""]","RF-03-01-01;RF-03-06-02","211;212;246","관련 RF 검수표 참조; 개별 원문행 인수 미완료"
"Me9_필요HTML파일_요청서_스토리보드_FileMap_20260809.xlsx","요청서_범위확장","45","[""44"",""RF-03-01-01\n~ RF-03-06-02"",""RF-03-01-02"",""Shop 채널"",""로그인"",""로그인 페이지"",""Page"",""요청중"",""범위 항목에서 FileMap 개별화"",""파일요청중"",""shop/login.html"",""작업요청서 기준 실제 HTML 필요""]","RF-03-01-01;RF-03-06-02;RF-03-01-02","211;212;213;246","관련 RF 검수표 참조; 개별 원문행 인수 미완료"
"Me9_필요HTML파일_요청서_스토리보드_FileMap_20260809.xlsx","요청서_범위확장","46","[""44"",""RF-03-01-01\n~ RF-03-06-02"",""RF-03-02-01"",""Shop 채널"",""간편 회원 가입"",""간편 회원 가입 페이지"",""Page"",""요청중"",""범위 항목에서 FileMap 개별화"",""파일요청중"",""shop/social_join.html"",""작업요청서 기준 실제 HTML 필요""]","RF-03-01-01;RF-03-06-02;RF-03-02-01","211;212;215;246","관련 RF 검수표 참조; 개별 원문행 인수 미완료"
"Me9_필요HTML파일_요청서_스토리보드_FileMap_20260809.xlsx","요청서_범위확장","47","[""44"",""RF-03-01-01\n~ RF-03-06-02"",""RF-03-03-01"",""Shop 채널"",""메인"",""메인 페이지"",""Page"",""요청중"",""범위 항목에서 FileMap 개별화"",""파일요청중"",""shop/main.html"",""작업요청서 기준 실제 HTML 필요""]","RF-03-01-01;RF-03-06-02;RF-03-03-01","211;212;217;246","관련 RF 검수표 참조; 개별 원문행 인수 미완료"
"Me9_필요HTML파일_요청서_스토리보드_FileMap_20260809.xlsx","요청서_범위확장","48","[""44"",""RF-03-01-01\n~ RF-03-06-02"",""RF-03-04-01"",""Shop 채널"",""상품 영역 > 일반 상품"",""일반상품 영역 페이지"",""Page"",""요청중"",""범위 항목에서 FileMap 개별화"",""파일요청중"",""shop/product_list.html"",""작업요청서 기준 실제 HTML 필요""]","RF-03-01-01;RF-03-06-02;RF-03-04-01","211;212;219;246","관련 RF 검수표 참조; 개별 원문행 인수 미완료"
"Me9_필요HTML파일_요청서_스토리보드_FileMap_20260809.xlsx","요청서_범위확장","49","[""44"",""RF-03-01-01\n~ RF-03-06-02"",""RF-03-04-02-6"",""Shop 채널"",""공동 구매"",""공동구매 상품 영역 페이지"",""Page"",""요청중"",""범위 항목에서 FileMap 개별화"",""(blank)"",""(path 공란)"",""작업요청서 기준 실제 HTML 필요""]","RF-03-01-01;RF-03-06-02;RF-03-04-02-6","211;212;226;246","관련 RF 검수표 참조; 개별 원문행 인수 미완료"
"Me9_필요HTML파일_요청서_스토리보드_FileMap_20260809.xlsx","요청서_범위확장","50","[""44"",""RF-03-01-01\n~ RF-03-06-02"",""RF-03-04-02"",""Shop 채널"",""상품영역 상세 > 일반상품 상세"",""일반상품 영역 상세 페이지"",""Page"",""요청중"",""범위 항목에서 FileMap 개별화"",""파일요청중"",""shop/product_view.html"",""작업요청서 기준 실제 HTML 필요""]","RF-03-01-01;RF-03-06-02;RF-03-04-02","211;212;220;246","관련 RF 검수표 참조; 개별 원문행 인수 미완료"
"Me9_필요HTML파일_요청서_스토리보드_FileMap_20260809.xlsx","요청서_범위확장","51","[""44"",""RF-03-01-01\n~ RF-03-06-02"",""RF-03-04-02-4"",""Shop 채널"",""상품 문의하기"",""상품 문의하기 페이지"",""Popup"",""요청중"",""범위 항목에서 FileMap 개별화"",""파일요청중"",""shop/pop.product_view_contact_us.html"",""작업요청서 기준 실제 HTML 필요""]","RF-03-01-01;RF-03-06-02;RF-03-04-02-4","211;212;224;246","관련 RF 검수표 참조; 개별 원문행 인수 미완료"
"Me9_필요HTML파일_요청서_스토리보드_FileMap_20260809.xlsx","요청서_범위확장","52","[""44"",""RF-03-01-01\n~ RF-03-06-02"",""RF-03-04-02-7"",""Shop 채널"",""공동구매 상세"",""공동구매 상품 상세 페이지"",""Page"",""요청중"",""범위 항목에서 FileMap 개별화"",""(blank)"",""(path 공란)"",""작업요청서 기준 실제 HTML 필요""]","RF-03-01-01;RF-03-06-02;RF-03-04-02-7","211;212;227;246","관련 RF 검수표 참조; 개별 원문행 인수 미완료"
"Me9_필요HTML파일_요청서_스토리보드_FileMap_20260809.xlsx","요청서_범위확장","53","[""44"",""RF-03-01-01\n~ RF-03-06-02"",""RF-03-04-03"",""Shop 채널"",""장바구니"",""장바구니 페이지"",""Page"",""요청중"",""범위 항목에서 FileMap 개별화"",""파일요청중"",""shop/shopping_basket.html"",""작업요청서 기준 실제 HTML 필요""]","RF-03-01-01;RF-03-06-02;RF-03-04-03","211;212;228;246","관련 RF 검수표 참조; 개별 원문행 인수 미완료"
"Me9_필요HTML파일_요청서_스토리보드_FileMap_20260809.xlsx","요청서_범위확장","54","[""44"",""RF-03-01-01\n~ RF-03-06-02"",""RF-03-04-03"",""Shop 채널"",""옵션 변경"",""옵션 변경 페이지"",""Popup"",""요청중"",""범위 항목에서 FileMap 개별화"",""파일요청중"",""shop/pop.shopping_basket_option.html"",""작업요청서 기준 실제 HTML 필요""]","RF-03-01-01;RF-03-06-02;RF-03-04-03","211;212;228;246","관련 RF 검수표 참조; 개별 원문행 인수 미완료"
"Me9_필요HTML파일_요청서_스토리보드_FileMap_20260809.xlsx","요청서_범위확장","55","[""44"",""RF-03-01-01\n~ RF-03-06-02"",""RF-03-04-03"",""Shop 채널"",""장바구니"",""장바구니 페이지"",""Page"",""요청중"",""범위 항목에서 FileMap 개별화"",""파일요청중"",""shop/shopping_basket.html"",""작업요청서 기준 실제 HTML 필요""]","RF-03-01-01;RF-03-06-02;RF-03-04-03","211;212;228;246","관련 RF 검수표 참조; 개별 원문행 인수 미완료"
"Me9_필요HTML파일_요청서_스토리보드_FileMap_20260809.xlsx","요청서_범위확장","56","[""44"",""RF-03-01-01\n~ RF-03-06-02"",""RF-03-04-03"",""Shop 채널"",""옵션 변경"",""옵션 변경 페이지"",""Popup"",""요청중"",""범위 항목에서 FileMap 개별화"",""파일요청중"",""shop/pop.shopping_basket_option.html"",""작업요청서 기준 실제 HTML 필요""]","RF-03-01-01;RF-03-06-02;RF-03-04-03","211;212;228;246","관련 RF 검수표 참조; 개별 원문행 인수 미완료"
"Me9_필요HTML파일_요청서_스토리보드_FileMap_20260809.xlsx","요청서_범위확장","57","[""44"",""RF-03-01-01\n~ RF-03-06-02"",""RF-03-04-04"",""Shop 채널"",""주문서 작성"",""주문서 작성 페이지"",""Page"",""요청중"",""범위 항목에서 FileMap 개별화"",""파일요청중"",""shop/order_form.html"",""작업요청서 기준 실제 HTML 필요""]","RF-03-01-01;RF-03-06-02;RF-03-04-04","211;212;229;246","관련 RF 검수표 참조; 개별 원문행 인수 미완료"
"Me9_필요HTML파일_요청서_스토리보드_FileMap_20260809.xlsx","요청서_범위확장","58","[""44"",""RF-03-01-01\n~ RF-03-06-02"",""RF-03-04-05"",""Shop 채널"",""주문 완료"",""주문 완료 페이지"",""Page"",""요청중"",""범위 항목에서 FileMap 개별화"",""파일요청중"",""shop/order_completed.html"",""작업요청서 기준 실제 HTML 필요""]","RF-03-01-01;RF-03-06-02;RF-03-04-05","211;212;230;246","관련 RF 검수표 참조; 개별 원문행 인수 미완료"
"Me9_필요HTML파일_요청서_스토리보드_FileMap_20260809.xlsx","요청서_범위확장","59","[""44"",""RF-03-01-01\n~ RF-03-06-02"",""RF-03-04-06"",""Shop 채널"",""구매내역 확인"",""주문 내역 페이지"",""Page"",""요청중"",""범위 항목에서 FileMap 개별화"",""파일요청중"",""shop/purchase_history.html"",""작업요청서 기준 실제 HTML 필요""]","RF-03-01-01;RF-03-06-02;RF-03-04-06","211;212;231;246","관련 RF 검수표 참조; 개별 원문행 인수 미완료"
"Me9_필요HTML파일_요청서_스토리보드_FileMap_20260809.xlsx","요청서_범위확장","60","[""44"",""RF-03-01-01\n~ RF-03-06-02"",""RF-03-05-01"",""Shop 채널"",""주문 영역"",""주문 조회 페이지"",""Page"",""요청중"",""범위 항목에서 FileMap 개별화"",""파일요청중"",""shop/order_confirm.html"",""작업요청서 기준 실제 HTML 필요""]","RF-03-01-01;RF-03-06-02;RF-03-05-01","211;212;233;246","관련 RF 검수표 참조; 개별 원문행 인수 미완료"
"Me9_필요HTML파일_요청서_스토리보드_FileMap_20260809.xlsx","요청서_범위확장","61","[""44"",""RF-03-01-01\n~ RF-03-06-02"",""RF-03-05-02"",""Shop 채널"",""주문 관리 > 주문"",""주문 관리 페이지"",""Page"",""요청중"",""범위 항목에서 FileMap 개별화"",""파일요청중"",""shop/order_details.html"",""작업요청서 기준 실제 HTML 필요""]","RF-03-01-01;RF-03-06-02;RF-03-05-02","211;212;234;246","관련 RF 검수표 참조; 개별 원문행 인수 미완료"
"Me9_필요HTML파일_요청서_스토리보드_FileMap_20260809.xlsx","요청서_범위확장","62","[""44"",""RF-03-01-01\n~ RF-03-06-02"",""RF-03-05-02-1"",""Shop 채널"",""판매자 문의하기"",""판매자 문의하기 페이지"",""Popup"",""요청중"",""범위 항목에서 FileMap 개별화"",""파일요청중"",""shop/pop.order_details_contact_us.html"",""작업요청서 기준 실제 HTML 필요""]","RF-03-01-01;RF-03-06-02;RF-03-05-02-1","211;212;235;246","관련 RF 검수표 참조; 개별 원문행 인수 미완료"
"Me9_필요HTML파일_요청서_스토리보드_FileMap_20260809.xlsx","요청서_범위확장","63","[""44"",""RF-03-01-01\n~ RF-03-06-02"",""RF-03-05-02-2"",""Shop 채널"",""취소 신청"",""취소 신청 페이지"",""Popup"",""요청중"",""범위 항목에서 FileMap 개별화"",""파일요청중"",""shop/pop.order_details_cancel_request.html"",""작업요청서 기준 실제 HTML 필요""]","RF-03-01-01;RF-03-06-02;RF-03-05-02-2","211;212;236;246","관련 RF 검수표 참조; 개별 원문행 인수 미완료"
"Me9_필요HTML파일_요청서_스토리보드_FileMap_20260809.xlsx","요청서_범위확장","64","[""44"",""RF-03-01-01\n~ RF-03-06-02"",""RF-03-05-02-3"",""Shop 채널"",""반품 신청"",""반품 신청 페이지"",""Popup"",""요청중"",""범위 항목에서 FileMap 개별화"",""파일요청중"",""shop/pop.order_details_return_request.html"",""작업요청서 기준 실제 HTML 필요""]","RF-03-01-01;RF-03-06-02;RF-03-05-02-3","211;212;237;246","관련 RF 검수표 참조; 개별 원문행 인수 미완료"
"Me9_필요HTML파일_요청서_스토리보드_FileMap_20260809.xlsx","요청서_범위확장","65","[""44"",""RF-03-01-01\n~ RF-03-06-02"",""RF-03-05-02-4"",""Shop 채널"",""교환 신청"",""교환 신청 페이지"",""Popup"",""요청중"",""범위 항목에서 FileMap 개별화"",""파일요청중"",""shop/pop.order_details_exchange_request.html"",""작업요청서 기준 실제 HTML 필요""]","RF-03-01-01;RF-03-06-02;RF-03-05-02-4","211;212;238;246","관련 RF 검수표 참조; 개별 원문행 인수 미완료"
"Me9_필요HTML파일_요청서_스토리보드_FileMap_20260809.xlsx","요청서_범위확장","66","[""44"",""RF-03-01-01\n~ RF-03-06-02"",""RF-03-05-02-5"",""Shop 채널"",""구매 확정"",""구매 확정 페이지"",""Popup"",""요청중"",""범위 항목에서 FileMap 개별화"",""파일요청중"",""shop/pop.order_details_purchase_confirm.html"",""작업요청서 기준 실제 HTML 필요""]","RF-03-01-01;RF-03-06-02;RF-03-05-02-5","211;212;239;246","관련 RF 검수표 참조; 개별 원문행 인수 미완료"
"Me9_필요HTML파일_요청서_스토리보드_FileMap_20260809.xlsx","요청서_범위확장","67","[""44"",""RF-03-01-01\n~ RF-03-06-02"",""RF-03-05-06"",""Shop 채널"",""주문 상세"",""주문 상세 페이지"",""Page"",""요청중"",""범위 항목에서 FileMap 개별화"",""파일요청중"",""shop/order_details_view.html"",""작업요청서 기준 실제 HTML 필요""]","RF-03-01-01;RF-03-06-02;RF-03-05-06","211;212;243;246","관련 RF 검수표 참조; 개별 원문행 인수 미완료"
"Me9_필요HTML파일_요청서_스토리보드_FileMap_20260809.xlsx","요청서_범위확장","68","[""44"",""RF-03-01-01\n~ RF-03-06-02"",""RF-03-05-03"",""Shop 채널"",""취소"",""취소 주문 목록 페이지"",""Page"",""요청중"",""범위 항목에서 FileMap 개별화"",""파일요청중"",""shop/cancel_details.html"",""작업요청서 기준 실제 HTML 필요""]","RF-03-01-01;RF-03-06-02;RF-03-05-03","211;212;240;246","관련 RF 검수표 참조; 개별 원문행 인수 미완료"
"Me9_필요HTML파일_요청서_스토리보드_FileMap_20260809.xlsx","요청서_범위확장","69","[""44"",""RF-03-01-01\n~ RF-03-06-02"",""RF-03-05-04"",""Shop 채널"",""반품"",""반품 주문 목록 페이지"",""Page"",""요청중"",""범위 항목에서 FileMap 개별화"",""파일요청중"",""shop/return_details.html"",""작업요청서 기준 실제 HTML 필요""]","RF-03-01-01;RF-03-06-02;RF-03-05-04","211;212;241;246","관련 RF 검수표 참조; 개별 원문행 인수 미완료"
"Me9_필요HTML파일_요청서_스토리보드_FileMap_20260809.xlsx","요청서_범위확장","70","[""44"",""RF-03-01-01\n~ RF-03-06-02"",""RF-03-05-05"",""Shop 채널"",""교환"",""교환 주문 목록 페이지"",""Page"",""요청중"",""범위 항목에서 FileMap 개별화"",""파일요청중"",""shop/exchange_details.html"",""작업요청서 기준 실제 HTML 필요""]","RF-03-01-01;RF-03-06-02;RF-03-05-05","211;212;242;246","관련 RF 검수표 참조; 개별 원문행 인수 미완료"
"Me9_필요HTML파일_요청서_스토리보드_FileMap_20260809.xlsx","요청서_범위확장","71","[""44"",""RF-03-01-01\n~ RF-03-06-02"",""RF-03-06-01"",""Shop 채널"",""공지사항 > 공지사항 목록"",""공지사항 목록 페이지"",""Page"",""요청중"",""범위 항목에서 FileMap 개별화"",""파일요청중"",""shop/notice_list.html"",""작업요청서 기준 실제 HTML 필요""]","RF-03-01-01;RF-03-06-02;RF-03-06-01","211;212;245;246","관련 RF 검수표 참조; 개별 원문행 인수 미완료"
"Me9_필요HTML파일_요청서_스토리보드_FileMap_20260809.xlsx","요청서_범위확장","72","[""44"",""RF-03-01-01\n~ RF-03-06-02"",""RF-03-06-02"",""Shop 채널"",""공지사항 상세"",""공지사항 상세 페이지"",""Page"",""요청중"",""범위 항목에서 FileMap 개별화"",""파일요청중"",""shop/notice_view.html"",""작업요청서 기준 실제 HTML 필요""]","RF-03-01-01;RF-03-06-02","211;212;246","관련 RF 검수표 참조; 개별 원문행 인수 미완료"
"Me9_필요HTML파일_요청서_스토리보드_FileMap_20260809.xlsx","요청서_범위확장","73","[""45"",""RF-04-01-01\n~ RF-04-02-02-1"",""RF-04-01-01"",""발주사"",""로그인"",""로그인 페이지"",""Page"",""요청중"",""범위 항목에서 FileMap 개별화"",""파일요청중"",""purchase/login.html"",""작업요청서 기준 실제 HTML 필요""]","RF-04-01-01;RF-04-02-02-1","249;255","관련 RF 검수표 참조; 개별 원문행 인수 미완료"
"Me9_필요HTML파일_요청서_스토리보드_FileMap_20260809.xlsx","요청서_범위확장","74","[""45"",""RF-04-01-01\n~ RF-04-02-02-1"",""RF-04-02-01"",""발주사"",""발주 관리 > 발주 대기"",""발주 대기 목록 페이지"",""Page"",""요청중"",""범위 항목에서 FileMap 개별화"",""파일요청중"",""purchase/waiting_list.html"",""작업요청서 기준 실제 HTML 필요""]","RF-04-01-01;RF-04-02-02-1;RF-04-02-01","249;251;255","관련 RF 검수표 참조; 개별 원문행 인수 미완료"
"Me9_필요HTML파일_요청서_스토리보드_FileMap_20260809.xlsx","요청서_범위확장","75","[""45"",""RF-04-01-01\n~ RF-04-02-02-1"",""RF-04-02-01-1"",""발주사"",""발주 처리"",""발주 처리 페이지"",""Popup"",""요청중"",""범위 항목에서 FileMap 개별화"",""파일요청중"",""purchase/pop.process.html"",""작업요청서 기준 실제 HTML 필요""]","RF-04-01-01;RF-04-02-02-1;RF-04-02-01-1","249;252;255","관련 RF 검수표 참조; 개별 원문행 인수 미완료"
"Me9_필요HTML파일_요청서_스토리보드_FileMap_20260809.xlsx","요청서_범위확장","76","[""45"",""RF-04-01-01\n~ RF-04-02-02-1"",""RF-04-02-01-2"",""발주사"",""보기"",""발주 대기 상세 페이지"",""Popup"",""요청중"",""범위 항목에서 FileMap 개별화"",""파일요청중"",""purchase/pop.waiting_view.html"",""작업요청서 기준 실제 HTML 필요""]","RF-04-01-01;RF-04-02-02-1;RF-04-02-01-2","249;253;255","관련 RF 검수표 참조; 개별 원문행 인수 미완료"
"Me9_필요HTML파일_요청서_스토리보드_FileMap_20260809.xlsx","요청서_범위확장","77","[""45"",""RF-04-01-01\n~ RF-04-02-02-1"",""RF-04-02-01-2"",""발주사"",""수정"",""발주 대기 수정 페이지"",""Popup"",""요청중"",""범위 항목에서 FileMap 개별화"",""파일요청중"",""purchase/pop.waiting_update.html"",""작업요청서 기준 실제 HTML 필요""]","RF-04-01-01;RF-04-02-02-1;RF-04-02-01-2","249;253;255","관련 RF 검수표 참조; 개별 원문행 인수 미완료"
"Me9_필요HTML파일_요청서_스토리보드_FileMap_20260809.xlsx","요청서_범위확장","78","[""45"",""RF-04-01-01\n~ RF-04-02-02-1"",""RF-04-02-01-2"",""발주사"",""보기"",""발주 대기 상세 페이지"",""Popup"",""요청중"",""범위 항목에서 FileMap 개별화"",""파일요청중"",""purchase/pop.waiting_view.html"",""작업요청서 기준 실제 HTML 필요""]","RF-04-01-01;RF-04-02-02-1;RF-04-02-01-2","249;253;255","관련 RF 검수표 참조; 개별 원문행 인수 미완료"
"Me9_필요HTML파일_요청서_스토리보드_FileMap_20260809.xlsx","요청서_범위확장","79","[""45"",""RF-04-01-01\n~ RF-04-02-02-1"",""RF-04-02-01-2"",""발주사"",""수정"",""발주 대기 수정 페이지"",""Popup"",""요청중"",""범위 항목에서 FileMap 개별화"",""파일요청중"",""purchase/pop.waiting_update.html"",""작업요청서 기준 실제 HTML 필요""]","RF-04-01-01;RF-04-02-02-1;RF-04-02-01-2","249;253;255","관련 RF 검수표 참조; 개별 원문행 인수 미완료"
"Me9_필요HTML파일_요청서_스토리보드_FileMap_20260809.xlsx","요청서_범위확장","80","[""45"",""RF-04-01-01\n~ RF-04-02-02-1"",""RF-04-02-02"",""발주사"",""발주 완료"",""발주 완료 목록 페이지"",""Page"",""요청중"",""범위 항목에서 FileMap 개별화"",""파일요청중"",""purchase/completed_list.html"",""작업요청서 기준 실제 HTML 필요""]","RF-04-01-01;RF-04-02-02-1;RF-04-02-02","249;254;255","관련 RF 검수표 참조; 개별 원문행 인수 미완료"
"Me9_필요HTML파일_요청서_스토리보드_FileMap_20260809.xlsx","요청서_범위확장","81","[""45"",""RF-04-01-01\n~ RF-04-02-02-1"",""RF-04-02-02-1"",""발주사"",""보기"",""발주 완료 상세 페이지"",""Popup"",""요청중"",""범위 항목에서 FileMap 개별화"",""파일요청중"",""purchase/pop.completed_view.html"",""작업요청서 기준 실제 HTML 필요""]","RF-04-01-01;RF-04-02-02-1","249;255","관련 RF 검수표 참조; 개별 원문행 인수 미완료"
"Me9_필요HTML파일_요청서_스토리보드_FileMap_20260809.xlsx","요청서_범위확장","82","[""45"",""RF-04-01-01\n~ RF-04-02-02-1"",""RF-04-02-02-1"",""발주사"",""수정"",""발주 완료 수정 페이지"",""Popup"",""요청중"",""범위 항목에서 FileMap 개별화"",""파일요청중"",""purchase/pop.completed_update.html"",""작업요청서 기준 실제 HTML 필요""]","RF-04-01-01;RF-04-02-02-1","249;255","관련 RF 검수표 참조; 개별 원문행 인수 미완료"
"Me9_필요HTML파일_요청서_스토리보드_FileMap_20260809.xlsx","요청서_범위확장","83","[""45"",""RF-04-01-01\n~ RF-04-02-02-1"",""RF-04-02-02-1"",""발주사"",""보기"",""발주 완료 상세 페이지"",""Popup"",""요청중"",""범위 항목에서 FileMap 개별화"",""파일요청중"",""purchase/pop.completed_view.html"",""작업요청서 기준 실제 HTML 필요""]","RF-04-01-01;RF-04-02-02-1","249;255","관련 RF 검수표 참조; 개별 원문행 인수 미완료"
"Me9_필요HTML파일_요청서_스토리보드_FileMap_20260809.xlsx","요청서_범위확장","84","[""45"",""RF-04-01-01\n~ RF-04-02-02-1"",""RF-04-02-02-1"",""발주사"",""수정"",""발주 완료 수정 페이지"",""Popup"",""요청중"",""범위 항목에서 FileMap 개별화"",""파일요청중"",""purchase/pop.completed_update.html"",""작업요청서 기준 실제 HTML 필요""]","RF-04-01-01;RF-04-02-02-1","249;255","관련 RF 검수표 참조; 개별 원문행 인수 미완료"
"Me9_필요HTML파일_요청서_스토리보드_FileMap_20260809.xlsx","FileMap_필요항목","1","[""스토리보드 No"",""웹 영역"",""Depth"",""페이지명"",""페이지 종류"",""Page Path"",""FileMap 상태"",""요청서 포함 여부"",""판단""]","","","자료/수식/목록 행: 개별 검증 미완료"
"Me9_필요HTML파일_요청서_스토리보드_FileMap_20260809.xlsx","FileMap_필요항목","2","[""RF-01-01"",""홈페이지"",""main"",""메인 페이지"",""Page"",""/homepage/main/index.html"",""파일요청중"",""요청서 미포함"",""FileMap 기준 실제 HTML 필요""]","RF-01-01","7","관련 RF 검수표 참조; 개별 원문행 인수 미완료"
"Me9_필요HTML파일_요청서_스토리보드_FileMap_20260809.xlsx","FileMap_필요항목","3","[""RF-01-02"",""2.0"",""서비스안내"",""서비스 안내 페이지"",""Page"",""/homepage/company/service.html"",""파일요청중"",""요청서 미포함"",""FileMap 기준 실제 HTML 필요""]","RF-01-02","9","관련 RF 검수표 참조; 개별 원문행 인수 미완료"
"Me9_필요HTML파일_요청서_스토리보드_FileMap_20260809.xlsx","FileMap_필요항목","4","[""RF-01-03"",""3.0"",""주요기능"",""주요기능 소개 페이지"",""Page"",""/homepage/company/features.html"",""파일요청중"",""요청서 미포함"",""FileMap 기준 실제 HTML 필요""]","RF-01-03","11","관련 RF 검수표 참조; 개별 원문행 인수 미완료"
"Me9_필요HTML파일_요청서_스토리보드_FileMap_20260809.xlsx","FileMap_필요항목","5","[""RF-01-04"",""4.0"",""가입안내"",""가입 안내 페이지"",""Page"",""/homepage/company/subscription_information.html"",""파일요청중"",""요청서 미포함"",""FileMap 기준 실제 HTML 필요""]","RF-01-04","13","관련 RF 검수표 참조; 개별 원문행 인수 미완료"
"Me9_필요HTML파일_요청서_스토리보드_FileMap_20260809.xlsx","FileMap_필요항목","6","[""RF-01-06-01"",""9.0"",""주문확인 > 주문조회"",""주문조회 입력 페이지"",""Page"",""/homepage/order/general_order_confirm.html"",""파일요청중"",""요청서 포함"",""FileMap 기준 실제 HTML 필요""]","RF-01-06-01","20","관련 RF 검수표 참조; 개별 원문행 인수 미완료"
"Me9_필요HTML파일_요청서_스토리보드_FileMap_20260809.xlsx","FileMap_필요항목","7","[""RF-01-06-02"",""10.0"",""주문상세보기"",""주문상세 페이지"",""Page"",""/homepage/order/general_order_detail.html"",""파일요청중"",""요청서 포함"",""FileMap 기준 실제 HTML 필요""]","RF-01-06-02","21","관련 RF 검수표 참조; 개별 원문행 인수 미완료"
"Me9_필요HTML파일_요청서_스토리보드_FileMap_20260809.xlsx","FileMap_필요항목","8","[""RF-01-06-02-1"",""11.0"",""취소 신청"",""취소 신청 페이지"",""Popup"",""(path 공란)"",""파일요청중"",""요청서 포함"",""FileMap 기준 실제 HTML 필요""]","RF-01-06-02-1","22","관련 RF 검수표 참조; 개별 원문행 인수 미완료"
"Me9_필요HTML파일_요청서_스토리보드_FileMap_20260809.xlsx","FileMap_필요항목","9","[""RF-01-06-02-2"",""12.0"",""반품 신청"",""반품 신청 페이지"",""Popup"",""(path 공란)"",""파일요청중"",""요청서 포함"",""FileMap 기준 실제 HTML 필요""]","RF-01-06-02-2","23","관련 RF 검수표 참조; 개별 원문행 인수 미완료"
"Me9_필요HTML파일_요청서_스토리보드_FileMap_20260809.xlsx","FileMap_필요항목","10","[""RF-01-06-02-3"",""13.0"",""교환 신청"",""교환 신청 페이지"",""Popup"",""(path 공란)"",""파일요청중"",""요청서 포함"",""FileMap 기준 실제 HTML 필요""]","RF-01-06-02-3","24","관련 RF 검수표 참조; 개별 원문행 인수 미완료"
"Me9_필요HTML파일_요청서_스토리보드_FileMap_20260809.xlsx","FileMap_필요항목","11","[""RF-01-06-02-4"",""14.0"",""구매 확정"",""구매 확정 페이지"",""Popup"",""(path 공란)"",""파일요청중"",""요청서 포함"",""FileMap 기준 실제 HTML 필요""]","RF-01-06-02-4","25","관련 RF 검수표 참조; 개별 원문행 인수 미완료"
"Me9_필요HTML파일_요청서_스토리보드_FileMap_20260809.xlsx","FileMap_필요항목","12","[""RF-01-06-02-5"",""15.0"",""판매자 문의하기"",""판매자 문의하기 페이지"",""Popup"",""(path 공란)"",""파일요청중"",""요청서 포함"",""FileMap 기준 실제 HTML 필요""]","RF-01-06-02-5","26","관련 RF 검수표 참조; 개별 원문행 인수 미완료"
"Me9_필요HTML파일_요청서_스토리보드_FileMap_20260809.xlsx","FileMap_필요항목","13","[""RF-01-07-04-1"",""22.0"",""비밀번호 변경"",""비밀번호 변경 페이지"",""Popup"",""/homepage/member/pop.pw_update.html"",""파일요청중"",""요청서 미포함"",""FileMap 기준 실제 HTML 필요""]","RF-01-07-04-1","32","관련 RF 검수표 참조; 개별 원문행 인수 미완료"
"Me9_필요HTML파일_요청서_스토리보드_FileMap_20260809.xlsx","FileMap_필요항목","14","[""RF-01-07-09"",""홈페이지\n마이페이지"",""대시보드"",""대시보기 페이지"",""Page"",""/homepage/mypage/dashboard.html"",""파일요청중"",""요청서 미포함"",""FileMap 기준 실제 HTML 필요""]","RF-01-07-09","37","관련 RF 검수표 참조; 개별 원문행 인수 미완료"
"Me9_필요HTML파일_요청서_스토리보드_FileMap_20260809.xlsx","FileMap_필요항목","15","[""RF-01-07-19"",""36.0"",""취소 목록"",""취소 주문 목록 페이지"",""Page"",""/homepage/mypage/order02.html"",""파일요청중"",""요청서 미포함"",""FileMap 기준 실제 HTML 필요""]","RF-01-07-19","61","관련 RF 검수표 참조; 개별 원문행 인수 미완료"
"Me9_필요HTML파일_요청서_스토리보드_FileMap_20260809.xlsx","FileMap_필요항목","16","[""RF-01-07-20"",""37.0"",""반품 목록"",""반품 주문 목록 페이지"",""Page"",""/homepage/mypage/order03.html"",""파일요청중"",""요청서 미포함"",""FileMap 기준 실제 HTML 필요""]","RF-01-07-20","62","관련 RF 검수표 참조; 개별 원문행 인수 미완료"
"Me9_필요HTML파일_요청서_스토리보드_FileMap_20260809.xlsx","FileMap_필요항목","17","[""RF-01-07-21"",""38.0"",""교환 목록"",""교환 주문 목록 페이지"",""Page"",""/homepage/mypage/order04.html"",""파일요청중"",""요청서 미포함"",""FileMap 기준 실제 HTML 필요""]","RF-01-07-21","63","관련 RF 검수표 참조; 개별 원문행 인수 미완료"
"Me9_필요HTML파일_요청서_스토리보드_FileMap_20260809.xlsx","FileMap_필요항목","18","[""RF-01-07-22"",""39.0"",""주문 상세"",""주문 상세 페이지"",""Page"",""(path 공란)"",""파일요청중"",""요청서 미포함"",""FileMap 기준 실제 HTML 필요""]","RF-01-07-22","64","관련 RF 검수표 참조; 개별 원문행 인수 미완료"
"Me9_필요HTML파일_요청서_스토리보드_FileMap_20260809.xlsx","FileMap_필요항목","19","[""RF-01-07-14"",""40.0"",""방문한 채널"",""방문한 채널 페이지"",""Page"",""/homepage/mypage/channel_visited.html"",""파일요청중"",""요청서 미포함"",""FileMap 기준 실제 HTML 필요""]","RF-01-07-14","47","관련 RF 검수표 참조; 개별 원문행 인수 미완료"
"Me9_필요HTML파일_요청서_스토리보드_FileMap_20260809.xlsx","FileMap_필요항목","20","[""RF-01-07-15"",""41.0"",""포인트 관리 > 포인트 현황"",""포인트 현황"",""Page"",""(path 공란)"",""파일요청중"",""요청서 미포함"",""FileMap 기준 실제 HTML 필요""]","RF-01-07-15","49","관련 RF 검수표 참조; 개별 원문행 인수 미완료"
"Me9_필요HTML파일_요청서_스토리보드_FileMap_20260809.xlsx","FileMap_필요항목","21","[""RF-01-07-15-2"",""42.0"",""포인트 이력"",""포인트 관리 페이지"",""Page"",""/homepage/mypage/point.html"",""파일요청중"",""요청서 미포함"",""FileMap 기준 실제 HTML 필요""]","RF-01-07-15-2","51","관련 RF 검수표 참조; 개별 원문행 인수 미완료"
"Me9_필요HTML파일_요청서_스토리보드_FileMap_20260809.xlsx","FileMap_필요항목","22","[""RF-01-07-16"",""43.0"",""장바구니 목록"",""장바구니 목록 페이지"",""Page"",""/homepage/mypage/shopping_basket.html"",""파일요청중"",""요청서 미포함"",""FileMap 기준 실제 HTML 필요""]","RF-01-07-16","52","관련 RF 검수표 참조; 개별 원문행 인수 미완료"
"Me9_필요HTML파일_요청서_스토리보드_FileMap_20260809.xlsx","FileMap_필요항목","23","[""RF-01-07-17"",""44.0"",""찜한 상품 목록"",""찜한 상품 목록 페이지"",""Page"",""/homepage/mypage/wishlist.html"",""파일요청중"",""요청서 미포함"",""FileMap 기준 실제 HTML 필요""]","RF-01-07-17","54","관련 RF 검수표 참조; 개별 원문행 인수 미완료"
"Me9_필요HTML파일_요청서_스토리보드_FileMap_20260809.xlsx","FileMap_필요항목","24","[""RF-02-03-01"",""47.0"",""정보 관리"",""정보 관리 페이지"",""Page"",""(path 공란)"",""파일요청중"",""요청서 미포함"",""FileMap 기준 실제 HTML 필요""]","RF-02-03-01","72","관련 RF 검수표 참조; 개별 원문행 인수 미완료"
"Me9_필요HTML파일_요청서_스토리보드_FileMap_20260809.xlsx","FileMap_필요항목","25","[""RF-02-03-01-1"",""48.0"",""비밀번호 변경"",""비밀번호 변경 페이지"",""Layer"",""(path 공란)"",""파일요청중"",""요청서 미포함"",""FileMap 기준 실제 HTML 필요""]","RF-02-03-01-1","73","관련 RF 검수표 참조; 개별 원문행 인수 미완료"
"Me9_필요HTML파일_요청서_스토리보드_FileMap_20260809.xlsx","FileMap_필요항목","26","[""RF-02-06-01"",""83.0"",""공동구매 관리 > 공동구매 상품 목록"",""공동구매상품 목록 페이지"",""Page"",""(path 공란)"",""파일요청중"",""요청서 포함"",""FileMap 기준 실제 HTML 필요""]","RF-02-06-01","128","관련 RF 검수표 참조; 개별 원문행 인수 미완료"
"Me9_필요HTML파일_요청서_스토리보드_FileMap_20260809.xlsx","FileMap_필요항목","27","[""RF-02-06-02"",""84.0"",""공동구매 상품 등록"",""공동구매상품 등록 페이지"",""Page"",""(path 공란)"",""파일요청중"",""요청서 포함"",""FileMap 기준 실제 HTML 필요""]","RF-02-06-02","130","관련 RF 검수표 참조; 개별 원문행 인수 미완료"
"Me9_필요HTML파일_요청서_스토리보드_FileMap_20260809.xlsx","FileMap_필요항목","28","[""RF-02-06-02-5"",""85.0"",""발주 담당자 찾기"",""발주 담당자 찾기 페이지"",""Popup"",""(path 공란)"",""(상태 공란)"",""요청서 미포함"",""FileMap 기준 실제 HTML 필요""]","RF-02-06-02-5","135","관련 RF 검수표 참조; 개별 원문행 인수 미완료"
"Me9_필요HTML파일_요청서_스토리보드_FileMap_20260809.xlsx","FileMap_필요항목","29","[""RF-02-06-03"",""86.0"",""공동구매 상품 수정"",""공동구매상품 수정 페이지"",""Page"",""(path 공란)"",""(상태 공란)"",""요청서 미포함"",""FileMap 기준 실제 HTML 필요""]","RF-02-06-03","136","관련 RF 검수표 참조; 개별 원문행 인수 미완료"
"Me9_필요HTML파일_요청서_스토리보드_FileMap_20260809.xlsx","FileMap_필요항목","30","[""RF-02-08-01"",""107.0"",""정산 관리 > 정산관리"",""정산 관리 페이지"",""Page"",""(path 공란)"",""파일요청중"",""요청서 포함"",""FileMap 기준 실제 HTML 필요""]","RF-02-08-01","168","관련 RF 검수표 참조; 개별 원문행 인수 미완료"
"Me9_필요HTML파일_요청서_스토리보드_FileMap_20260809.xlsx","FileMap_필요항목","31","[""RF-02-11-01-1"",""117.0"",""환급 요청"",""환급 요청 페이지"",""Layer"",""(path 공란)"",""파일요청중"",""요청서 미포함"",""FileMap 기준 실제 HTML 필요""]","RF-02-11-01-1","190","관련 RF 검수표 참조; 개별 원문행 인수 미완료"
"Me9_필요HTML파일_요청서_스토리보드_FileMap_20260809.xlsx","FileMap_필요항목","32","[""RF-02-11-01-2"",""118.0"",""포인트 구매"",""포인트 구매 페이지"",""Layer"",""(path 공란)"",""파일요청중"",""요청서 미포함"",""FileMap 기준 실제 HTML 필요""]","RF-02-11-01-2","191","관련 RF 검수표 참조; 개별 원문행 인수 미완료"
"Me9_필요HTML파일_요청서_스토리보드_FileMap_20260809.xlsx","FileMap_필요항목","33","[""RF-03-01-01"",""Shop 채널"",""입장 코드 확인"",""입장 코드 확인 페이지"",""Page"",""shop/code_confirm.html"",""파일요청중"",""요청서 포함"",""FileMap 기준 실제 HTML 필요""]","RF-03-01-01","211;212","관련 RF 검수표 참조; 개별 원문행 인수 미완료"
"Me9_필요HTML파일_요청서_스토리보드_FileMap_20260809.xlsx","FileMap_필요항목","34","[""RF-03-01-02"",""128.0"",""로그인"",""로그인 페이지"",""Page"",""shop/login.html"",""파일요청중"",""요청서 포함"",""FileMap 기준 실제 HTML 필요""]","RF-03-01-02","213","관련 RF 검수표 참조; 개별 원문행 인수 미완료"
"Me9_필요HTML파일_요청서_스토리보드_FileMap_20260809.xlsx","FileMap_필요항목","35","[""RF-03-02-01"",""129.0"",""간편 회원 가입"",""간편 회원 가입 페이지"",""Page"",""shop/social_join.html"",""파일요청중"",""요청서 포함"",""FileMap 기준 실제 HTML 필요""]","RF-03-02-01","215","관련 RF 검수표 참조; 개별 원문행 인수 미완료"
"Me9_필요HTML파일_요청서_스토리보드_FileMap_20260809.xlsx","FileMap_필요항목","36","[""RF-03-03-01"",""130.0"",""메인"",""메인 페이지"",""Page"",""shop/main.html"",""파일요청중"",""요청서 포함"",""FileMap 기준 실제 HTML 필요""]","RF-03-03-01","217","관련 RF 검수표 참조; 개별 원문행 인수 미완료"
"Me9_필요HTML파일_요청서_스토리보드_FileMap_20260809.xlsx","FileMap_필요항목","37","[""RF-03-04-01"",""131.0"",""상품 영역 > 일반 상품"",""일반상품 영역 페이지"",""Page"",""shop/product_list.html"",""파일요청중"",""요청서 포함"",""FileMap 기준 실제 HTML 필요""]","RF-03-04-01","219","관련 RF 검수표 참조; 개별 원문행 인수 미완료"
"Me9_필요HTML파일_요청서_스토리보드_FileMap_20260809.xlsx","FileMap_필요항목","38","[""RF-03-04-02-6"",""132.0"",""공동 구매"",""공동구매 상품 영역 페이지"",""Page"",""(path 공란)"",""(상태 공란)"",""요청서 포함"",""FileMap 기준 실제 HTML 필요""]","RF-03-04-02-6","226","관련 RF 검수표 참조; 개별 원문행 인수 미완료"
"Me9_필요HTML파일_요청서_스토리보드_FileMap_20260809.xlsx","FileMap_필요항목","39","[""RF-03-04-02"",""133.0"",""상품영역 상세 > 일반상품 상세"",""일반상품 영역 상세 페이지"",""Page"",""shop/product_view.html"",""파일요청중"",""요청서 포함"",""FileMap 기준 실제 HTML 필요""]","RF-03-04-02","220","관련 RF 검수표 참조; 개별 원문행 인수 미완료"
"Me9_필요HTML파일_요청서_스토리보드_FileMap_20260809.xlsx","FileMap_필요항목","40","[""RF-03-04-02-4"",""134.0"",""상품 문의하기"",""상품 문의하기 페이지"",""Popup"",""shop/pop.product_view_contact_us.html"",""파일요청중"",""요청서 포함"",""FileMap 기준 실제 HTML 필요""]","RF-03-04-02-4","224","관련 RF 검수표 참조; 개별 원문행 인수 미완료"
"Me9_필요HTML파일_요청서_스토리보드_FileMap_20260809.xlsx","FileMap_필요항목","41","[""RF-03-04-02-7"",""135.0"",""공동구매 상세"",""공동구매 상품 상세 페이지"",""Page"",""(path 공란)"",""(상태 공란)"",""요청서 포함"",""FileMap 기준 실제 HTML 필요""]","RF-03-04-02-7","227","관련 RF 검수표 참조; 개별 원문행 인수 미완료"
"Me9_필요HTML파일_요청서_스토리보드_FileMap_20260809.xlsx","FileMap_필요항목","42","[""RF-03-04-03"",""136.0"",""장바구니"",""장바구니 페이지"",""Page"",""shop/shopping_basket.html"",""파일요청중"",""요청서 포함"",""FileMap 기준 실제 HTML 필요""]","RF-03-04-03","228","관련 RF 검수표 참조; 개별 원문행 인수 미완료"
"Me9_필요HTML파일_요청서_스토리보드_FileMap_20260809.xlsx","FileMap_필요항목","43","[""RF-03-04-03"",""137.0"",""옵션 변경"",""옵션 변경 페이지"",""Popup"",""shop/pop.shopping_basket_option.html"",""파일요청중"",""요청서 포함"",""FileMap 기준 실제 HTML 필요""]","RF-03-04-03","228","관련 RF 검수표 참조; 개별 원문행 인수 미완료"
"Me9_필요HTML파일_요청서_스토리보드_FileMap_20260809.xlsx","FileMap_필요항목","44","[""RF-03-04-04"",""138.0"",""주문서 작성"",""주문서 작성 페이지"",""Page"",""shop/order_form.html"",""파일요청중"",""요청서 포함"",""FileMap 기준 실제 HTML 필요""]","RF-03-04-04","229","관련 RF 검수표 참조; 개별 원문행 인수 미완료"
"Me9_필요HTML파일_요청서_스토리보드_FileMap_20260809.xlsx","FileMap_필요항목","45","[""RF-03-04-05"",""139.0"",""주문 완료"",""주문 완료 페이지"",""Page"",""shop/order_completed.html"",""파일요청중"",""요청서 포함"",""FileMap 기준 실제 HTML 필요""]","RF-03-04-05","230","관련 RF 검수표 참조; 개별 원문행 인수 미완료"
"Me9_필요HTML파일_요청서_스토리보드_FileMap_20260809.xlsx","FileMap_필요항목","46","[""RF-03-04-06"",""140.0"",""구매내역 확인"",""주문 내역 페이지"",""Page"",""shop/purchase_history.html"",""파일요청중"",""요청서 포함"",""FileMap 기준 실제 HTML 필요""]","RF-03-04-06","231","관련 RF 검수표 참조; 개별 원문행 인수 미완료"
"Me9_필요HTML파일_요청서_스토리보드_FileMap_20260809.xlsx","FileMap_필요항목","47","[""RF-03-05-01"",""141.0"",""주문 영역"",""주문 조회 페이지"",""Page"",""shop/order_confirm.html"",""파일요청중"",""요청서 포함"",""FileMap 기준 실제 HTML 필요""]","RF-03-05-01","233","관련 RF 검수표 참조; 개별 원문행 인수 미완료"
"Me9_필요HTML파일_요청서_스토리보드_FileMap_20260809.xlsx","FileMap_필요항목","48","[""RF-03-05-02"",""142.0"",""주문 관리 > 주문"",""주문 관리 페이지"",""Page"",""shop/order_details.html"",""파일요청중"",""요청서 포함"",""FileMap 기준 실제 HTML 필요""]","RF-03-05-02","234","관련 RF 검수표 참조; 개별 원문행 인수 미완료"
"Me9_필요HTML파일_요청서_스토리보드_FileMap_20260809.xlsx","FileMap_필요항목","49","[""RF-03-05-02-1"",""143.0"",""판매자 문의하기"",""판매자 문의하기 페이지"",""Popup"",""shop/pop.order_details_contact_us.html"",""파일요청중"",""요청서 포함"",""FileMap 기준 실제 HTML 필요""]","RF-03-05-02-1","235","관련 RF 검수표 참조; 개별 원문행 인수 미완료"
"Me9_필요HTML파일_요청서_스토리보드_FileMap_20260809.xlsx","FileMap_필요항목","50","[""RF-03-05-02-2"",""144.0"",""취소 신청"",""취소 신청 페이지"",""Popup"",""shop/pop.order_details_cancel_request.html"",""파일요청중"",""요청서 포함"",""FileMap 기준 실제 HTML 필요""]","RF-03-05-02-2","236","관련 RF 검수표 참조; 개별 원문행 인수 미완료"
"Me9_필요HTML파일_요청서_스토리보드_FileMap_20260809.xlsx","FileMap_필요항목","51","[""RF-03-05-02-3"",""145.0"",""반품 신청"",""반품 신청 페이지"",""Popup"",""shop/pop.order_details_return_request.html"",""파일요청중"",""요청서 포함"",""FileMap 기준 실제 HTML 필요""]","RF-03-05-02-3","237","관련 RF 검수표 참조; 개별 원문행 인수 미완료"
"Me9_필요HTML파일_요청서_스토리보드_FileMap_20260809.xlsx","FileMap_필요항목","52","[""RF-03-05-02-4"",""146.0"",""교환 신청"",""교환 신청 페이지"",""Popup"",""shop/pop.order_details_exchange_request.html"",""파일요청중"",""요청서 포함"",""FileMap 기준 실제 HTML 필요""]","RF-03-05-02-4","238","관련 RF 검수표 참조; 개별 원문행 인수 미완료"
"Me9_필요HTML파일_요청서_스토리보드_FileMap_20260809.xlsx","FileMap_필요항목","53","[""RF-03-05-02-5"",""147.0"",""구매 확정"",""구매 확정 페이지"",""Popup"",""shop/pop.order_details_purchase_confirm.html"",""파일요청중"",""요청서 포함"",""FileMap 기준 실제 HTML 필요""]","RF-03-05-02-5","239","관련 RF 검수표 참조; 개별 원문행 인수 미완료"
"Me9_필요HTML파일_요청서_스토리보드_FileMap_20260809.xlsx","FileMap_필요항목","54","[""RF-03-05-06"",""148.0"",""주문 상세"",""주문 상세 페이지"",""Page"",""shop/order_details_view.html"",""파일요청중"",""요청서 포함"",""FileMap 기준 실제 HTML 필요""]","RF-03-05-06","243","관련 RF 검수표 참조; 개별 원문행 인수 미완료"
"Me9_필요HTML파일_요청서_스토리보드_FileMap_20260809.xlsx","FileMap_필요항목","55","[""RF-03-05-03"",""149.0"",""취소"",""취소 주문 목록 페이지"",""Page"",""shop/cancel_details.html"",""파일요청중"",""요청서 포함"",""FileMap 기준 실제 HTML 필요""]","RF-03-05-03","240","관련 RF 검수표 참조; 개별 원문행 인수 미완료"
"Me9_필요HTML파일_요청서_스토리보드_FileMap_20260809.xlsx","FileMap_필요항목","56","[""RF-03-05-04"",""150.0"",""반품"",""반품 주문 목록 페이지"",""Page"",""shop/return_details.html"",""파일요청중"",""요청서 포함"",""FileMap 기준 실제 HTML 필요""]","RF-03-05-04","241","관련 RF 검수표 참조; 개별 원문행 인수 미완료"
"Me9_필요HTML파일_요청서_스토리보드_FileMap_20260809.xlsx","FileMap_필요항목","57","[""RF-03-05-05"",""151.0"",""교환"",""교환 주문 목록 페이지"",""Page"",""shop/exchange_details.html"",""파일요청중"",""요청서 포함"",""FileMap 기준 실제 HTML 필요""]","RF-03-05-05","242","관련 RF 검수표 참조; 개별 원문행 인수 미완료"
"Me9_필요HTML파일_요청서_스토리보드_FileMap_20260809.xlsx","FileMap_필요항목","58","[""RF-03-06-01"",""152.0"",""공지사항 > 공지사항 목록"",""공지사항 목록 페이지"",""Page"",""shop/notice_list.html"",""파일요청중"",""요청서 포함"",""FileMap 기준 실제 HTML 필요""]","RF-03-06-01","245","관련 RF 검수표 참조; 개별 원문행 인수 미완료"
"Me9_필요HTML파일_요청서_스토리보드_FileMap_20260809.xlsx","FileMap_필요항목","59","[""RF-03-06-02"",""153.0"",""공지사항 상세"",""공지사항 상세 페이지"",""Page"",""shop/notice_view.html"",""파일요청중"",""요청서 포함"",""FileMap 기준 실제 HTML 필요""]","RF-03-06-02","246","관련 RF 검수표 참조; 개별 원문행 인수 미완료"
"Me9_필요HTML파일_요청서_스토리보드_FileMap_20260809.xlsx","FileMap_필요항목","60","[""RF-04-01-01"",""발주사 페이지"",""로그인"",""로그인 페이지"",""Page"",""purchase/login.html"",""파일요청중"",""요청서 포함"",""FileMap 기준 실제 HTML 필요""]","RF-04-01-01","249","관련 RF 검수표 참조; 개별 원문행 인수 미완료"
"Me9_필요HTML파일_요청서_스토리보드_FileMap_20260809.xlsx","FileMap_필요항목","61","[""RF-04-02-01"",""155.0"",""발주 관리 > 발주 대기"",""발주 대기 목록 페이지"",""Page"",""purchase/waiting_list.html"",""파일요청중"",""요청서 포함"",""FileMap 기준 실제 HTML 필요""]","RF-04-02-01","251","관련 RF 검수표 참조; 개별 원문행 인수 미완료"
"Me9_필요HTML파일_요청서_스토리보드_FileMap_20260809.xlsx","FileMap_필요항목","62","[""RF-04-02-01-1"",""156.0"",""발주 처리"",""발주 처리 페이지"",""Popup"",""purchase/pop.process.html"",""파일요청중"",""요청서 포함"",""FileMap 기준 실제 HTML 필요""]","RF-04-02-01-1","252","관련 RF 검수표 참조; 개별 원문행 인수 미완료"
"Me9_필요HTML파일_요청서_스토리보드_FileMap_20260809.xlsx","FileMap_필요항목","63","[""RF-04-02-01-2"",""157.0"",""보기"",""발주 대기 상세 페이지"",""Popup"",""purchase/pop.waiting_view.html"",""파일요청중"",""요청서 포함"",""FileMap 기준 실제 HTML 필요""]","RF-04-02-01-2","253","관련 RF 검수표 참조; 개별 원문행 인수 미완료"
"Me9_필요HTML파일_요청서_스토리보드_FileMap_20260809.xlsx","FileMap_필요항목","64","[""RF-04-02-01-2"",""158.0"",""수정"",""발주 대기 수정 페이지"",""Popup"",""purchase/pop.waiting_update.html"",""파일요청중"",""요청서 포함"",""FileMap 기준 실제 HTML 필요""]","RF-04-02-01-2","253","관련 RF 검수표 참조; 개별 원문행 인수 미완료"
"Me9_필요HTML파일_요청서_스토리보드_FileMap_20260809.xlsx","FileMap_필요항목","65","[""RF-04-02-02"",""159.0"",""발주 완료"",""발주 완료 목록 페이지"",""Page"",""purchase/completed_list.html"",""파일요청중"",""요청서 포함"",""FileMap 기준 실제 HTML 필요""]","RF-04-02-02","254","관련 RF 검수표 참조; 개별 원문행 인수 미완료"
"Me9_필요HTML파일_요청서_스토리보드_FileMap_20260809.xlsx","FileMap_필요항목","66","[""RF-04-02-02-1"",""160.0"",""보기"",""발주 완료 상세 페이지"",""Popup"",""purchase/pop.completed_view.html"",""파일요청중"",""요청서 포함"",""FileMap 기준 실제 HTML 필요""]","RF-04-02-02-1","255","관련 RF 검수표 참조; 개별 원문행 인수 미완료"
"Me9_필요HTML파일_요청서_스토리보드_FileMap_20260809.xlsx","FileMap_필요항목","67","[""RF-04-02-02-1"",""161.0"",""수정"",""발주 완료 수정 페이지"",""Popup"",""purchase/pop.completed_update.html"",""파일요청중"",""요청서 포함"",""FileMap 기준 실제 HTML 필요""]","RF-04-02-02-1","255","관련 RF 검수표 참조; 개별 원문행 인수 미완료"
"Me9_필요HTML파일_요청서_스토리보드_FileMap_20260809.xlsx","Ver3변경_추가","1","[""스토리보드 No"",""PPT Slide"",""그룹"",""화면명"",""FileMap 상태"",""요청서 상태"",""판단""]","","","자료/수식/목록 행: 개별 검증 미완료"
"Me9_필요HTML파일_요청서_스토리보드_FileMap_20260809.xlsx","Ver3변경_추가","2","[""RF-01-07-10"",""3, 38"",""RF-01-07-10 | 그룹명 | 회원영역"",""마이페이지 | - | 회원정보수정"",""파일검수중"",""요청서 없음"",""Ver3.0 개정/추가 기준으로 실제 HTML 또는 기존 HTML 수정 필요""]","RF-01-07-10","38","관련 RF 검수표 참조; 개별 원문행 인수 미완료"
"Me9_필요HTML파일_요청서_스토리보드_FileMap_20260809.xlsx","Ver3변경_추가","3","[""RF-01-07-15"",""3, 49"",""RF-01-07-15 | 그룹명 | 회원영역"",""포인트 현황"",""파일요청중"",""요청서 없음"",""Ver3.0 개정/추가 기준으로 실제 HTML 또는 기존 HTML 수정 필요""]","RF-01-07-15","49","관련 RF 검수표 참조; 개별 원문행 인수 미완료"
"Me9_필요HTML파일_요청서_스토리보드_FileMap_20260809.xlsx","Ver3변경_추가","4","[""RF-02-03-01"",""3, 38, 72"",""RF-02-03-01 | 그룹명 | 정보 관리"",""정보 관리 화면"",""파일요청중"",""요청서 없음"",""Ver3.0 개정/추가 기준으로 실제 HTML 또는 기존 HTML 수정 필요""]","RF-02-03-01","72","관련 RF 검수표 참조; 개별 원문행 인수 미완료"
"Me9_필요HTML파일_요청서_스토리보드_FileMap_20260809.xlsx","Ver3변경_추가","5","[""RF-02-03-01-1"",""3, 72, 73"",""RF-02-03-01-1 | 그룹명 | 정보 관리"",""정보 관리 화면 | > | 비밀번호 변경"",""파일요청중"",""요청서 없음"",""Ver3.0 개정/추가 기준으로 실제 HTML 또는 기존 HTML 수정 필요""]","RF-02-03-01-1","73","관련 RF 검수표 참조; 개별 원문행 인수 미완료"
"Me9_필요HTML파일_요청서_스토리보드_FileMap_20260809.xlsx","Ver3변경_추가","6","[""RF-02-04-02"",""3, 75, 78"",""RF-02-04-02 | 그룹명 | Shop | 채널관리 | > Shop | 채널등록"",""Shop | 채널 등록화면"",""파일검수중"",""요청서 없음"",""Ver3.0 개정/추가 기준으로 실제 HTML 또는 기존 HTML 수정 필요""]","RF-02-04-02","78","관련 RF 검수표 참조; 개별 원문행 인수 미완료"
"Me9_필요HTML파일_요청서_스토리보드_FileMap_20260809.xlsx","Ver3변경_추가","7","[""RF-02-04-02-1"",""79, 90"",""RF-02-04-03 | 그룹명 | Shop | 채널관리 | > Shop | 채널 상세페이지"",""Shop | 채널 정보 화면"",""FileMap 없음"",""요청서 포함"",""Ver3.0 개정/추가 기준으로 실제 HTML 또는 기존 HTML 수정 필요""]","RF-02-04-02-1;RF-02-04-03","79;90","관련 RF 검수표 참조; 개별 원문행 인수 미완료"
"Me9_필요HTML파일_요청서_스토리보드_FileMap_20260809.xlsx","Ver3변경_추가","8","[""RF-02-04-02-6-1"","""","""","""",""FileMap 없음"",""요청서 포함"",""Ver3.0 개정/추가 기준으로 실제 HTML 또는 기존 HTML 수정 필요""]","RF-02-04-02-6-1","87","관련 RF 검수표 참조; 개별 원문행 인수 미완료"
"Me9_필요HTML파일_요청서_스토리보드_FileMap_20260809.xlsx","Ver3변경_추가","9","[""RF-02-04-02-8"",""3, 89"",""Shop | 채널관리 | > Shop | 채널등록"",""Shop | 채널 | 등록화면 | 컨텐츠 전체 활성화"",""FileMap 없음"",""요청서 없음"",""Ver3.0 개정/추가 기준으로 실제 HTML 또는 기존 HTML 수정 필요""]","RF-02-04-02-8","89","관련 RF 검수표 참조; 개별 원문행 인수 미완료"
"Me9_필요HTML파일_요청서_스토리보드_FileMap_20260809.xlsx","Ver3변경_추가","10","[""RF-02-04-03"",""3, 75, 90"",""RF-02-04-03 | 그룹명 | Shop | 채널관리 | > Shop | 채널 상세페이지"",""Shop | 채널 정보 화면"",""파일검수중"",""요청서 없음"",""Ver3.0 개정/추가 기준으로 실제 HTML 또는 기존 HTML 수정 필요""]","RF-02-04-03","90","관련 RF 검수표 참조; 개별 원문행 인수 미완료"
"Me9_필요HTML파일_요청서_스토리보드_FileMap_20260809.xlsx","Ver3변경_추가","11","[""RF-02-04-04"",""3, 90, 91"",""Shop | 채널관리 | > Shop | 채널 상세페이지 | > | 정보수정"",""Shop | 채널 | 수정화면"",""파일검수중"",""요청서 없음"",""Ver3.0 개정/추가 기준으로 실제 HTML 또는 기존 HTML 수정 필요""]","RF-02-04-04","91","관련 RF 검수표 참조; 개별 원문행 인수 미완료"
"Me9_필요HTML파일_요청서_스토리보드_FileMap_20260809.xlsx","Ver3변경_추가","12","[""RF-02-04-05"",""3, 92"",""RF-02-04-05 | 그룹명 | Shop | 채널관리 | > Shop | 채널 상세페이지"",""판매상품 목록 화면"",""파일검수중"",""요청서 없음"",""Ver3.0 개정/추가 기준으로 실제 HTML 또는 기존 HTML 수정 필요""]","RF-02-04-05","92","관련 RF 검수표 참조; 개별 원문행 인수 미완료"
"Me9_필요HTML파일_요청서_스토리보드_FileMap_20260809.xlsx","Ver3변경_추가","13","[""RF-02-04-05-3"",""3, 95"",""RF-02-04-05-3 | 그룹명 | Shop | 채널관리 | > Shop | 채널 상세페이지"",""판매 상품 추가 | > | 자사 상품 목록 | > | 추가하기"",""파일검수중"",""요청서 포함"",""Ver3.0 개정/추가 기준으로 실제 HTML 또는 기존 HTML 수정 필요""]","RF-02-04-05-3","95","관련 RF 검수표 참조; 개별 원문행 인수 미완료"
"Me9_필요HTML파일_요청서_스토리보드_FileMap_20260809.xlsx","Ver3변경_추가","14","[""RF-02-04-05-4"",""3, 96, 106"",""RF-02-04-07 | 그룹명 | Shop | 채널관리 | > Shop | 채널 상세페이지"",""Shop | 채널 공지사항 상세 보기 화면"",""파일검수중"",""요청서 없음"",""Ver3.0 개정/추가 기준으로 실제 HTML 또는 기존 HTML 수정 필요""]","RF-02-04-05-4;RF-02-04-07","96;106","관련 RF 검수표 참조; 개별 원문행 인수 미완료"
"Me9_필요HTML파일_요청서_스토리보드_FileMap_20260809.xlsx","Ver3변경_추가","15","[""RF-02-04-05-5"",""3, 96, 97"",""Shop | 채널관리 | > Shop | 채널 상세페이지"",""판매 상품 추가 | > | 공유 상품 목록 | > | 보기"",""파일검수중"",""요청서 포함"",""Ver3.0 개정/추가 기준으로 실제 HTML 또는 기존 HTML 수정 필요""]","RF-02-04-05-5","97","관련 RF 검수표 참조; 개별 원문행 인수 미완료"
"Me9_필요HTML파일_요청서_스토리보드_FileMap_20260809.xlsx","Ver3변경_추가","16","[""RF-02-04-05-7"",""3, 99"",""RF-02-04-05-7 | 그룹명 | Shop | 채널관리 | > Shop | 채널 상세페이지"",""판매 상품 추가 | > | 제휴 상품 | 목록"",""파일검수중"",""요청서 없음"",""Ver3.0 개정/추가 기준으로 실제 HTML 또는 기존 HTML 수정 필요""]","RF-02-04-05-7","99","관련 RF 검수표 참조; 개별 원문행 인수 미완료"
"Me9_필요HTML파일_요청서_스토리보드_FileMap_20260809.xlsx","Ver3변경_추가","17","[""RF-02-04-05-9"",""3, 99, 101"",""RF-02-04-05-9 | 그룹명 | Shop | 채널관리 | > Shop | 채널 상세페이지"",""판매 상품 추가 | > | 제휴 상품 | 목록 | > | 추가"",""파일검수중"",""요청서 없음"",""Ver3.0 개정/추가 기준으로 실제 HTML 또는 기존 HTML 수정 필요""]","RF-02-04-05-9","101","관련 RF 검수표 참조; 개별 원문행 인수 미완료"
"Me9_필요HTML파일_요청서_스토리보드_FileMap_20260809.xlsx","Ver3변경_추가","18","[""RF-02-05-02"",""3, 110, 116"",""RF-02-05-02 | 그룹명 | 상품관리 | > | 자사상품관리"",""자사 상품 등록"",""파일검수중"",""요청서 없음"",""Ver3.0 개정/추가 기준으로 실제 HTML 또는 기존 HTML 수정 필요""]","RF-02-05-02","116","관련 RF 검수표 참조; 개별 원문행 인수 미완료"
"Me9_필요HTML파일_요청서_스토리보드_FileMap_20260809.xlsx","Ver3변경_추가","19","[""RF-02-05-02-5"",""3, 121, 171"",""정산 관리"",""정산 관리"",""FileMap 없음"",""요청서 포함"",""Ver3.0 개정/추가 기준으로 실제 HTML 또는 기존 HTML 수정 필요""]","RF-02-05-02-5","121","관련 RF 검수표 참조; 개별 원문행 인수 미완료"
"Me9_필요HTML파일_요청서_스토리보드_FileMap_20260809.xlsx","Ver3변경_추가","20","[""RF-02-07-01"",""3, 128, 138"",""RF-02-07-01 | 그룹명 | 주문관리 | > | 주문목록"",""주문 목록"",""파일검수중"",""요청서 없음"",""Ver3.0 개정/추가 기준으로 실제 HTML 또는 기존 HTML 수정 필요""]","RF-02-07-01","138","관련 RF 검수표 참조; 개별 원문행 인수 미완료"
"Me9_필요HTML파일_요청서_스토리보드_FileMap_20260809.xlsx","Ver3변경_추가","21","[""RF-02-08-01-2"",""3, 170"",""정산 관리"",""정산 관리"",""FileMap 없음"",""요청서 포함"",""Ver3.0 개정/추가 기준으로 실제 HTML 또는 기존 HTML 수정 필요""]","RF-02-08-01-2","170","관련 RF 검수표 참조; 개별 원문행 인수 미완료"
"Me9_필요HTML파일_요청서_스토리보드_FileMap_20260809.xlsx","Ver3변경_추가","22","[""RF-02-08-01-3"",""4, 171"",""정산 관리"",""정산 관리"",""FileMap 없음"",""요청서 없음"",""Ver3.0 개정/추가 기준으로 실제 HTML 또는 기존 HTML 수정 필요""]","RF-02-08-01-3","171","관련 RF 검수표 참조; 개별 원문행 인수 미완료"
"Me9_필요HTML파일_요청서_스토리보드_FileMap_20260809.xlsx","Ver3변경_추가","23","[""RF-02-08-01-4"",""4, 172"",""정산 관리"",""정산 관리"",""FileMap 없음"",""요청서 없음"",""Ver3.0 개정/추가 기준으로 실제 HTML 또는 기존 HTML 수정 필요""]","RF-02-08-01-4","172","관련 RF 검수표 참조; 개별 원문행 인수 미완료"
"Me9_필요HTML파일_요청서_스토리보드_FileMap_20260809.xlsx","Ver3변경_추가","24","[""RF-02-08-02-1"",""4, 173"",""정산 관리"",""정산 관리"",""FileMap 없음"",""요청서 없음"",""Ver3.0 개정/추가 기준으로 실제 HTML 또는 기존 HTML 수정 필요""]","RF-02-08-02-1","173","관련 RF 검수표 참조; 개별 원문행 인수 미완료"
"Me9_필요HTML파일_요청서_스토리보드_FileMap_20260809.xlsx","Ver3변경_추가","25","[""RF-02-08-02-2"",""4, 174"",""정산 관리"",""정산 관리"",""FileMap 없음"",""요청서 없음"",""Ver3.0 개정/추가 기준으로 실제 HTML 또는 기존 HTML 수정 필요""]","RF-02-08-02-2","174","관련 RF 검수표 참조; 개별 원문행 인수 미완료"
"Me9_필요HTML파일_요청서_스토리보드_FileMap_20260809.xlsx","Ver3변경_추가","26","[""RF-02-08-02-3"",""4, 175"",""정산 관리"",""정산 관리"",""FileMap 없음"",""요청서 없음"",""Ver3.0 개정/추가 기준으로 실제 HTML 또는 기존 HTML 수정 필요""]","RF-02-08-02-3","175","관련 RF 검수표 참조; 개별 원문행 인수 미완료"
"Me9_필요HTML파일_요청서_스토리보드_FileMap_20260809.xlsx","Ver3변경_추가","27","[""RF-02-08-02-4"",""4, 176"",""정산 관리"",""정산 관리"",""FileMap 없음"",""요청서 없음"",""Ver3.0 개정/추가 기준으로 실제 HTML 또는 기존 HTML 수정 필요""]","RF-02-08-02-4","176","관련 RF 검수표 참조; 개별 원문행 인수 미완료"
"Me9_필요HTML파일_요청서_스토리보드_FileMap_20260809.xlsx","Codex임시_샘플","1","[""현재 임시/샘플 파일"",""관련 스토리보드 No"",""필요 HTML/Page Path"",""화면명"",""임시 판단 근거"",""처리 방향""]","","","자료/수식/목록 행: 개별 검증 미완료"
"Me9_필요HTML파일_요청서_스토리보드_FileMap_20260809.xlsx","Codex임시_샘플","2","[""resources/views/front/index.blade.php"",""RF-01-01"",""/homepage/main/index.html"",""홈페이지 메인"",""비어 있는 컨테이너/주석만 있음"",""실제 HTML 신규 제작 필요""]","RF-01-01","7","관련 RF 검수표 참조; 개별 원문행 인수 미완료"
"Me9_필요HTML파일_요청서_스토리보드_FileMap_20260809.xlsx","Codex임시_샘플","3","[""resources/views/admin/dashboard.blade.php"",""RF-05-02-01"",""전체관리자 대시보드"",""전체관리자 대시보드"",""하드코딩 숫자/샘플 차트/0000-00-00 데이터"",""실제 HTML 신규 제작 필요""]","RF-05-02-01","260","관련 RF 검수표 참조; 개별 원문행 인수 미완료"
"Me9_필요HTML파일_요청서_스토리보드_FileMap_20260809.xlsx","Codex임시_샘플","4","[""resources/views/master/index.blade.php"",""RF-05-02-01"",""전체관리자 대시보드"",""master 샘플 대시보드"",""샘플 데이터. /master는 admin.dashboard redirect"",""실제 HTML 신규 또는 운영 제외 결정 필요""]","RF-05-02-01","260","관련 RF 검수표 참조; 개별 원문행 인수 미완료"
"Me9_필요HTML파일_요청서_스토리보드_FileMap_20260809.xlsx","Codex임시_샘플","5","[""resources/views/admin/sub/*.blade.php"",""RF-05-02-02~11"",""관리자 디자인 패턴"",""리스트/보기/입력/팝업/레이어/로딩"",""테스트/내용노출/111111 샘플"",""실제 패턴 HTML 신규 제작 필요""]","RF-05-02-02","261","관련 RF 검수표 참조; 개별 원문행 인수 미완료"
"Me9_필요HTML파일_요청서_스토리보드_FileMap_20260809.xlsx","Codex임시_샘플","6","[""resources/views/master/sub*.blade.php"",""RF-05-02-02~11"",""관리자 디자인 패턴"",""master 패턴 샘플"",""테스트/샘플 데이터"",""실제 패턴 HTML 신규 제작 필요""]","RF-05-02-02","261","관련 RF 검수표 참조; 개별 원문행 인수 미완료"
"Me9_필요HTML파일_요청서_스토리보드_FileMap_20260809.xlsx","Codex임시_샘플","7","[""resources/views/shop/sub/*.blade.php"",""RF-03 주문/장바구니 계열"",""shop/*.html"",""Shop 장바구니/주문/취소/반품/교환"",""상품명 111111 등 정적 샘플 및 운영 route 미연결"",""실제 HTML 신규 제작 필요""]","","","자료/수식/목록 행: 개별 검증 미완료"
"Me9_필요HTML파일_요청서_스토리보드_FileMap_20260809.xlsx","Codex임시_샘플","8","[""resources/views/front/cart/index.blade.php"",""기획 직접 매칭 없음"",""legacy cart"",""기존 템플릿 장바구니"",""Shop 채널 흐름과 중복"",""운영 제외 또는 신규 HTML 기준 재정리""]","","","자료/수식/목록 행: 개별 검증 미완료"
"Me9_필요HTML파일_요청서_스토리보드_FileMap_20260809.xlsx","Codex임시_샘플","9","[""resources/views/front/checkout/index.blade.php"",""기획 직접 매칭 없음"",""legacy checkout"",""기존 템플릿 주문"",""Shop 채널 흐름과 중복"",""운영 제외 또는 신규 HTML 기준 재정리""]","","","자료/수식/목록 행: 개별 검증 미완료"
"Me9_필요HTML파일_요청서_스토리보드_FileMap_20260809.xlsx","Codex임시_샘플","10","[""resources/views/front/payment/index.blade.php"",""기획 직접 매칭 없음"",""legacy payment"",""기존 템플릿 결제"",""Shop 채널 흐름과 중복"",""운영 제외 또는 신규 HTML 기준 재정리""]","","","자료/수식/목록 행: 개별 검증 미완료"
"Me9_필요HTML파일_요청서_스토리보드_FileMap_20260809.xlsx","Codex임시_샘플","11","[""resources/views/frontend/index.blade.php, resources/views/welcome.blade.php"",""기획 직접 매칭 없음"",""초기 템플릿"",""Laravel/초기 프론트 템플릿"",""스토리보드 산출물 아님"",""운영 제외 필요""]","","","자료/수식/목록 행: 개별 검증 미완료"
